group,cell,condition,variant,whole_duration_s,support_duration_s,available,cycles,extra_processing_seconds
ewr-08,detached,intact,0,0.1,0.068,1,21.156642158662148,0.000733875
ewr-08,detached,intact,0,0.096,0.064,1,14.917149752760453,0.000370458
ewr-08,detached,intact,0,0.096,0.064,1,11.171279866360582,0.000759334
ewr-08,detached,intact,0,0.068,0.036,1,4.709267969447912,0.000414458
ewr-08,detached,intact,0,0.1,0.068,1,21.16343185810485,0.000246333
ewr-08,detached,intact,0,0.096,0.064,1,14.079872340649333,0.000547375
ewr-08,detached,intact,0,0.092,0.06,1,10.47624042800497,0.000275917
ewr-08,detached,intact,0,0.08,0.048,1,11.187890740708442,0.000536334
ewr-08,detached,intact,0,0.1,0.068,1,21.151704180648707,0.000368041
ewr-08,detached,intact,0,0.096,0.064,1,14.926277723905802,0.000722167
ewr-08,detached,intact,0,0.072,0.04,1,6.984496721239654,0.000372875
ewr-08,detached,intact,1,0.1,0.068,1,21.156642158662148,0.000711542
ewr-08,detached,intact,1,0.096,0.064,1,14.917149752760453,0.000367292
ewr-08,detached,intact,1,0.092,0.06,1,10.476796613809293,0.000753959
ewr-08,detached,intact,1,0.08,0.048,1,11.187905566221605,0.000344208
ewr-08,detached,intact,1,0.1,0.068,1,21.16343185810485,0.000270875
ewr-08,detached,intact,1,0.096,0.064,1,14.079872340649333,0.0005735
ewr-08,detached,intact,1,0.096,0.064,1,11.201043165005782,0.000230333
ewr-08,detached,intact,1,0.068,0.036,1,4.70926684434501,0.000652333
ewr-08,detached,intact,1,0.1,0.068,1,21.151704180648707,0.000380916
ewr-08,detached,intact,1,0.096,0.064,1,14.926277723905802,0.000696166
ewr-08,detached,intact,1,0.072,0.04,1,6.984496721239654,0.00039325
ewr-08,legato,intact,0,0.108,0.076,1,23.64588658162255,0.000622583
ewr-08,legato,intact,0,0.092,0.06,1,13.985120410624491,0.000320416
ewr-08,legato,intact,0,0.092,0.06,1,10.47720184789967,0.000659083
ewr-08,legato,intact,0,0.076,0.044,1,5.756387856840735,0.000320541
ewr-08,legato,intact,0,0.108,0.076,1,23.65335180767949,0.000171083
ewr-08,legato,intact,0,0.088,0.056,1,12.320487459836084,0.000561834
ewr-08,legato,intact,0,0.092,0.06,1,10.477177665752226,0.000307083
ewr-08,legato,intact,0,0.088,0.056,1,13.052876193426622,0.000477042
ewr-08,legato,intact,0,0.104,0.072,1,22.401130870361385,0.000333417
ewr-08,legato,intact,0,0.096,0.064,1,14.91710574829989,0.000638792
ewr-08,legato,intact,0,0.076,0.044,1,7.683694506638771,0.000284
ewr-08,legato,intact,1,0.108,0.076,1,23.64588658162255,0.000651208
ewr-08,legato,intact,1,0.092,0.06,1,13.985120410624491,0.000318292
ewr-08,legato,intact,1,0.092,0.06,1,10.47720184789967,0.0007255
ewr-08,legato,intact,1,0.084,0.052,1,12.120110103354534,0.000241458
ewr-08,legato,intact,1,0.108,0.076,1,23.65335180767949,0.000170583
ewr-08,legato,intact,1,0.088,0.056,1,12.320487459836084,0.000561084
ewr-08,legato,intact,1,0.096,0.064,1,11.17574019502552,0.000229459
ewr-08,legato,intact,1,0.076,0.044,1,5.756381955017843,0.000533209
ewr-08,legato,intact,1,0.104,0.072,1,22.401130870361385,0.000333667
ewr-08,legato,intact,1,0.096,0.064,1,14.91710574829989,0.000676208
ewr-08,legato,intact,1,0.076,0.044,1,7.683694506638771,0.000303125
ewr-08,duration,intact,0,0.108,0.076,1,23.645893847525535,0.000623959
ewr-08,duration,intact,0,0.104,0.072,1,16.782186164524404,0.000210708
ewr-08,duration,intact,0,0.084,0.052,1,9.080384383831174,0.000621709
ewr-08,duration,intact,0,0.076,0.044,1,5.756894509420806,0.000281334
ewr-08,duration,intact,0,0.108,0.076,1,23.64602442426788,0.0008235
ewr-08,duration,intact,0,0.104,0.072,1,15.840290429060778,0.000415209
ewr-08,duration,intact,0,0.084,0.052,1,9.028062850943918,0.0001525
ewr-08,duration,intact,0,0.084,0.052,1,12.120594569497175,0.000372167
ewr-08,duration,intact,0,0.108,0.076,1,23.64594391501387,0.000211084
ewr-08,duration,intact,0,0.108,0.076,1,17.7146224032248,0.000432375
ewr-08,duration,intact,0,0.076,0.044,1,7.683329647972816,0.000719542
ewr-08,duration,intact,1,0.108,0.076,1,23.645893847525535,0.000632584
ewr-08,duration,intact,1,0.104,0.072,1,16.782186164524404,0.000209667
ewr-08,duration,intact,1,0.084,0.052,1,9.080384383831174,0.000662708
ewr-08,duration,intact,1,0.084,0.052,1,12.120153651002214,0.000204833
ewr-08,duration,intact,1,0.108,0.076,1,23.64602442426788,0.000803916
ewr-08,duration,intact,1,0.104,0.072,1,15.840290429060778,0.000378125
ewr-08,duration,intact,1,0.08,0.048,1,8.38121395223498,0.0001915
ewr-08,duration,intact,1,0.076,0.044,1,5.755976640791292,0.000527625
ewr-08,duration,intact,1,0.108,0.076,1,23.64594391501387,0.000228
ewr-08,duration,intact,1,0.108,0.076,1,17.7146224032248,0.000412625
ewr-08,duration,intact,1,0.076,0.044,1,7.683329647972816,0.000705709
ewr-08,joint,intact,0,0.108,0.076,1,23.645893847525535,0.000630375
ewr-08,joint,intact,0,0.104,0.072,1,16.782186164524404,0.000210042
ewr-08,joint,intact,0,0.084,0.052,1,9.080384383831174,0.000624958
ewr-08,joint,intact,0,0.076,0.044,1,5.756894509420806,0.000307959
ewr-08,joint,intact,0,0.108,0.076,1,23.64602442426788,0.000825375
ewr-08,joint,intact,0,0.104,0.072,1,15.840290429060778,0.000369333
ewr-08,joint,intact,0,0.084,0.052,1,9.028062850943918,0.0001495
ewr-08,joint,intact,0,0.084,0.052,1,12.120594569497175,0.000376042
ewr-08,joint,intact,0,0.108,0.076,1,23.645950767106175,0.000212209
ewr-08,joint,intact,0,0.108,0.076,1,17.714649534527812,0.000416042
ewr-08,joint,intact,0,0.076,0.044,1,7.683181361595909,0.000783542
ewr-08,joint,intact,1,0.108,0.076,1,23.645893847525535,0.000611917
ewr-08,joint,intact,1,0.104,0.072,1,16.782186164524404,0.000212209
ewr-08,joint,intact,1,0.084,0.052,1,9.080384383831174,0.000636125
ewr-08,joint,intact,1,0.084,0.052,1,12.120153651002214,0.000196
ewr-08,joint,intact,1,0.108,0.076,1,23.64602442426788,0.000807333
ewr-08,joint,intact,1,0.104,0.072,1,15.840290429060778,0.000390625
ewr-08,joint,intact,1,0.08,0.048,1,8.38121395223498,0.000187291
ewr-08,joint,intact,1,0.076,0.044,1,5.755976640791292,0.000513375
ewr-08,joint,intact,1,0.108,0.076,1,23.645950767106175,0.000208958
ewr-08,joint,intact,1,0.108,0.076,1,17.714649534527812,0.000414541
ewr-08,joint,intact,1,0.076,0.044,1,7.683181361595909,0.000724042
ewr-08,joint,reset,0,0.108,0.076,1,23.645950767106175,0.000206583
ewr-08,joint,reset,0,0.108,0.076,1,17.714649534527812,0.000427208
ewr-08,joint,reset,0,0.076,0.044,1,7.683181361595909,0.000734834
ewr-08,joint,reset,1,0.108,0.076,1,23.645950767106175,0.000207458
ewr-08,joint,reset,1,0.108,0.076,1,17.714649534527812,0.0004395
ewr-08,joint,reset,1,0.076,0.044,1,7.683181361595909,0.000719542
ewr-08,joint,removal,0,0.108,0.076,1,23.645893847525535,0.000633625
ewr-08,joint,removal,0,0.104,0.072,1,16.782186164524404,0.000205458
ewr-08,joint,removal,0,0.064,0.032,1,5.588129987876728,0.000613208
ewr-08,joint,removal,0,0.108,0.076,1,23.64602442426788,0.00079425
ewr-08,joint,removal,0,0.104,0.072,1,15.840290429060778,0.000372917
ewr-08,joint,removal,0,0.064,0.032,1,5.587225119667623,0.000802542
ewr-08,joint,removal,0,0.108,0.076,1,23.645950767106175,0.00021125
ewr-08,joint,removal,0,0.108,0.076,1,17.714649534527812,0.00044275
ewr-08,joint,removal,0,0.076,0.044,1,7.683181361595909,0.000700458
ewr-08,joint,removal,1,0.108,0.076,1,23.645893847525535,0.000614
ewr-08,joint,removal,1,0.104,0.072,1,16.782186164524404,0.000203375
ewr-08,joint,removal,1,0.064,0.032,1,5.588129987876728,0.000622458
ewr-08,joint,removal,1,0.108,0.076,1,23.64602442426788,0.000775791
ewr-08,joint,removal,1,0.104,0.072,1,15.840290429060778,0.000371167
ewr-08,joint,removal,1,0.064,0.032,1,5.587225119667623,0.00083025
ewr-08,joint,removal,1,0.108,0.076,1,23.645950767106175,0.000210042
ewr-08,joint,removal,1,0.108,0.076,1,17.714649534527812,0.000412541
ewr-08,joint,removal,1,0.076,0.044,1,7.683181361595909,0.000718542
ewr-08,joint,swap,0,0.108,0.076,1,23.645893847525535,0.000645708
ewr-08,joint,swap,0,0.104,0.072,1,16.782186164524404,0.000208625
ewr-08,joint,swap,0,0.084,0.052,1,9.080384383831174,0.000678917
ewr-08,joint,swap,0,0.084,0.052,1,12.120153651002214,0.000212
ewr-08,joint,swap,0,0.108,0.076,1,23.64602442426788,0.000834125
ewr-08,joint,swap,0,0.104,0.072,1,15.840290429060778,0.000381375
ewr-08,joint,swap,0,0.08,0.048,1,8.38121395223498,0.000192333
ewr-08,joint,swap,0,0.076,0.044,1,5.755976640791292,0.000511
ewr-08,joint,swap,0,0.108,0.076,1,23.645950767106175,0.000213083
ewr-08,joint,swap,0,0.108,0.076,1,17.714649534527812,0.000422125
ewr-08,joint,swap,0,0.076,0.044,1,7.683181361595909,0.000765042
ewr-08,joint,swap,1,0.108,0.076,1,23.645893847525535,0.000619625
ewr-08,joint,swap,1,0.104,0.072,1,16.782186164524404,0.000208459
ewr-08,joint,swap,1,0.084,0.052,1,9.080384383831174,0.000634333
ewr-08,joint,swap,1,0.076,0.044,1,5.756894509420806,0.000278792
ewr-08,joint,swap,1,0.108,0.076,1,23.64602442426788,0.000784584
ewr-08,joint,swap,1,0.104,0.072,1,15.840290429060778,0.000368292
ewr-08,joint,swap,1,0.084,0.052,1,9.028062850943918,0.000150667
ewr-08,joint,swap,1,0.084,0.052,1,12.120594569497175,0.000375833
ewr-08,joint,swap,1,0.108,0.076,1,23.645950767106175,0.000207209
ewr-08,joint,swap,1,0.108,0.076,1,17.714649534527812,0.000403375
ewr-08,joint,swap,1,0.076,0.044,1,7.683181361595909,0.00069425
ewr-08,joint,shuffle,0,0.108,0.076,1,23.645893847525535,0.0006105
ewr-08,joint,shuffle,0,0.104,0.072,1,15.839916087605683,0.0002035
ewr-08,joint,shuffle,0,0.084,0.052,1,9.080384383831174,0.000681375
ewr-08,joint,shuffle,0,0.084,0.052,1,12.120153651002214,0.000193
ewr-08,joint,shuffle,0,0.108,0.076,1,23.64602442426788,0.000786625
ewr-08,joint,shuffle,0,0.1,0.068,1,15.84955794096343,0.000411375
ewr-08,joint,shuffle,0,0.084,0.052,1,9.08027225560784,0.000189417
ewr-08,joint,shuffle,0,0.076,0.044,1,5.755976640791292,0.000502833
ewr-08,joint,shuffle,0,0.108,0.076,1,23.645950767106175,0.000210791
ewr-08,joint,shuffle,0,0.108,0.076,1,17.714649534527812,0.000420959
ewr-08,joint,shuffle,0,0.076,0.044,1,7.683181361595909,0.000783083
ewr-08,joint,shuffle,1,0.108,0.076,1,23.645893847525535,0.000608666
ewr-08,joint,shuffle,1,0.104,0.072,1,15.839916087605683,0.000203291
ewr-08,joint,shuffle,1,0.084,0.052,1,9.080384383831174,0.000599625
ewr-08,joint,shuffle,1,0.076,0.044,1,5.756894509420806,0.000272958
ewr-08,joint,shuffle,1,0.108,0.076,1,23.64602442426788,0.000773166
ewr-08,joint,shuffle,1,0.1,0.068,1,15.84955794096343,0.000401209
ewr-08,joint,shuffle,1,0.088,0.056,1,9.730516578593388,0.000161584
ewr-08,joint,shuffle,1,0.084,0.052,1,12.120594569497175,0.000384334
ewr-08,joint,shuffle,1,0.108,0.076,1,23.645950767106175,0.000206666
ewr-08,joint,shuffle,1,0.108,0.076,1,17.714649534527812,0.000403625
ewr-08,joint,shuffle,1,0.076,0.044,1,7.683181361595909,0.000698666
ewr-08,joint,ambiguous,0,0.108,0.076,1,23.645893847525535,0.000622791
ewr-08,joint,ambiguous,0,0.104,0.072,1,16.782186164524404,0.000206
ewr-08,joint,ambiguous,0,0.084,0.052,1,9.080384383831174,0.000648792
ewr-08,joint,ambiguous,0,0.076,0.044,1,5.756894509420806,0.000288833
ewr-08,joint,ambiguous,0,0.108,0.076,1,23.64602442426788,0.000779791
ewr-08,joint,ambiguous,0,0.1,0.068,1,15.84955794096343,0.000405416
ewr-08,joint,ambiguous,0,0.088,0.056,1,9.730516578593388,0.000150834
ewr-08,joint,ambiguous,0,0.084,0.052,1,12.120594569497175,0.000365625
ewr-08,joint,ambiguous,0,0.108,0.076,1,23.645950767106175,0.000210083
ewr-08,joint,ambiguous,0,0.108,0.076,1,17.714649534527812,0.00041125
ewr-08,joint,ambiguous,0,0.076,0.044,1,7.683181361595909,0.0007385
ewr-08,joint,ambiguous,1,0.108,0.076,1,23.645893847525535,0.000625
ewr-08,joint,ambiguous,1,0.104,0.072,1,16.782186164524404,0.000218583
ewr-08,joint,ambiguous,1,0.084,0.052,1,9.080384383831174,0.000614667
ewr-08,joint,ambiguous,1,0.076,0.044,1,5.756894509420806,0.000281584
ewr-08,joint,ambiguous,1,0.108,0.076,1,23.64602442426788,0.000797875
ewr-08,joint,ambiguous,1,0.1,0.068,1,15.84955794096343,0.000416125
ewr-08,joint,ambiguous,1,0.088,0.056,1,9.730516578593388,0.000156125
ewr-08,joint,ambiguous,1,0.084,0.052,1,12.120594569497175,0.000395666
ewr-08,joint,ambiguous,1,0.108,0.076,1,23.645950767106175,0.000214875
ewr-08,joint,ambiguous,1,0.108,0.076,1,17.714649534527812,0.000419875
ewr-08,joint,ambiguous,1,0.076,0.044,1,7.683181361595909,0.000732834
ewr-09,detached,intact,0,0.1,0.068,1,21.156685020079458,0.000813625
ewr-09,detached,intact,0,0.096,0.064,1,25.08706284113334,0.000397042
ewr-09,detached,intact,0,0.092,0.06,1,37.33346887975691,0.000865042
ewr-09,detached,intact,0,0.092,0.06,1,47.042734191160605,0.000217083
ewr-09,detached,intact,0,0.1,0.068,1,21.15660573835594,0.00025775
ewr-09,detached,intact,0,0.096,0.064,1,28.16039790477544,0.000657417
ewr-09,detached,intact,0,0.092,0.06,1,37.334288610734745,0.000307167
ewr-09,detached,intact,0,0.088,0.056,1,27.65764096774425,0.0004705
ewr-09,detached,intact,0,0.1,0.068,1,21.15672682466112,0.000432084
ewr-09,detached,intact,0,0.096,0.064,1,28.160140076595308,0.0007845
ewr-09,detached,intact,0,0.088,0.056,1,34.844352377883,0.00021
ewr-09,detached,intact,1,0.1,0.068,1,21.156685020079458,0.000740083
ewr-09,detached,intact,1,0.096,0.064,1,25.08706284113334,0.000408625
ewr-09,detached,intact,1,0.092,0.06,1,37.33346887975691,0.0008235
ewr-09,detached,intact,1,0.088,0.056,1,27.658023926767445,0.000251833
ewr-09,detached,intact,1,0.1,0.068,1,21.15660573835594,0.000257666
ewr-09,detached,intact,1,0.096,0.064,1,28.16039790477544,0.000646084
ewr-09,detached,intact,1,0.092,0.06,1,37.334288610734745,0.000325083
ewr-09,detached,intact,1,0.092,0.06,1,47.04238107915232,0.00043575
ewr-09,detached,intact,1,0.1,0.068,1,21.15672682466112,0.000423292
ewr-09,detached,intact,1,0.096,0.064,1,28.160140076595308,0.000824208
ewr-09,detached,intact,1,0.088,0.056,1,34.844352377883,0.000213083
ewr-09,legato,intact,0,0.096,0.064,1,19.91205760847025,0.000738667
ewr-09,legato,intact,0,0.104,0.072,1,28.22322094204023,0.000311083
ewr-09,legato,intact,0,0.084,0.052,1,32.355350965917154,0.000877958
ewr-09,legato,intact,0,0.1,0.068,1,53.31493963556805,0.000993416
ewr-09,legato,intact,0,0.104,0.072,1,22.401138156139712,0.000231125
ewr-09,legato,intact,0,0.1,0.068,1,29.919846109644844,0.0005555
ewr-09,legato,intact,0,0.088,0.056,1,34.84565524675028,0.000298917
ewr-09,legato,intact,0,0.092,0.06,1,29.633101743957344,0.000387708
ewr-09,legato,intact,0,0.104,0.072,1,22.401126137333577,0.000347208
ewr-09,legato,intact,0,0.1,0.068,1,29.920851812252096,0.000711125
ewr-09,legato,intact,0,0.088,0.056,1,34.84424544921209,0.000834167
ewr-09,legato,intact,1,0.096,0.064,1,19.91205760847025,0.000729125
ewr-09,legato,intact,1,0.104,0.072,1,28.22322094204023,0.000315916
ewr-09,legato,intact,1,0.088,0.056,1,34.84433756863392,0.000797708
ewr-09,legato,intact,1,0.092,0.06,1,29.633894565404013,0.000168416
ewr-09,legato,intact,1,0.104,0.072,1,22.401138156139712,0.000236125
ewr-09,legato,intact,1,0.1,0.068,1,29.919846109644844,0.000569084
ewr-09,legato,intact,1,0.084,0.052,1,32.356777650838815,0.000339708
ewr-09,legato,intact,1,0.1,0.068,1,53.31384685390706,0.000382125
ewr-09,legato,intact,1,0.104,0.072,1,22.401126137333577,0.000363541
ewr-09,legato,intact,1,0.1,0.068,1,29.920851812252096,0.000712292
ewr-09,legato,intact,1,0.088,0.056,1,34.84424544921209,0.000844416
ewr-09,duration,intact,0,0.104,0.072,1,22.401051774305003,0.000646791
ewr-09,duration,intact,0,0.104,0.072,1,28.223801770076133,0.000221375
ewr-09,duration,intact,0,0.08,0.048,1,29.86779842585768,0.000820916
ewr-09,duration,intact,0,0.1,0.068,1,53.31353838478951,0.000906875
ewr-09,duration,intact,0,0.108,0.076,1,23.645598193756733,0.000831334
ewr-09,duration,intact,0,0.104,0.072,1,31.680397535978305,0.000422041
ewr-09,duration,intact,0,0.08,0.048,1,29.867737189367023,0.000210292
ewr-09,duration,intact,0,0.096,0.064,1,31.609133708385894,0.000290458
ewr-09,duration,intact,0,0.112,0.08,1,24.890455570699647,0.000168708
ewr-09,duration,intact,0,0.108,0.076,1,33.440190819857186,0.000410709
ewr-09,duration,intact,0,0.088,0.056,1,34.844728506585405,0.000559667
ewr-09,duration,intact,1,0.104,0.072,1,22.401051774305003,0.000661458
ewr-09,duration,intact,1,0.104,0.072,1,28.223801770076133,0.000218417
ewr-09,duration,intact,1,0.08,0.048,1,29.86779842585768,0.000796166
ewr-09,duration,intact,1,0.096,0.064,1,31.609266851584007,0.000934167
ewr-09,duration,intact,1,0.108,0.076,1,23.645598193756733,0.000856666
ewr-09,duration,intact,1,0.104,0.072,1,31.680397535978305,0.000431542
ewr-09,duration,intact,1,0.08,0.048,1,29.867737189367023,0.000234959
ewr-09,duration,intact,1,0.1,0.068,1,53.313521483387056,0.000276167
ewr-09,duration,intact,1,0.112,0.08,1,24.890455570699647,0.000169459
ewr-09,duration,intact,1,0.108,0.076,1,33.440190819857186,0.000413083
ewr-09,duration,intact,1,0.088,0.056,1,34.844728506585405,0.000553125
ewr-09,joint,intact,0,0.104,0.072,1,22.401051774305003,0.000680583
ewr-09,joint,intact,0,0.104,0.072,1,28.223801770076133,0.000223375
ewr-09,joint,intact,0,0.08,0.048,1,29.86779842585768,0.000831417
ewr-09,joint,intact,0,0.1,0.068,1,53.31353838478951,0.00092675
ewr-09,joint,intact,0,0.108,0.076,1,23.645598193756733,0.000866917
ewr-09,joint,intact,0,0.104,0.072,1,31.680397535978305,0.000417667
ewr-09,joint,intact,0,0.08,0.048,1,29.867737189367023,0.000210333
ewr-09,joint,intact,0,0.096,0.064,1,31.609133708385894,0.000294125
ewr-09,joint,intact,0,0.112,0.08,1,24.890455570699647,0.000166875
ewr-09,joint,intact,0,0.108,0.076,1,33.440190819857186,0.00043475
ewr-09,joint,intact,0,0.088,0.056,1,34.844728506585405,0.000575875
ewr-09,joint,intact,1,0.104,0.072,1,22.401051774305003,0.000703875
ewr-09,joint,intact,1,0.104,0.072,1,28.223801770076133,0.000218417
ewr-09,joint,intact,1,0.08,0.048,1,29.86779842585768,0.000785083
ewr-09,joint,intact,1,0.096,0.064,1,31.609266851584007,0.000926209
ewr-09,joint,intact,1,0.108,0.076,1,23.645598193756733,0.000841083
ewr-09,joint,intact,1,0.104,0.072,1,31.680397535978305,0.000412
ewr-09,joint,intact,1,0.08,0.048,1,29.867737189367023,0.000212625
ewr-09,joint,intact,1,0.1,0.068,1,53.313521483387056,0.000274209
ewr-09,joint,intact,1,0.112,0.08,1,24.890455570699647,0.000181375
ewr-09,joint,intact,1,0.108,0.076,1,33.440190819857186,0.000457167
ewr-09,joint,intact,1,0.088,0.056,1,34.844728506585405,0.000574792
ewr-09,joint,reset,0,0.112,0.08,1,24.890455570699647,0.00016725
ewr-09,joint,reset,0,0.108,0.076,1,33.440190819857186,0.000416292
ewr-09,joint,reset,0,0.088,0.056,1,34.844728506585405,0.00058325
ewr-09,joint,reset,1,0.112,0.08,1,24.890455570699647,0.000171792
ewr-09,joint,reset,1,0.108,0.076,1,33.440190819857186,0.000431709
ewr-09,joint,reset,1,0.088,0.056,1,34.844728506585405,0.000575
ewr-09,joint,removal,0,0.104,0.072,1,22.401051774305003,0.000692125
ewr-09,joint,removal,0,0.104,0.072,1,28.223801770076133,0.000225583
ewr-09,joint,removal,0,0.08,0.048,1,29.86779842585768,0.000495542
ewr-09,joint,removal,0,0.108,0.076,1,23.645598193756733,0.000855125
ewr-09,joint,removal,0,0.104,0.072,1,31.680397535978305,0.000418292
ewr-09,joint,removal,0,0.08,0.048,1,29.867737189367023,0.000660333
ewr-09,joint,removal,0,0.112,0.08,1,24.890455570699647,0.000179083
ewr-09,joint,removal,0,0.108,0.076,1,33.440190819857186,0.000472625
ewr-09,joint,removal,0,0.088,0.056,1,34.844728506585405,0.000632333
ewr-09,joint,removal,1,0.104,0.072,1,22.401051774305003,0.000648208
ewr-09,joint,removal,1,0.104,0.072,1,28.223801770076133,0.0002235
ewr-09,joint,removal,1,0.08,0.048,1,29.86779842585768,0.000472292
ewr-09,joint,removal,1,0.108,0.076,1,23.645598193756733,0.000861584
ewr-09,joint,removal,1,0.104,0.072,1,31.680397535978305,0.000426041
ewr-09,joint,removal,1,0.08,0.048,1,29.867737189367023,0.000698125
ewr-09,joint,removal,1,0.112,0.08,1,24.890455570699647,0.000166458
ewr-09,joint,removal,1,0.108,0.076,1,33.440190819857186,0.000426458
ewr-09,joint,removal,1,0.088,0.056,1,34.844728506585405,0.000561417
ewr-09,joint,swap,0,0.104,0.072,1,22.401051774305003,0.000730917
ewr-09,joint,swap,0,0.104,0.072,1,28.223801770076133,0.000223583
ewr-09,joint,swap,0,0.08,0.048,1,29.86779842585768,0.00076625
ewr-09,joint,swap,0,0.096,0.064,1,31.609266851584007,0.00091125
ewr-09,joint,swap,0,0.108,0.076,1,23.645598193756733,0.000827417
ewr-09,joint,swap,0,0.104,0.072,1,31.680397535978305,0.000420458
ewr-09,joint,swap,0,0.08,0.048,1,29.867737189367023,0.000217084
ewr-09,joint,swap,0,0.1,0.068,1,53.313521483387056,0.000269125
ewr-09,joint,swap,0,0.112,0.08,1,24.890455570699647,0.000188542
ewr-09,joint,swap,0,0.108,0.076,1,33.440190819857186,0.000414083
ewr-09,joint,swap,0,0.088,0.056,1,34.844728506585405,0.000564417
ewr-09,joint,swap,1,0.104,0.072,1,22.401051774305003,0.000668667
ewr-09,joint,swap,1,0.104,0.072,1,28.223801770076133,0.000220958
ewr-09,joint,swap,1,0.08,0.048,1,29.86779842585768,0.000869292
ewr-09,joint,swap,1,0.1,0.068,1,53.31353838478951,0.00093775
ewr-09,joint,swap,1,0.108,0.076,1,23.645598193756733,0.000898625
ewr-09,joint,swap,1,0.104,0.072,1,31.680397535978305,0.000422042
ewr-09,joint,swap,1,0.08,0.048,1,29.867737189367023,0.000212959
ewr-09,joint,swap,1,0.096,0.064,1,31.609133708385894,0.000298791
ewr-09,joint,swap,1,0.112,0.08,1,24.890455570699647,0.000170708
ewr-09,joint,swap,1,0.108,0.076,1,33.440190819857186,0.00042775
ewr-09,joint,swap,1,0.088,0.056,1,34.844728506585405,0.000586083
ewr-09,joint,shuffle,0,0.104,0.072,1,22.401051774305003,0.000659709
ewr-09,joint,shuffle,0,0.104,0.072,1,31.680354351110182,0.000220334
ewr-09,joint,shuffle,0,0.08,0.048,1,29.86779842585768,0.000784625
ewr-09,joint,shuffle,0,0.096,0.064,1,31.609266851584007,0.000939333
ewr-09,joint,shuffle,0,0.108,0.076,1,23.645598193756733,0.000882709
ewr-09,joint,shuffle,0,0.104,0.072,1,28.22321724001693,0.000438083
ewr-09,joint,shuffle,0,0.08,0.048,1,29.867737189367023,0.000215833
ewr-09,joint,shuffle,0,0.1,0.068,1,53.313521483387056,0.00027675
ewr-09,joint,shuffle,0,0.112,0.08,1,24.890455570699647,0.000169542
ewr-09,joint,shuffle,0,0.108,0.076,1,33.440190819857186,0.000420083
ewr-09,joint,shuffle,0,0.088,0.056,1,34.844728506585405,0.000575625
ewr-09,joint,shuffle,1,0.104,0.072,1,22.401051774305003,0.000772208
ewr-09,joint,shuffle,1,0.104,0.072,1,31.680354351110182,0.000222292
ewr-09,joint,shuffle,1,0.08,0.048,1,29.86779842585768,0.000834
ewr-09,joint,shuffle,1,0.1,0.068,1,53.31353838478951,0.000927458
ewr-09,joint,shuffle,1,0.108,0.076,1,23.645598193756733,0.00083475
ewr-09,joint,shuffle,1,0.104,0.072,1,28.22321724001693,0.000414958
ewr-09,joint,shuffle,1,0.08,0.048,1,29.867737189367023,0.000210417
ewr-09,joint,shuffle,1,0.096,0.064,1,31.609133708385894,0.000331
ewr-09,joint,shuffle,1,0.112,0.08,1,24.890455570699647,0.000190666
ewr-09,joint,shuffle,1,0.108,0.076,1,33.440190819857186,0.000422125
ewr-09,joint,shuffle,1,0.088,0.056,1,34.844728506585405,0.000576583
ewr-09,joint,ambiguous,0,0.104,0.072,1,22.401051774305003,0.000697833
ewr-09,joint,ambiguous,0,0.104,0.072,1,31.680354351110182,0.000259792
ewr-09,joint,ambiguous,0,0.08,0.048,1,29.86779842585768,0.00083725
ewr-09,joint,ambiguous,0,0.1,0.068,1,53.31353838478951,0.000923792
ewr-09,joint,ambiguous,0,0.108,0.076,1,23.645598193756733,0.000858792
ewr-09,joint,ambiguous,0,0.104,0.072,1,31.680397535978305,0.000419125
ewr-09,joint,ambiguous,0,0.08,0.048,1,29.867737189367023,0.000211292
ewr-09,joint,ambiguous,0,0.096,0.064,1,31.609133708385894,0.0002975
ewr-09,joint,ambiguous,0,0.112,0.08,1,24.890455570699647,0.000168667
ewr-09,joint,ambiguous,0,0.108,0.076,1,33.440190819857186,0.000449041
ewr-09,joint,ambiguous,0,0.088,0.056,1,34.844728506585405,0.000621042
ewr-09,joint,ambiguous,1,0.104,0.072,1,22.401051774305003,0.000670625
ewr-09,joint,ambiguous,1,0.104,0.072,1,31.680354351110182,0.000221542
ewr-09,joint,ambiguous,1,0.08,0.048,1,29.86779842585768,0.000834875
ewr-09,joint,ambiguous,1,0.1,0.068,1,53.31353838478951,0.000977959
ewr-09,joint,ambiguous,1,0.108,0.076,1,23.645598193756733,0.000951875
ewr-09,joint,ambiguous,1,0.104,0.072,1,31.680397535978305,0.000417042
ewr-09,joint,ambiguous,1,0.08,0.048,1,29.867737189367023,0.000213666
ewr-09,joint,ambiguous,1,0.096,0.064,1,31.609133708385894,0.000299125
ewr-09,joint,ambiguous,1,0.112,0.08,1,24.890455570699647,0.000170584
ewr-09,joint,ambiguous,1,0.108,0.076,1,33.440190819857186,0.000420041
ewr-09,joint,ambiguous,1,0.088,0.056,1,34.844728506585405,0.00059375
ewr-10,detached,intact,0,0.104,0.072,1,44.800803124106736,0.000806708
ewr-10,detached,intact,0,0.096,0.064,1,31.609046050240448,0.00039925
ewr-10,detached,intact,0,0.092,0.06,1,23.519387243066216,0.000830875
ewr-10,detached,intact,0,0.088,0.056,1,26.10598344928509,0.000256083
ewr-10,detached,intact,0,0.104,0.072,1,44.8006032964442,0.000287459
ewr-10,detached,intact,0,0.092,0.06,1,26.400575415238027,0.000686833
ewr-10,detached,intact,0,0.096,0.064,1,25.08713784859853,0.000318375
ewr-10,detached,intact,0,0.088,0.056,1,18.459047072766488,0.000451833
ewr-10,detached,intact,0,0.104,0.072,1,44.8004483389028,0.000401041
ewr-10,detached,intact,0,0.092,0.06,1,26.399967435873236,0.000774917
ewr-10,detached,intact,0,0.092,0.06,1,23.520037739911682,0.000205542
ewr-10,detached,intact,1,0.104,0.072,1,44.800803124106736,0.000774042
ewr-10,detached,intact,1,0.096,0.064,1,31.609046050240448,0.000401792
ewr-10,detached,intact,1,0.092,0.06,1,23.519387243066216,0.000781833
ewr-10,detached,intact,1,0.088,0.056,1,18.459229789443192,0.000246667
ewr-10,detached,intact,1,0.104,0.072,1,44.8006032964442,0.00029
ewr-10,detached,intact,1,0.092,0.06,1,26.400575415238027,0.000672
ewr-10,detached,intact,1,0.096,0.064,1,25.08713784859853,0.0003005
ewr-10,detached,intact,1,0.092,0.06,1,27.969848753911325,0.000425417
ewr-10,detached,intact,1,0.104,0.072,1,44.8004483389028,0.000401625
ewr-10,detached,intact,1,0.092,0.06,1,26.399967435873236,0.000772375
ewr-10,detached,intact,1,0.092,0.06,1,23.520037739911682,0.000201125
ewr-10,legato,intact,0,0.112,0.08,1,49.7783820567269,0.000717083
ewr-10,legato,intact,0,0.096,0.064,1,31.608682302049512,0.000296208
ewr-10,legato,intact,0,0.072,0.04,1,15.680174116383894,0.000202541
ewr-10,legato,intact,0,0.1,0.068,1,31.699754609659642,0.00050125
ewr-10,legato,intact,0,0.112,0.08,1,49.778821182070864,0.000179667
ewr-10,legato,intact,0,0.096,0.064,1,28.16071363259558,0.000523417
ewr-10,legato,intact,0,0.076,0.044,1,17.247647580585642,0.000388667
ewr-10,legato,intact,0,0.104,0.072,1,23.73302647377702,0.000407
ewr-10,legato,intact,0,0.112,0.08,1,49.77814123002991,0.000319291
ewr-10,legato,intact,0,0.096,0.064,1,28.160466406982383,0.000663709
ewr-10,legato,intact,0,0.088,0.056,1,21.951009421462132,0.000852667
ewr-10,legato,intact,1,0.112,0.08,1,49.7783820567269,0.000701042
ewr-10,legato,intact,1,0.096,0.064,1,31.608682302049512,0.00029775
ewr-10,legato,intact,1,0.076,0.044,1,17.248052053476123,0.000156458
ewr-10,legato,intact,1,0.104,0.072,1,23.733118371371653,0.000170084
ewr-10,legato,intact,1,0.112,0.08,1,49.778821182070864,0.00017925
ewr-10,legato,intact,1,0.096,0.064,1,28.16071363259558,0.000526041
ewr-10,legato,intact,1,0.076,0.044,1,17.247647580585642,0.000393792
ewr-10,legato,intact,1,0.108,0.076,1,35.429392481446655,0.000381792
ewr-10,legato,intact,1,0.112,0.08,1,49.77814123002991,0.000322833
ewr-10,legato,intact,1,0.096,0.064,1,28.160466406982383,0.000662292
ewr-10,legato,intact,1,0.088,0.056,1,21.951009421462132,0.000867042
ewr-10,duration,intact,0,0.108,0.076,1,47.28948082235224,0.000777875
ewr-10,duration,intact,0,0.104,0.072,1,35.55978928703293,0.000271041
ewr-10,duration,intact,0,0.088,0.056,1,21.952333266410808,0.000744291
ewr-10,duration,intact,0,0.096,0.064,1,29.8345179435664,0.000980042
ewr-10,duration,intact,0,0.112,0.08,1,49.77872080119416,0.000864583
ewr-10,duration,intact,0,0.104,0.072,1,31.680538788927052,0.000404917
ewr-10,duration,intact,0,0.084,0.052,1,20.38424983127703,0.000159
ewr-10,duration,intact,0,0.092,0.06,1,19.777681555012354,0.000299375
ewr-10,duration,intact,0,0.12,0.088,1,54.756676597506484,0.000955375
ewr-10,duration,intact,0,0.1,0.068,1,29.919900620179337,0.000444791
ewr-10,duration,intact,0,0.092,0.06,1,23.520249359116683,0.000570833
ewr-10,duration,intact,1,0.108,0.076,1,47.28948082235224,0.000775042
ewr-10,duration,intact,1,0.104,0.072,1,35.55978928703293,0.000286583
ewr-10,duration,intact,1,0.088,0.056,1,21.952333266410808,0.000703
ewr-10,duration,intact,1,0.092,0.06,1,19.77755443060234,0.001006417
ewr-10,duration,intact,1,0.112,0.08,1,49.77872080119416,0.000851291
ewr-10,duration,intact,1,0.104,0.072,1,31.680538788927052,0.000390666
ewr-10,duration,intact,1,0.084,0.052,1,20.38424983127703,0.000158792
ewr-10,duration,intact,1,0.096,0.064,1,29.834637292243656,0.000253167
ewr-10,duration,intact,1,0.12,0.088,1,54.756676597506484,0.000915
ewr-10,duration,intact,1,0.1,0.068,1,29.919900620179337,0.000474709
ewr-10,duration,intact,1,0.092,0.06,1,23.520249359116683,0.000614417
ewr-10,joint,intact,0,0.108,0.076,1,47.28948082235224,0.000752417
ewr-10,joint,intact,0,0.104,0.072,1,35.55978928703293,0.000268333
ewr-10,joint,intact,0,0.088,0.056,1,21.952333266410808,0.000722333
ewr-10,joint,intact,0,0.096,0.064,1,29.8345179435664,0.001037
ewr-10,joint,intact,0,0.112,0.08,1,49.77872080119416,0.000869917
ewr-10,joint,intact,0,0.104,0.072,1,31.680538788927052,0.00041475
ewr-10,joint,intact,0,0.084,0.052,1,20.38424983127703,0.000157417
ewr-10,joint,intact,0,0.092,0.06,1,19.777681555012354,0.000292959
ewr-10,joint,intact,0,0.12,0.088,1,54.756676597506484,0.00086525
ewr-10,joint,intact,0,0.1,0.068,1,29.919900620179337,0.000444917
ewr-10,joint,intact,0,0.092,0.06,1,23.520249359116683,0.000576416
ewr-10,joint,intact,1,0.108,0.076,1,47.28948082235224,0.000774292
ewr-10,joint,intact,1,0.104,0.072,1,35.55978928703293,0.000272792
ewr-10,joint,intact,1,0.088,0.056,1,21.952333266410808,0.000700167
ewr-10,joint,intact,1,0.092,0.06,1,19.77755443060234,0.001048458
ewr-10,joint,intact,1,0.112,0.08,1,49.77872080119416,0.0009255
ewr-10,joint,intact,1,0.104,0.072,1,31.680538788927052,0.000411792
ewr-10,joint,intact,1,0.084,0.052,1,20.38424983127703,0.000162125
ewr-10,joint,intact,1,0.096,0.064,1,29.834637292243656,0.000246875
ewr-10,joint,intact,1,0.12,0.088,1,54.756676597506484,0.00085525
ewr-10,joint,intact,1,0.1,0.068,1,29.919900620179337,0.000434875
ewr-10,joint,intact,1,0.092,0.06,1,23.520249359116683,0.000540833
ewr-10,joint,reset,0,0.12,0.088,1,54.756676597506484,0.00085575
ewr-10,joint,reset,0,0.1,0.068,1,29.919900620179337,0.000436834
ewr-10,joint,reset,0,0.092,0.06,1,23.520249359116683,0.000535792
ewr-10,joint,reset,1,0.12,0.088,1,54.756676597506484,0.000855
ewr-10,joint,reset,1,0.1,0.068,1,29.919900620179337,0.000444708
ewr-10,joint,reset,1,0.092,0.06,1,23.520249359116683,0.000565333
ewr-10,joint,removal,0,0.108,0.076,1,47.28948082235224,0.000735709
ewr-10,joint,removal,0,0.104,0.072,1,35.55978928703293,0.000269167
ewr-10,joint,removal,0,0.084,0.052,1,20.384192312973873,0.000476083
ewr-10,joint,removal,0,0.112,0.08,1,49.77872080119416,0.000907875
ewr-10,joint,removal,0,0.104,0.072,1,31.680538788927052,0.000410542
ewr-10,joint,removal,0,0.08,0.048,1,18.816118687609826,0.000675042
ewr-10,joint,removal,0,0.12,0.088,1,54.756676597506484,0.000888458
ewr-10,joint,removal,0,0.1,0.068,1,29.919900620179337,0.00046075
ewr-10,joint,removal,0,0.092,0.06,1,23.520249359116683,0.000574417
ewr-10,joint,removal,1,0.108,0.076,1,47.28948082235224,0.000779584
ewr-10,joint,removal,1,0.104,0.072,1,35.55978928703293,0.000267125
ewr-10,joint,removal,1,0.084,0.052,1,20.384192312973873,0.000457042
ewr-10,joint,removal,1,0.112,0.08,1,49.77872080119416,0.000847375
ewr-10,joint,removal,1,0.104,0.072,1,31.680538788927052,0.000395833
ewr-10,joint,removal,1,0.08,0.048,1,18.816118687609826,0.000633375
ewr-10,joint,removal,1,0.12,0.088,1,54.756676597506484,0.000905584
ewr-10,joint,removal,1,0.1,0.068,1,29.919900620179337,0.000439
ewr-10,joint,removal,1,0.092,0.06,1,23.520249359116683,0.000553541
ewr-10,joint,swap,0,0.108,0.076,1,47.28948082235224,0.000773625
ewr-10,joint,swap,0,0.104,0.072,1,35.55978928703293,0.000271541
ewr-10,joint,swap,0,0.088,0.056,1,21.952333266410808,0.000703458
ewr-10,joint,swap,0,0.092,0.06,1,19.77755443060234,0.001045292
ewr-10,joint,swap,0,0.112,0.08,1,49.77872080119416,0.000923875
ewr-10,joint,swap,0,0.104,0.072,1,31.680538788927052,0.000421625
ewr-10,joint,swap,0,0.084,0.052,1,20.38424983127703,0.000159083
ewr-10,joint,swap,0,0.096,0.064,1,29.834637292243656,0.000251583
ewr-10,joint,swap,0,0.12,0.088,1,54.756676597506484,0.000869458
ewr-10,joint,swap,0,0.1,0.068,1,29.919900620179337,0.000447208
ewr-10,joint,swap,0,0.092,0.06,1,23.520249359116683,0.000570333
ewr-10,joint,swap,1,0.108,0.076,1,47.28948082235224,0.000785583
ewr-10,joint,swap,1,0.104,0.072,1,35.55978928703293,0.000277416
ewr-10,joint,swap,1,0.088,0.056,1,21.952333266410808,0.000727917
ewr-10,joint,swap,1,0.096,0.064,1,29.8345179435664,0.000991125
ewr-10,joint,swap,1,0.112,0.08,1,49.77872080119416,0.000881458
ewr-10,joint,swap,1,0.104,0.072,1,31.680538788927052,0.000403333
ewr-10,joint,swap,1,0.084,0.052,1,20.38424983127703,0.000160583
ewr-10,joint,swap,1,0.092,0.06,1,19.777681555012354,0.000314125
ewr-10,joint,swap,1,0.12,0.088,1,54.756676597506484,0.000853042
ewr-10,joint,swap,1,0.1,0.068,1,29.919900620179337,0.000436875
ewr-10,joint,swap,1,0.092,0.06,1,23.520249359116683,0.000574666
ewr-10,joint,shuffle,0,0.112,0.08,1,49.77837828984522,0.000725792
ewr-10,joint,shuffle,0,0.104,0.072,1,31.68033351693884,0.000218167
ewr-10,joint,shuffle,0,0.084,0.052,1,20.384210108526904,0.00069225
ewr-10,joint,shuffle,0,0.092,0.06,1,19.77755443060234,0.001010958
ewr-10,joint,shuffle,0,0.108,0.076,1,47.289844171131634,0.000178208
ewr-10,joint,shuffle,0,0.104,0.072,1,35.56017669095065,0.000447
ewr-10,joint,shuffle,0,0.088,0.056,1,21.95210880778527,0.000156791
ewr-10,joint,shuffle,0,0.096,0.064,1,29.834637292243656,0.000259125
ewr-10,joint,shuffle,0,0.12,0.088,1,54.756676597506484,0.00088475
ewr-10,joint,shuffle,0,0.1,0.068,1,29.919900620179337,0.000464875
ewr-10,joint,shuffle,0,0.092,0.06,1,23.520249359116683,0.000552375
ewr-10,joint,shuffle,1,0.112,0.08,1,49.77837828984522,0.0006735
ewr-10,joint,shuffle,1,0.104,0.072,1,31.68033351693884,0.000224083
ewr-10,joint,shuffle,1,0.084,0.052,1,20.384210108526904,0.0007225
ewr-10,joint,shuffle,1,0.096,0.064,1,29.8345179435664,0.001009375
ewr-10,joint,shuffle,1,0.108,0.076,1,47.289844171131634,0.000182708
ewr-10,joint,shuffle,1,0.104,0.072,1,35.56017669095065,0.000441375
ewr-10,joint,shuffle,1,0.088,0.056,1,21.95210880778527,0.000155959
ewr-10,joint,shuffle,1,0.092,0.06,1,19.777681555012354,0.000294417
ewr-10,joint,shuffle,1,0.12,0.088,1,54.756676597506484,0.000863208
ewr-10,joint,shuffle,1,0.1,0.068,1,29.919900620179337,0.0004395
ewr-10,joint,shuffle,1,0.092,0.06,1,23.520249359116683,0.000608083
ewr-10,joint,ambiguous,0,0.112,0.08,1,49.77837828984522,0.000711083
ewr-10,joint,ambiguous,0,0.104,0.072,1,31.68033351693884,0.000218041
ewr-10,joint,ambiguous,0,0.084,0.052,1,20.384210108526904,0.000725916
ewr-10,joint,ambiguous,0,0.096,0.064,1,29.8345179435664,0.001012292
ewr-10,joint,ambiguous,0,0.112,0.08,1,49.77872080119416,0.000941
ewr-10,joint,ambiguous,0,0.104,0.072,1,31.680538788927052,0.00040575
ewr-10,joint,ambiguous,0,0.084,0.052,1,20.38424983127703,0.000162833
ewr-10,joint,ambiguous,0,0.092,0.06,1,19.777681555012354,0.000291625
ewr-10,joint,ambiguous,0,0.12,0.088,1,54.756676597506484,0.000861458
ewr-10,joint,ambiguous,0,0.1,0.068,1,29.919900620179337,0.000429417
ewr-10,joint,ambiguous,0,0.092,0.06,1,23.520249359116683,0.000543625
ewr-10,joint,ambiguous,1,0.112,0.08,1,49.77837828984522,0.000667
ewr-10,joint,ambiguous,1,0.104,0.072,1,31.68033351693884,0.000214084
ewr-10,joint,ambiguous,1,0.084,0.052,1,20.384210108526904,0.000703833
ewr-10,joint,ambiguous,1,0.096,0.064,1,29.8345179435664,0.000972584
ewr-10,joint,ambiguous,1,0.112,0.08,1,49.77872080119416,0.000869875
ewr-10,joint,ambiguous,1,0.104,0.072,1,31.680538788927052,0.00040025
ewr-10,joint,ambiguous,1,0.084,0.052,1,20.38424983127703,0.000162459
ewr-10,joint,ambiguous,1,0.092,0.06,1,19.777681555012354,0.000298958
ewr-10,joint,ambiguous,1,0.12,0.088,1,54.756676597506484,0.000880375
ewr-10,joint,ambiguous,1,0.1,0.068,1,29.919900620179337,0.000444917
ewr-10,joint,ambiguous,1,0.092,0.06,1,23.520249359116683,0.000574167
ewr-11,detached,intact,0,0.096,0.064,1,39.82219487637971,0.000966625
ewr-11,detached,intact,0,0.1,0.068,1,47.49241905243466,0.000516125
ewr-11,detached,intact,0,0.096,0.064,1,53.16510621153492,0.00087975
ewr-11,detached,intact,0,0.092,0.06,1,41.9042358499462,0.000214042
ewr-11,detached,intact,0,0.1,0.068,1,42.31175985890996,0.000335459
ewr-11,detached,intact,0,0.092,0.06,1,44.397680069717765,0.000805125
ewr-11,detached,intact,0,0.096,0.064,1,53.16394772546192,0.0003935
ewr-11,detached,intact,0,0.1,0.068,1,67.1785159759022,0.00041275
ewr-11,detached,intact,0,0.1,0.068,1,42.3110746104106,0.000561417
ewr-11,detached,intact,0,0.1,0.068,1,47.493892999219426,0.000853792
ewr-11,detached,intact,0,0.096,0.064,1,53.16449031584632,0.000817542
ewr-11,detached,intact,1,0.096,0.064,1,39.82219487637971,0.000909208
ewr-11,detached,intact,1,0.1,0.068,1,47.49241905243466,0.000494625
ewr-11,detached,intact,1,0.092,0.06,1,49.841660546120515,0.00100725
ewr-11,detached,intact,1,0.1,0.068,1,67.1775948483339,0.000189333
ewr-11,detached,intact,1,0.1,0.068,1,42.31175985890996,0.000339458
ewr-11,detached,intact,1,0.092,0.06,1,44.397680069717765,0.000832167
ewr-11,detached,intact,1,0.1,0.068,1,56.48461304024586,0.000339583
ewr-11,detached,intact,1,0.096,0.064,1,44.69918487899361,0.000422
ewr-11,detached,intact,1,0.1,0.068,1,42.3110746104106,0.000477125
ewr-11,detached,intact,1,0.1,0.068,1,47.493892999219426,0.000857125
ewr-11,detached,intact,1,0.096,0.064,1,53.16449031584632,0.000848375
ewr-11,legato,intact,0,0.096,0.064,1,39.82188483925046,0.00090725
ewr-11,legato,intact,0,0.108,0.076,1,53.08059880356901,0.000385125
ewr-11,legato,intact,0,0.092,0.06,1,49.842551402344135,0.000797167
ewr-11,legato,intact,0,0.096,0.064,1,44.700286851641174,0.001016125
ewr-11,legato,intact,0,0.1,0.068,1,42.3117558262476,0.000332416
ewr-11,legato,intact,0,0.092,0.06,1,44.397633500867165,0.000792375
ewr-11,legato,intact,0,0.104,0.072,1,59.80896504963024,0.0003125
ewr-11,legato,intact,0,0.1,0.068,1,67.17942988033026,0.000346583
ewr-11,legato,intact,0,0.092,0.06,1,37.334095179060014,0.000514625
ewr-11,legato,intact,0,0.108,0.076,1,53.081169612682594,0.000807291
ewr-11,legato,intact,0,0.096,0.064,1,53.16452682500776,0.000796667
ewr-11,legato,intact,1,0.096,0.064,1,39.82188483925046,0.000912416
ewr-11,legato,intact,1,0.108,0.076,1,53.08059880356901,0.000391667
ewr-11,legato,intact,1,0.088,0.056,1,46.51898142594474,0.000949167
ewr-11,legato,intact,1,0.104,0.072,1,71.13137948242453,0.0010345
ewr-11,legato,intact,1,0.1,0.068,1,42.3117558262476,0.000338834
ewr-11,legato,intact,1,0.092,0.06,1,44.397633500867165,0.000918333
ewr-11,legato,intact,1,0.104,0.072,1,59.80896504963024,0.000318833
ewr-11,legato,intact,1,0.1,0.068,1,47.49313416106529,0.000327875
ewr-11,legato,intact,1,0.092,0.06,1,37.334095179060014,0.000510292
ewr-11,legato,intact,1,0.108,0.076,1,53.081169612682594,0.0008125
ewr-11,legato,intact,1,0.096,0.064,1,53.16452682500776,0.0008015
ewr-11,duration,intact,0,0.104,0.072,1,44.79974260501566,0.000827958
ewr-11,duration,intact,0,0.104,0.072,1,50.286253667309666,0.000349709
ewr-11,duration,intact,0,0.084,0.052,1,43.19672993794651,0.000872667
ewr-11,duration,intact,0,0.104,0.072,1,50.28811943273823,0.001010083
ewr-11,duration,intact,0,0.104,0.072,1,44.800252643463956,0.000251959
ewr-11,duration,intact,0,0.1,0.068,1,50.31680480035395,0.000631458
ewr-11,duration,intact,0,0.084,0.052,1,43.195861951454106,0.000364375
ewr-11,duration,intact,0,0.112,0.08,1,79.03318376459632,0.000257541
ewr-11,duration,intact,0,0.108,0.076,1,47.28935382170697,0.0002945
ewr-11,duration,intact,0,0.108,0.076,1,53.07899214149185,0.000542708
ewr-11,duration,intact,0,0.1,0.068,1,56.48901699906938,0.000532834
ewr-11,duration,intact,1,0.104,0.072,1,44.79974260501566,0.000838209
ewr-11,duration,intact,1,0.104,0.072,1,50.286253667309666,0.00034425
ewr-11,duration,intact,1,0.076,0.044,1,36.551767768369,0.000174125
ewr-11,duration,intact,1,0.116,0.084,1,82.981853076343,0.000997334
ewr-11,duration,intact,1,0.104,0.072,1,44.800252643463956,0.0002355
ewr-11,duration,intact,1,0.1,0.068,1,50.31680480035395,0.000615167
ewr-11,duration,intact,1,0.088,0.056,1,46.518294366600166,0.000278459
ewr-11,duration,intact,1,0.108,0.076,1,53.080820121229934,0.000239542
ewr-11,duration,intact,1,0.108,0.076,1,47.28935382170697,0.000281416
ewr-11,duration,intact,1,0.108,0.076,1,53.07899214149185,0.000585958
ewr-11,duration,intact,1,0.1,0.068,1,56.48901699906938,0.000567667
ewr-11,joint,intact,0,0.1,0.068,1,42.306461006498424,0.000860709
ewr-11,joint,intact,0,0.112,0.08,1,55.87317091084892,0.000288125
ewr-11,joint,intact,0,0.084,0.052,1,43.20344231355373,0.000810708
ewr-11,joint,intact,0,0.1,0.068,1,47.48949298196706,0.001031542
ewr-11,joint,intact,0,0.108,0.076,1,47.28582664428794,0.000179792
ewr-11,joint,intact,0,0.1,0.068,1,50.31176971631775,0.000542625
ewr-11,joint,intact,0,0.084,0.052,1,43.203577015667925,0.000278917
ewr-11,joint,intact,0,0.108,0.076,1,75.10028649086696,0.00023875
ewr-11,joint,intact,0,0.108,0.076,1,47.28935382170697,0.000279166
ewr-11,joint,intact,0,0.108,0.076,1,53.07899214149185,0.000550459
ewr-11,joint,intact,0,0.1,0.068,1,56.48901699906938,0.000563625
ewr-11,joint,intact,1,0.1,0.068,1,42.306461006498424,0.000877792
ewr-11,joint,intact,1,0.112,0.08,1,55.87317091084892,0.000303708
ewr-11,joint,intact,1,0.08,0.048,1,39.87985180305962,0.000987333
ewr-11,joint,intact,1,0.108,0.076,1,75.09963144414404,0.000941084
ewr-11,joint,intact,1,0.108,0.076,1,47.28582664428794,0.000176458
ewr-11,joint,intact,1,0.1,0.068,1,50.31176971631775,0.000543125
ewr-11,joint,intact,1,0.088,0.056,1,46.52615831323322,0.0002285
ewr-11,joint,intact,1,0.104,0.072,1,50.28531030067638,0.000238
ewr-11,joint,intact,1,0.108,0.076,1,47.28935382170697,0.000290042
ewr-11,joint,intact,1,0.108,0.076,1,53.07899214149185,0.000625458
ewr-11,joint,intact,1,0.1,0.068,1,56.48901699906938,0.000541709
ewr-11,joint,reset,0,0.108,0.076,1,47.28935382170697,0.00028075
ewr-11,joint,reset,0,0.108,0.076,1,53.07899214149185,0.000571125
ewr-11,joint,reset,0,0.1,0.068,1,56.48901699906938,0.0005505
ewr-11,joint,reset,1,0.108,0.076,1,47.28935382170697,0.000296917
ewr-11,joint,reset,1,0.108,0.076,1,53.07899214149185,0.000574875
ewr-11,joint,reset,1,0.1,0.068,1,56.48901699906938,0.000529667
ewr-11,joint,removal,0,0.1,0.068,1,42.306461006498424,0.000869083
ewr-11,joint,removal,0,0.112,0.08,1,55.87317091084892,0.0002835
ewr-11,joint,removal,0,0.088,0.056,1,46.52432899332993,0.000431958
ewr-11,joint,removal,0,0.108,0.076,1,47.28582664428794,0.000177333
ewr-11,joint,removal,0,0.1,0.068,1,50.31176971631775,0.000553084
ewr-11,joint,removal,0,0.092,0.06,1,49.850145753420975,0.000668584
ewr-11,joint,removal,0,0.108,0.076,1,47.28935382170697,0.00028575
ewr-11,joint,removal,0,0.108,0.076,1,53.07899214149185,0.000557542
ewr-11,joint,removal,0,0.1,0.068,1,56.48901699906938,0.000563417
ewr-11,joint,removal,1,0.1,0.068,1,42.306461006498424,0.000889041
ewr-11,joint,removal,1,0.112,0.08,1,55.87317091084892,0.000301667
ewr-11,joint,removal,1,0.088,0.056,1,46.52432899332993,0.000478708
ewr-11,joint,removal,1,0.108,0.076,1,47.28582664428794,0.000178083
ewr-11,joint,removal,1,0.1,0.068,1,50.31176971631775,0.000564
ewr-11,joint,removal,1,0.092,0.06,1,49.850145753420975,0.000615541
ewr-11,joint,removal,1,0.108,0.076,1,47.28935382170697,0.000308916
ewr-11,joint,removal,1,0.108,0.076,1,53.07899214149185,0.000552084
ewr-11,joint,removal,1,0.1,0.068,1,56.48901699906938,0.000556459
ewr-11,joint,swap,0,0.1,0.068,1,42.306461006498424,0.000877875
ewr-11,joint,swap,0,0.112,0.08,1,55.87317091084892,0.00029075
ewr-11,joint,swap,0,0.08,0.048,1,39.87985180305962,0.000953917
ewr-11,joint,swap,0,0.108,0.076,1,75.09963144414404,0.001005375
ewr-11,joint,swap,0,0.108,0.076,1,47.28582664428794,0.000209917
ewr-11,joint,swap,0,0.1,0.068,1,50.31176971631775,0.000546583
ewr-11,joint,swap,0,0.088,0.056,1,46.52615831323322,0.00022125
ewr-11,joint,swap,0,0.104,0.072,1,50.28531030067638,0.000233291
ewr-11,joint,swap,0,0.108,0.076,1,47.28935382170697,0.0002875
ewr-11,joint,swap,0,0.108,0.076,1,53.07899214149185,0.000551417
ewr-11,joint,swap,0,0.1,0.068,1,56.48901699906938,0.000595125
ewr-11,joint,swap,1,0.1,0.068,1,42.306461006498424,0.000873416
ewr-11,joint,swap,1,0.112,0.08,1,55.87317091084892,0.000292708
ewr-11,joint,swap,1,0.084,0.052,1,43.20344231355373,0.000825
ewr-11,joint,swap,1,0.1,0.068,1,47.48949298196706,0.00101725
ewr-11,joint,swap,1,0.108,0.076,1,47.28582664428794,0.000197625
ewr-11,joint,swap,1,0.1,0.068,1,50.31176971631775,0.000550667
ewr-11,joint,swap,1,0.084,0.052,1,43.203577015667925,0.000286416
ewr-11,joint,swap,1,0.108,0.076,1,75.10028649086696,0.000245625
ewr-11,joint,swap,1,0.108,0.076,1,47.28935382170697,0.00027975
ewr-11,joint,swap,1,0.108,0.076,1,53.07899214149185,0.0005485
ewr-11,joint,swap,1,0.1,0.068,1,56.48901699906938,0.000558708
ewr-11,joint,shuffle,0,0.108,0.076,1,47.283855941549035,0.000791083
ewr-11,joint,shuffle,0,0.1,0.068,1,50.312233048193534,0.000341584
ewr-11,joint,shuffle,0,0.084,0.052,1,43.205442039060266,0.000963375
ewr-11,joint,shuffle,0,0.108,0.076,1,75.09963144414404,0.000989791
ewr-11,joint,shuffle,0,0.104,0.072,1,44.796987343772976,0.000262167
ewr-11,joint,shuffle,0,0.108,0.076,1,53.07832828382518,0.000503667
ewr-11,joint,shuffle,0,0.084,0.052,1,43.20348210162594,0.000226416
ewr-11,joint,shuffle,0,0.104,0.072,1,50.28531030067638,0.000234708
ewr-11,joint,shuffle,0,0.108,0.076,1,47.28935382170697,0.000277083
ewr-11,joint,shuffle,0,0.108,0.076,1,53.07899214149185,0.0005515
ewr-11,joint,shuffle,0,0.1,0.068,1,56.48901699906938,0.0005395
ewr-11,joint,shuffle,1,0.108,0.076,1,47.283855941549035,0.000804916
ewr-11,joint,shuffle,1,0.1,0.068,1,50.312233048193534,0.000366917
ewr-11,joint,shuffle,1,0.088,0.056,1,46.52908105598666,0.000822625
ewr-11,joint,shuffle,1,0.1,0.068,1,47.48949298196706,0.000991417
ewr-11,joint,shuffle,1,0.104,0.072,1,44.796987343772976,0.000233958
ewr-11,joint,shuffle,1,0.108,0.076,1,53.07832828382518,0.000482917
ewr-11,joint,shuffle,1,0.08,0.048,1,39.88091688697854,0.000364708
ewr-11,joint,shuffle,1,0.108,0.076,1,75.10028649086696,0.000241125
ewr-11,joint,shuffle,1,0.108,0.076,1,47.28935382170697,0.00027425
ewr-11,joint,shuffle,1,0.108,0.076,1,53.07899214149185,0.000544958
ewr-11,joint,shuffle,1,0.1,0.068,1,56.48901699906938,0.000534833
ewr-11,joint,ambiguous,0,0.1,0.068,1,42.306461006498424,0.000888542
ewr-11,joint,ambiguous,0,0.112,0.08,1,55.87317091084892,0.000295
ewr-11,joint,ambiguous,0,0.084,0.052,1,43.20344231355373,0.000834875
ewr-11,joint,ambiguous,0,0.1,0.068,1,47.48949298196706,0.000990292
ewr-11,joint,ambiguous,0,0.104,0.072,1,44.796987343772976,0.000230959
ewr-11,joint,ambiguous,0,0.108,0.076,1,53.07832828382518,0.000526083
ewr-11,joint,ambiguous,0,0.08,0.048,1,39.88091688697854,0.000302459
ewr-11,joint,ambiguous,0,0.108,0.076,1,75.10028649086696,0.000240166
ewr-11,joint,ambiguous,0,0.108,0.076,1,47.28935382170697,0.000275541
ewr-11,joint,ambiguous,0,0.108,0.076,1,53.07899214149185,0.000541208
ewr-11,joint,ambiguous,0,0.1,0.068,1,56.48901699906938,0.000532958
ewr-11,joint,ambiguous,1,0.1,0.068,1,42.306461006498424,0.000872334
ewr-11,joint,ambiguous,1,0.112,0.08,1,55.87317091084892,0.000285417
ewr-11,joint,ambiguous,1,0.084,0.052,1,43.20344231355373,0.000832375
ewr-11,joint,ambiguous,1,0.1,0.068,1,47.48949298196706,0.000973375
ewr-11,joint,ambiguous,1,0.104,0.072,1,44.796987343772976,0.0002325
ewr-11,joint,ambiguous,1,0.108,0.076,1,53.07832828382518,0.000614625
ewr-11,joint,ambiguous,1,0.08,0.048,1,39.88091688697854,0.000304833
ewr-11,joint,ambiguous,1,0.108,0.076,1,75.10028649086696,0.000272083
ewr-11,joint,ambiguous,1,0.108,0.076,1,47.28935382170697,0.000277875
ewr-11,joint,ambiguous,1,0.108,0.076,1,53.07899214149185,0.0005455
ewr-11,joint,ambiguous,1,0.1,0.068,1,56.48901699906938,0.000535333
ewr-12,detached,intact,0,0.1,0.068,1,21.15666333240978,0.000723375
ewr-12,detached,intact,0,0.1,0.068,1,16.819212104396957,0.000328417
ewr-12,detached,intact,0,0.092,0.06,1,11.77992804371689,0.000743792
ewr-12,detached,intact,0,0.08,0.048,1,11.853174707852602,0.000294166
ewr-12,detached,intact,0,0.1,0.068,1,21.16470341533577,0.000215375
ewr-12,detached,intact,0,0.096,0.064,1,16.74403189202232,0.000527125
ewr-12,detached,intact,0,0.096,0.064,1,12.561506016258326,0.000193833
ewr-12,detached,intact,0,0.068,0.036,1,5.60020903050847,0.000591584
ewr-12,detached,intact,0,0.1,0.068,1,21.156765134900517,0.000342375
ewr-12,detached,intact,0,0.1,0.068,1,17.79196555274119,0.000633042
ewr-12,detached,intact,0,0.076,0.044,1,8.623899789902126,0.000242917
ewr-12,detached,intact,1,0.1,0.068,1,21.15666333240978,0.00073475
ewr-12,detached,intact,1,0.1,0.068,1,16.819212104396957,0.000338458
ewr-12,detached,intact,1,0.096,0.064,1,12.543263547935123,0.000630125
ewr-12,detached,intact,1,0.068,0.036,1,5.600298580339176,0.000365167
ewr-12,detached,intact,1,0.1,0.068,1,21.16470341533577,0.000217125
ewr-12,detached,intact,1,0.096,0.064,1,16.74403189202232,0.00054175
ewr-12,detached,intact,1,0.092,0.06,1,11.759866843762577,0.000238792
ewr-12,detached,intact,1,0.08,0.048,1,11.853129950511793,0.000505833
ewr-12,detached,intact,1,0.1,0.068,1,21.156765134900517,0.000338958
ewr-12,detached,intact,1,0.1,0.068,1,17.79196555274119,0.000628625
ewr-12,detached,intact,1,0.076,0.044,1,8.623899789902126,0.000237208
ewr-12,legato,intact,0,0.1,0.068,1,21.15707065793971,0.000686666
ewr-12,legato,intact,0,0.096,0.064,1,15.804610967776002,0.000325041
ewr-12,legato,intact,0,0.092,0.06,1,11.76053073277461,0.00073375
ewr-12,legato,intact,0,0.088,0.056,1,13.828430752281658,0.000203417
ewr-12,legato,intact,0,0.088,0.056,1,17.423389717899184,0.000331541
ewr-12,legato,intact,0,0.02,0.0,0,,0.000762083
ewr-12,legato,intact,0,0.092,0.06,1,15.697899366637614,0.000472333
ewr-12,legato,intact,0,0.088,0.056,1,10.976148294615438,0.000231625
ewr-12,legato,intact,0,0.08,0.048,1,7.4669858230424895,0.000495042
ewr-12,legato,intact,0,0.088,0.056,1,17.42320013835117,0.000411458
ewr-12,legato,intact,0,0.108,0.076,1,19.883482616136952,0.000631458
ewr-12,legato,intact,0,0.08,0.048,1,9.408198990806088,0.000196167
ewr-12,legato,intact,1,0.1,0.068,1,21.15707065793971,0.000667792
ewr-12,legato,intact,1,0.096,0.064,1,15.804610967776002,0.000316375
ewr-12,legato,intact,1,0.088,0.056,1,10.97634672731295,0.000717208
ewr-12,legato,intact,1,0.084,0.052,1,8.089152510803151,0.000287292
ewr-12,legato,intact,1,0.088,0.056,1,17.423389717899184,0.00032725
ewr-12,legato,intact,1,0.02,0.0,0,,0.00067375
ewr-12,legato,intact,1,0.092,0.06,1,15.697899366637614,0.000503541
ewr-12,legato,intact,1,0.092,0.06,1,11.760163654697383,0.000211584
ewr-12,legato,intact,1,0.084,0.052,1,12.840715529871328,0.000482959
ewr-12,legato,intact,1,0.088,0.056,1,17.42320013835117,0.000409042
ewr-12,legato,intact,1,0.108,0.076,1,19.883482616136952,0.000612834
ewr-12,legato,intact,1,0.08,0.048,1,9.408198990806088,0.000196834
ewr-12,duration,intact,0,0.108,0.076,1,23.64611876939713,0.00063425
ewr-12,duration,intact,0,0.104,0.072,1,17.802935870109756,0.000170083
ewr-12,duration,intact,0,0.08,0.048,1,9.407943314412147,0.000680959
ewr-12,duration,intact,0,0.088,0.056,1,13.82839121574384,0.000155209
ewr-12,duration,intact,0,0.108,0.076,1,23.645957269542958,0.000769417
ewr-12,duration,intact,0,0.1,0.068,1,17.79092456281439,0.000381667
ewr-12,duration,intact,0,0.084,0.052,1,10.191557881418374,0.000152083
ewr-12,duration,intact,0,0.08,0.048,1,7.4671609176404905,0.000421833
ewr-12,duration,intact,0,0.108,0.076,1,23.64607209692088,0.000189709
ewr-12,duration,intact,0,0.116,0.084,1,21.97639861089359,0.000297625
ewr-12,duration,intact,0,0.072,0.04,1,7.840552005659122,0.000666125
ewr-12,duration,intact,1,0.108,0.076,1,23.64611876939713,0.000600291
ewr-12,duration,intact,1,0.104,0.072,1,17.802935870109756,0.000170875
ewr-12,duration,intact,1,0.076,0.044,1,8.62380352579083,0.000741791
ewr-12,duration,intact,1,0.084,0.052,1,8.089494649513812,0.000239375
ewr-12,duration,intact,1,0.108,0.076,1,23.645957269542958,0.000762
ewr-12,duration,intact,1,0.1,0.068,1,17.79092456281439,0.000367167
ewr-12,duration,intact,1,0.088,0.056,1,10.97555938535419,0.000788666
ewr-12,duration,intact,1,0.084,0.052,1,12.840744916279238,0.00033125
ewr-12,duration,intact,1,0.108,0.076,1,23.64607209692088,0.000171125
ewr-12,duration,intact,1,0.116,0.084,1,21.97639861089359,0.000293208
ewr-12,duration,intact,1,0.072,0.04,1,7.840552005659122,0.000669459
ewr-12,joint,intact,0,0.108,0.076,1,23.64611876939713,0.00060575
ewr-12,joint,intact,0,0.104,0.072,1,17.802935870109756,0.000168167
ewr-12,joint,intact,0,0.08,0.048,1,9.407943314412147,0.000681458
ewr-12,joint,intact,0,0.088,0.056,1,13.82839121574384,0.000158166
ewr-12,joint,intact,0,0.108,0.076,1,23.645957269542958,0.000766916
ewr-12,joint,intact,0,0.1,0.068,1,17.79092456281439,0.000371959
ewr-12,joint,intact,0,0.084,0.052,1,10.191557881418374,0.00015075
ewr-12,joint,intact,0,0.08,0.048,1,7.4671609176404905,0.000413917
ewr-12,joint,intact,0,0.116,0.084,1,26.135147464442156,0.000825458
ewr-12,joint,intact,0,0.108,0.076,1,19.883785426354436,0.000304875
ewr-12,joint,intact,0,0.072,0.04,1,7.840289274348387,0.000656625
ewr-12,joint,intact,1,0.108,0.076,1,23.64611876939713,0.000609708
ewr-12,joint,intact,1,0.104,0.072,1,17.802935870109756,0.000165584
ewr-12,joint,intact,1,0.076,0.044,1,8.62380352579083,0.000652417
ewr-12,joint,intact,1,0.084,0.052,1,8.089494649513812,0.0002315
ewr-12,joint,intact,1,0.108,0.076,1,23.645957269542958,0.000768959
ewr-12,joint,intact,1,0.1,0.068,1,17.79092456281439,0.000364458
ewr-12,joint,intact,1,0.088,0.056,1,10.97555938535419,0.000794041
ewr-12,joint,intact,1,0.084,0.052,1,12.840744916279238,0.000328375
ewr-12,joint,intact,1,0.116,0.084,1,26.135147464442156,0.000837292
ewr-12,joint,intact,1,0.108,0.076,1,19.883785426354436,0.000311
ewr-12,joint,intact,1,0.072,0.04,1,7.840289274348387,0.000625708
ewr-12,joint,reset,0,0.116,0.084,1,26.135147464442156,0.000852667
ewr-12,joint,reset,0,0.108,0.076,1,19.883785426354436,0.000313166
ewr-12,joint,reset,0,0.072,0.04,1,7.840289274348387,0.000680375
ewr-12,joint,reset,1,0.116,0.084,1,26.135147464442156,0.000839333
ewr-12,joint,reset,1,0.108,0.076,1,19.883785426354436,0.000311958
ewr-12,joint,reset,1,0.072,0.04,1,7.840289274348387,0.000689041
ewr-12,joint,removal,0,0.108,0.076,1,23.64611876939713,0.000610625
ewr-12,joint,removal,0,0.104,0.072,1,17.802935870109756,0.000180584
ewr-12,joint,removal,0,0.064,0.032,1,6.2719502481384035,0.000630666
ewr-12,joint,removal,0,0.108,0.076,1,23.645957269542958,0.000778167
ewr-12,joint,removal,0,0.1,0.068,1,17.79092456281439,0.000376
ewr-12,joint,removal,0,0.072,0.04,1,7.839466420503551,0.000740334
ewr-12,joint,removal,0,0.116,0.084,1,26.135147464442156,0.000850834
ewr-12,joint,removal,0,0.108,0.076,1,19.883785426354436,0.000337958
ewr-12,joint,removal,0,0.072,0.04,1,7.840289274348387,0.000671375
ewr-12,joint,removal,1,0.108,0.076,1,23.64611876939713,0.000592459
ewr-12,joint,removal,1,0.104,0.072,1,17.802935870109756,0.000163084
ewr-12,joint,removal,1,0.064,0.032,1,6.2719502481384035,0.000588166
ewr-12,joint,removal,1,0.108,0.076,1,23.645957269542958,0.000777667
ewr-12,joint,removal,1,0.1,0.068,1,17.79092456281439,0.000372792
ewr-12,joint,removal,1,0.072,0.04,1,7.839466420503551,0.0007795
ewr-12,joint,removal,1,0.116,0.084,1,26.135147464442156,0.000827208
ewr-12,joint,removal,1,0.108,0.076,1,19.883785426354436,0.000319834
ewr-12,joint,removal,1,0.072,0.04,1,7.840289274348387,0.000643875
ewr-12,joint,swap,0,0.108,0.076,1,23.64611876939713,0.000606375
ewr-12,joint,swap,0,0.104,0.072,1,17.802935870109756,0.000166042
ewr-12,joint,swap,0,0.076,0.044,1,8.62380352579083,0.000725584
ewr-12,joint,swap,0,0.084,0.052,1,8.089494649513812,0.000250041
ewr-12,joint,swap,0,0.108,0.076,1,23.645957269542958,0.000764375
ewr-12,joint,swap,0,0.1,0.068,1,17.79092456281439,0.000364417
ewr-12,joint,swap,0,0.088,0.056,1,10.97555938535419,0.000773375
ewr-12,joint,swap,0,0.084,0.052,1,12.840744916279238,0.000325625
ewr-12,joint,swap,0,0.116,0.084,1,26.135147464442156,0.000832917
ewr-12,joint,swap,0,0.108,0.076,1,19.883785426354436,0.000313958
ewr-12,joint,swap,0,0.072,0.04,1,7.840289274348387,0.000677958
ewr-12,joint,swap,1,0.108,0.076,1,23.64611876939713,0.000613167
ewr-12,joint,swap,1,0.104,0.072,1,17.802935870109756,0.000168083
ewr-12,joint,swap,1,0.08,0.048,1,9.407943314412147,0.000686417
ewr-12,joint,swap,1,0.088,0.056,1,13.82839121574384,0.000158583
ewr-12,joint,swap,1,0.108,0.076,1,23.645957269542958,0.000776667
ewr-12,joint,swap,1,0.1,0.068,1,17.79092456281439,0.000382792
ewr-12,joint,swap,1,0.084,0.052,1,10.191557881418374,0.000152666
ewr-12,joint,swap,1,0.08,0.048,1,7.4671609176404905,0.000422459
ewr-12,joint,swap,1,0.116,0.084,1,26.135147464442156,0.000839417
ewr-12,joint,swap,1,0.108,0.076,1,19.883785426354436,0.000311541
ewr-12,joint,swap,1,0.072,0.04,1,7.840289274348387,0.000661083
ewr-12,joint,shuffle,0,0.108,0.076,1,23.64611876939713,0.000627834
ewr-12,joint,shuffle,0,0.096,0.064,1,16.744125006422244,0.000243916
ewr-12,joint,shuffle,0,0.084,0.052,1,10.191517070953703,0.000730417
ewr-12,joint,shuffle,0,0.084,0.052,1,8.089494649513812,0.00023925
ewr-12,joint,shuffle,0,0.108,0.076,1,23.645957269542958,0.000762667
ewr-12,joint,shuffle,0,0.104,0.072,1,17.780088665054297,0.000326292
ewr-12,joint,shuffle,0,0.084,0.052,1,10.192566622930283,0.000790042
ewr-12,joint,shuffle,0,0.084,0.052,1,12.840744916279238,0.000336083
ewr-12,joint,shuffle,0,0.116,0.084,1,26.135147464442156,0.000873833
ewr-12,joint,shuffle,0,0.108,0.076,1,19.883785426354436,0.000325542
ewr-12,joint,shuffle,0,0.072,0.04,1,7.840289274348387,0.000689166
ewr-12,joint,shuffle,1,0.108,0.076,1,23.64611876939713,0.000587417
ewr-12,joint,shuffle,1,0.096,0.064,1,16.744125006422244,0.000237208
ewr-12,joint,shuffle,1,0.088,0.056,1,10.975645637855182,0.000665541
ewr-12,joint,shuffle,1,0.088,0.056,1,13.82839121574384,0.000158458
ewr-12,joint,shuffle,1,0.108,0.076,1,23.645957269542958,0.000790333
ewr-12,joint,shuffle,1,0.104,0.072,1,17.780088665054297,0.000335583
ewr-12,joint,shuffle,1,0.08,0.048,1,9.408561784040572,0.000154333
ewr-12,joint,shuffle,1,0.08,0.048,1,7.4671609176404905,0.000413125
ewr-12,joint,shuffle,1,0.116,0.084,1,26.135147464442156,0.000849292
ewr-12,joint,shuffle,1,0.108,0.076,1,19.883785426354436,0.000312375
ewr-12,joint,shuffle,1,0.072,0.04,1,7.840289274348387,0.000666458
ewr-12,joint,ambiguous,0,0.108,0.076,1,23.64611876939713,0.000620958
ewr-12,joint,ambiguous,0,0.096,0.064,1,16.744125006422244,0.000240625
ewr-12,joint,ambiguous,0,0.088,0.056,1,10.975645637855182,0.000674625
ewr-12,joint,ambiguous,0,0.088,0.056,1,13.82839121574384,0.000156625
ewr-12,joint,ambiguous,0,0.108,0.076,1,23.645957269542958,0.000770709
ewr-12,joint,ambiguous,0,0.1,0.068,1,17.79092456281439,0.000376792
ewr-12,joint,ambiguous,0,0.084,0.052,1,10.191557881418374,0.000149542
ewr-12,joint,ambiguous,0,0.08,0.048,1,7.4671609176404905,0.000448541
ewr-12,joint,ambiguous,0,0.116,0.084,1,26.135147464442156,0.000869583
ewr-12,joint,ambiguous,0,0.108,0.076,1,19.883785426354436,0.000313209
ewr-12,joint,ambiguous,0,0.072,0.04,1,7.840289274348387,0.000639209
ewr-12,joint,ambiguous,1,0.108,0.076,1,23.64611876939713,0.000610917
ewr-12,joint,ambiguous,1,0.096,0.064,1,16.744125006422244,0.000241167
ewr-12,joint,ambiguous,1,0.088,0.056,1,10.975645637855182,0.000665125
ewr-12,joint,ambiguous,1,0.088,0.056,1,13.82839121574384,0.000167416
ewr-12,joint,ambiguous,1,0.108,0.076,1,23.645957269542958,0.0007585
ewr-12,joint,ambiguous,1,0.1,0.068,1,17.79092456281439,0.000373458
ewr-12,joint,ambiguous,1,0.084,0.052,1,10.191557881418374,0.000149541
ewr-12,joint,ambiguous,1,0.08,0.048,1,7.4671609176404905,0.000414083
ewr-12,joint,ambiguous,1,0.116,0.084,1,26.135147464442156,0.000843875
ewr-12,joint,ambiguous,1,0.108,0.076,1,19.883785426354436,0.000324
ewr-12,joint,ambiguous,1,0.072,0.04,1,7.840289274348387,0.000662917
ewr-13,detached,intact,0,0.1,0.068,1,21.1566172155343,0.000765
ewr-13,detached,intact,0,0.096,0.064,1,25.087464445884482,0.000400041
ewr-13,detached,intact,0,0.092,0.06,1,33.261112832444844,0.000813291
ewr-13,detached,intact,0,0.092,0.06,1,27.970773807757684,0.000210167
ewr-13,detached,intact,0,0.1,0.068,1,21.156607654621606,0.000235
ewr-13,detached,intact,0,0.096,0.064,1,26.57928096628354,0.000627792
ewr-13,detached,intact,0,0.088,0.056,1,31.044230284681383,0.000315417
ewr-13,detached,intact,0,0.096,0.064,1,42.19421568057533,0.000385125
ewr-13,detached,intact,0,0.096,0.064,1,19.912297122287583,0.000353167
ewr-13,detached,intact,0,0.1,0.068,1,26.65500027616946,0.00069325
ewr-13,detached,intact,0,0.088,0.056,1,31.04285293053858,0.000826375
ewr-13,detached,intact,1,0.1,0.068,1,21.1566172155343,0.000734458
ewr-13,detached,intact,1,0.096,0.064,1,25.087464445884482,0.000394458
ewr-13,detached,intact,1,0.092,0.06,1,33.261112832444844,0.000860834
ewr-13,detached,intact,1,0.096,0.064,1,42.19481931912916,0.000179375
ewr-13,detached,intact,1,0.1,0.068,1,21.156607654621606,0.000221083
ewr-13,detached,intact,1,0.096,0.064,1,26.57928096628354,0.000615292
ewr-13,detached,intact,1,0.092,0.06,1,33.26137071992852,0.000257084
ewr-13,detached,intact,1,0.092,0.06,1,27.97007212304363,0.000380541
ewr-13,detached,intact,1,0.096,0.064,1,19.912297122287583,0.000351375
ewr-13,detached,intact,1,0.1,0.068,1,26.65500027616946,0.000689542
ewr-13,detached,intact,1,0.088,0.056,1,31.04285293053858,0.000813083
ewr-13,legato,intact,0,0.096,0.064,1,19.912525668966477,0.000756542
ewr-13,legato,intact,0,0.104,0.072,1,28.223441370567777,0.000320625
ewr-13,legato,intact,0,0.088,0.056,1,31.045168495941606,0.000776541
ewr-13,legato,intact,0,0.096,0.064,1,29.83471102116519,0.000955166
ewr-13,legato,intact,0,0.104,0.072,1,22.401173949495327,0.000170584
ewr-13,legato,intact,0,0.1,0.068,1,28.240713458497694,0.000512709
ewr-13,legato,intact,0,0.088,0.056,1,31.042853751863692,0.000217166
ewr-13,legato,intact,0,0.096,0.064,1,42.195060825274886,0.000324792
ewr-13,legato,intact,0,0.096,0.064,1,19.912326893670762,0.00035175
ewr-13,legato,intact,0,0.104,0.072,1,28.223199344429077,0.000638584
ewr-13,legato,intact,0,0.092,0.06,1,33.26148420296819,0.000748167
ewr-13,legato,intact,1,0.096,0.064,1,19.912525668966477,0.000732875
ewr-13,legato,intact,1,0.104,0.072,1,28.223441370567777,0.000309333
ewr-13,legato,intact,1,0.088,0.056,1,31.045168495941606,0.000802917
ewr-13,legato,intact,1,0.1,0.068,1,44.83240098622817,0.000936625
ewr-13,legato,intact,1,0.104,0.072,1,22.401173949495327,0.000170708
ewr-13,legato,intact,1,0.1,0.068,1,28.240713458497694,0.00050775
ewr-13,legato,intact,1,0.088,0.056,1,31.042853751863692,0.00021075
ewr-13,legato,intact,1,0.096,0.064,1,29.83551189918999,0.000334875
ewr-13,legato,intact,1,0.096,0.064,1,19.912326893670762,0.000355042
ewr-13,legato,intact,1,0.104,0.072,1,28.223199344429077,0.0006515
ewr-13,legato,intact,1,0.092,0.06,1,33.26148420296819,0.000747334
ewr-13,duration,intact,0,0.1,0.068,1,21.157016905616153,0.000733208
ewr-13,duration,intact,0,0.108,0.076,1,29.7912472115651,0.000237791
ewr-13,duration,intact,0,0.076,0.044,1,24.391695842688232,0.000818208
ewr-13,duration,intact,0,0.104,0.072,1,33.56463339951632,0.000898541
ewr-13,duration,intact,0,0.104,0.072,1,22.401092315852054,0.000838375
ewr-13,duration,intact,0,0.104,0.072,1,29.902127860722377,0.000401291
ewr-13,duration,intact,0,0.08,0.048,1,26.608699406684384,0.000208458
ewr-13,duration,intact,0,0.104,0.072,1,47.46940369860186,0.000224708
ewr-13,duration,intact,0,0.112,0.08,1,24.890151830214126,0.000835917
ewr-13,duration,intact,0,0.108,0.076,1,29.791545213134306,0.000330666
ewr-13,duration,intact,0,0.088,0.056,1,31.044576376761658,0.000523083
ewr-13,duration,intact,1,0.1,0.068,1,21.157016905616153,0.000711792
ewr-13,duration,intact,1,0.108,0.076,1,29.7912472115651,0.000218375
ewr-13,duration,intact,1,0.076,0.044,1,24.391695842688232,0.000901833
ewr-13,duration,intact,1,0.108,0.076,1,50.10669372315989,0.000889917
ewr-13,duration,intact,1,0.104,0.072,1,22.401092315852054,0.000864458
ewr-13,duration,intact,1,0.104,0.072,1,29.902127860722377,0.000419083
ewr-13,duration,intact,1,0.076,0.044,1,24.391925318044706,0.000255375
ewr-13,duration,intact,1,0.108,0.076,1,35.42939651621796,0.000221584
ewr-13,duration,intact,1,0.112,0.08,1,24.890151830214126,0.000801875
ewr-13,duration,intact,1,0.108,0.076,1,29.791545213134306,0.000329792
ewr-13,duration,intact,1,0.088,0.056,1,31.044576376761658,0.000489291
ewr-13,joint,intact,0,0.104,0.072,1,22.40163017985101,0.00075925
ewr-13,joint,intact,0,0.104,0.072,1,28.222462364488287,0.000244042
ewr-13,joint,intact,0,0.084,0.052,1,28.8250298083679,0.000843041
ewr-13,joint,intact,0,0.096,0.064,1,29.83632521096966,0.001056833
ewr-13,joint,intact,0,0.108,0.076,1,23.645987758463868,0.000995875
ewr-13,joint,intact,0,0.104,0.072,1,29.901458626165244,0.000403666
ewr-13,joint,intact,0,0.084,0.052,1,28.824036163393096,0.001069291
ewr-13,joint,intact,0,0.096,0.064,1,42.19922749143083,0.000231875
ewr-13,joint,intact,0,0.112,0.08,1,24.890151830214126,0.000807875
ewr-13,joint,intact,0,0.108,0.076,1,29.791545213134306,0.000317458
ewr-13,joint,intact,0,0.088,0.056,1,31.044576376761658,0.000497542
ewr-13,joint,intact,1,0.104,0.072,1,22.40163017985101,0.000748625
ewr-13,joint,intact,1,0.104,0.072,1,28.222462364488287,0.0002425
ewr-13,joint,intact,1,0.084,0.052,1,28.8250298083679,0.000903375
ewr-13,joint,intact,1,0.1,0.068,1,44.838706358523986,0.000991667
ewr-13,joint,intact,1,0.108,0.076,1,23.645987758463868,0.000911333
ewr-13,joint,intact,1,0.104,0.072,1,29.901458626165244,0.0004075
ewr-13,joint,intact,1,0.084,0.052,1,28.824036163393096,0.000987583
ewr-13,joint,intact,1,0.096,0.064,1,29.83652265440695,0.000222834
ewr-13,joint,intact,1,0.112,0.08,1,24.890151830214126,0.000801667
ewr-13,joint,intact,1,0.108,0.076,1,29.791545213134306,0.000322792
ewr-13,joint,intact,1,0.088,0.056,1,31.044576376761658,0.000514625
ewr-13,joint,reset,0,0.112,0.08,1,24.890151830214126,0.000783125
ewr-13,joint,reset,0,0.108,0.076,1,29.791545213134306,0.000314917
ewr-13,joint,reset,0,0.088,0.056,1,31.044576376761658,0.000481334
ewr-13,joint,reset,1,0.112,0.08,1,24.890151830214126,0.000829875
ewr-13,joint,reset,1,0.108,0.076,1,29.791545213134306,0.00031775
ewr-13,joint,reset,1,0.088,0.056,1,31.044576376761658,0.000499583
ewr-13,joint,removal,0,0.104,0.072,1,22.40163017985101,0.000769833
ewr-13,joint,removal,0,0.104,0.072,1,28.222462364488287,0.000274084
ewr-13,joint,removal,0,0.084,0.052,1,28.8250298083679,0.000452
ewr-13,joint,removal,0,0.108,0.076,1,23.645987758463868,0.000921333
ewr-13,joint,removal,0,0.104,0.072,1,29.901458626165244,0.000408541
ewr-13,joint,removal,0,0.08,0.048,1,26.607154849234597,0.000625334
ewr-13,joint,removal,0,0.112,0.08,1,24.890151830214126,0.00080325
ewr-13,joint,removal,0,0.108,0.076,1,29.791545213134306,0.000311375
ewr-13,joint,removal,0,0.088,0.056,1,31.044576376761658,0.000474708
ewr-13,joint,removal,1,0.104,0.072,1,22.40163017985101,0.000747584
ewr-13,joint,removal,1,0.104,0.072,1,28.222462364488287,0.00024275
ewr-13,joint,removal,1,0.084,0.052,1,28.8250298083679,0.000465167
ewr-13,joint,removal,1,0.108,0.076,1,23.645987758463868,0.000911083
ewr-13,joint,removal,1,0.104,0.072,1,29.901458626165244,0.0004055
ewr-13,joint,removal,1,0.08,0.048,1,26.607154849234597,0.000613833
ewr-13,joint,removal,1,0.112,0.08,1,24.890151830214126,0.000786833
ewr-13,joint,removal,1,0.108,0.076,1,29.791545213134306,0.000323917
ewr-13,joint,removal,1,0.088,0.056,1,31.044576376761658,0.000492792
ewr-13,joint,swap,0,0.104,0.072,1,22.40163017985101,0.000752958
ewr-13,joint,swap,0,0.104,0.072,1,28.222462364488287,0.000251208
ewr-13,joint,swap,0,0.084,0.052,1,28.8250298083679,0.000917083
ewr-13,joint,swap,0,0.1,0.068,1,44.838706358523986,0.000972792
ewr-13,joint,swap,0,0.108,0.076,1,23.645987758463868,0.000997375
ewr-13,joint,swap,0,0.104,0.072,1,29.901458626165244,0.000421792
ewr-13,joint,swap,0,0.084,0.052,1,28.824036163393096,0.001023417
ewr-13,joint,swap,0,0.096,0.064,1,29.83652265440695,0.000222333
ewr-13,joint,swap,0,0.112,0.08,1,24.890151830214126,0.000779416
ewr-13,joint,swap,0,0.108,0.076,1,29.791545213134306,0.000312459
ewr-13,joint,swap,0,0.088,0.056,1,31.044576376761658,0.000463917
ewr-13,joint,swap,1,0.104,0.072,1,22.40163017985101,0.00075025
ewr-13,joint,swap,1,0.104,0.072,1,28.222462364488287,0.000241333
ewr-13,joint,swap,1,0.084,0.052,1,28.8250298083679,0.000848958
ewr-13,joint,swap,1,0.096,0.064,1,29.83632521096966,0.001000875
ewr-13,joint,swap,1,0.108,0.076,1,23.645987758463868,0.000945208
ewr-13,joint,swap,1,0.104,0.072,1,29.901458626165244,0.000470458
ewr-13,joint,swap,1,0.084,0.052,1,28.824036163393096,0.001205417
ewr-13,joint,swap,1,0.096,0.064,1,42.19922749143083,0.000226167
ewr-13,joint,swap,1,0.112,0.08,1,24.890151830214126,0.000783833
ewr-13,joint,swap,1,0.108,0.076,1,29.791545213134306,0.000310417
ewr-13,joint,swap,1,0.088,0.056,1,31.044576376761658,0.000477875
ewr-13,joint,shuffle,0,0.104,0.072,1,22.40163017985101,0.000741
ewr-13,joint,shuffle,0,0.1,0.068,1,28.24041261335561,0.000310875
ewr-13,joint,shuffle,0,0.08,0.048,1,26.607474730524938,0.000909917
ewr-13,joint,shuffle,0,0.1,0.068,1,44.838706358523986,0.000959625
ewr-13,joint,shuffle,0,0.108,0.076,1,23.645987758463868,0.000896291
ewr-13,joint,shuffle,0,0.104,0.072,1,28.222721238962396,0.000432292
ewr-13,joint,shuffle,0,0.084,0.052,1,28.824036163393096,0.00104675
ewr-13,joint,shuffle,0,0.096,0.064,1,29.83652265440695,0.000248709
ewr-13,joint,shuffle,0,0.112,0.08,1,24.890151830214126,0.000795125
ewr-13,joint,shuffle,0,0.108,0.076,1,29.791545213134306,0.000309333
ewr-13,joint,shuffle,0,0.088,0.056,1,31.044576376761658,0.000463541
ewr-13,joint,shuffle,1,0.104,0.072,1,22.40163017985101,0.000983792
ewr-13,joint,shuffle,1,0.1,0.068,1,28.24041261335561,0.000300541
ewr-13,joint,shuffle,1,0.08,0.048,1,26.607474730524938,0.0008265
ewr-13,joint,shuffle,1,0.096,0.064,1,29.83632521096966,0.000986375
ewr-13,joint,shuffle,1,0.108,0.076,1,23.645987758463868,0.000893417
ewr-13,joint,shuffle,1,0.104,0.072,1,28.222721238962396,0.000406416
ewr-13,joint,shuffle,1,0.084,0.052,1,28.824036163393096,0.001155
ewr-13,joint,shuffle,1,0.096,0.064,1,42.19922749143083,0.000235458
ewr-13,joint,shuffle,1,0.112,0.08,1,24.890151830214126,0.000808917
ewr-13,joint,shuffle,1,0.108,0.076,1,29.791545213134306,0.000314334
ewr-13,joint,shuffle,1,0.088,0.056,1,31.044576376761658,0.000485958
ewr-13,joint,ambiguous,0,0.104,0.072,1,22.40163017985101,0.000794125
ewr-13,joint,ambiguous,0,0.104,0.072,1,28.222462364488287,0.000260042
ewr-13,joint,ambiguous,0,0.084,0.052,1,28.8250298083679,0.000821667
ewr-13,joint,ambiguous,0,0.096,0.064,1,29.83632521096966,0.0009785
ewr-13,joint,ambiguous,0,0.108,0.076,1,23.645987758463868,0.00090725
ewr-13,joint,ambiguous,0,0.104,0.072,1,28.222721238962396,0.0004145
ewr-13,joint,ambiguous,0,0.084,0.052,1,28.824036163393096,0.001091333
ewr-13,joint,ambiguous,0,0.096,0.064,1,42.19922749143083,0.000232541
ewr-13,joint,ambiguous,0,0.112,0.08,1,24.890151830214126,0.000812458
ewr-13,joint,ambiguous,0,0.108,0.076,1,29.791545213134306,0.000320667
ewr-13,joint,ambiguous,0,0.088,0.056,1,31.044576376761658,0.000482333
ewr-13,joint,ambiguous,1,0.104,0.072,1,22.40163017985101,0.000798209
ewr-13,joint,ambiguous,1,0.104,0.072,1,28.222462364488287,0.000243083
ewr-13,joint,ambiguous,1,0.084,0.052,1,28.8250298083679,0.000813792
ewr-13,joint,ambiguous,1,0.096,0.064,1,29.83632521096966,0.000968
ewr-13,joint,ambiguous,1,0.108,0.076,1,23.645987758463868,0.000911416
ewr-13,joint,ambiguous,1,0.104,0.072,1,28.222721238962396,0.000408708
ewr-13,joint,ambiguous,1,0.084,0.052,1,28.824036163393096,0.001101083
ewr-13,joint,ambiguous,1,0.096,0.064,1,42.19922749143083,0.000255791
ewr-13,joint,ambiguous,1,0.112,0.08,1,24.890151830214126,0.000923208
ewr-13,joint,ambiguous,1,0.108,0.076,1,29.791545213134306,0.000354125
ewr-13,joint,ambiguous,1,0.088,0.056,1,31.044576376761658,0.0004775
ewr-14,detached,intact,0,0.104,0.072,1,44.80029319118234,0.000816708
ewr-14,detached,intact,0,0.096,0.064,1,31.609312138058343,0.000427292
ewr-14,detached,intact,0,0.096,0.064,1,26.579280700449765,0.000732625
ewr-14,detached,intact,0,0.084,0.052,1,16.1786032107269,0.000248833
ewr-14,detached,intact,0,0.104,0.072,1,44.80083568379976,0.000242958
ewr-14,detached,intact,0,0.092,0.06,1,27.96995539266389,0.000631875
ewr-14,detached,intact,0,0.096,0.064,1,26.579544776789678,0.000268792
ewr-14,detached,intact,0,0.092,0.06,1,33.26129572712447,0.000401666
ewr-14,detached,intact,0,0.108,0.076,1,47.289461175597815,0.000329583
ewr-14,detached,intact,0,0.096,0.064,1,31.60862902595465,0.000675959
ewr-14,detached,intact,0,0.088,0.056,1,23.25697766414554,0.00084025
ewr-14,detached,intact,1,0.104,0.072,1,44.80029319118234,0.000807959
ewr-14,detached,intact,1,0.096,0.064,1,31.609312138058343,0.000404542
ewr-14,detached,intact,1,0.096,0.064,1,26.579280700449765,0.000786166
ewr-14,detached,intact,1,0.092,0.06,1,33.26142828431227,0.000167459
ewr-14,detached,intact,1,0.104,0.072,1,44.80083568379976,0.000227125
ewr-14,detached,intact,1,0.092,0.06,1,27.96995539266389,0.000622792
ewr-14,detached,intact,1,0.1,0.068,1,28.251791001709314,0.00021925
ewr-14,detached,intact,1,0.084,0.052,1,16.178711770288523,0.000445416
ewr-14,detached,intact,1,0.108,0.076,1,47.289461175597815,0.00034425
ewr-14,detached,intact,1,0.096,0.064,1,31.60862902595465,0.000651708
ewr-14,detached,intact,1,0.088,0.056,1,23.25697766414554,0.000784459
ewr-14,legato,intact,0,0.108,0.076,1,47.28893807732927,0.000755125
ewr-14,legato,intact,0,0.084,0.052,1,25.682640185342215,0.000510541
ewr-14,legato,intact,0,0.112,0.08,1,33.224500273107964,0.000657208
ewr-14,legato,intact,0,0.084,0.052,1,16.17881019337632,0.000160417
ewr-14,legato,intact,0,0.108,0.076,1,47.28947366868107,0.000179209
ewr-14,legato,intact,0,0.092,0.06,1,27.97074454070605,0.000583125
ewr-14,legato,intact,0,0.1,0.068,1,28.240850582675716,0.000179833
ewr-14,legato,intact,0,0.092,0.06,1,33.261492873460305,0.000298375
ewr-14,legato,intact,0,0.108,0.076,1,47.28988884891069,0.000275333
ewr-14,legato,intact,0,0.084,0.052,1,25.682243110625866,0.000826875
ewr-14,legato,intact,0,0.104,0.072,1,29.902142851139075,0.000780292
ewr-14,legato,intact,1,0.108,0.076,1,47.28893807732927,0.000763458
ewr-14,legato,intact,1,0.084,0.052,1,25.682640185342215,0.00053425
ewr-14,legato,intact,1,0.108,0.076,1,31.563370247660693,0.000824875
ewr-14,legato,intact,1,0.096,0.064,1,35.478834638131,0.000952417
ewr-14,legato,intact,1,0.108,0.076,1,47.28947366868107,0.000176958
ewr-14,legato,intact,1,0.092,0.06,1,27.97074454070605,0.000568209
ewr-14,legato,intact,1,0.1,0.068,1,28.240850582675716,0.000174792
ewr-14,legato,intact,1,0.088,0.056,1,17.423460224872816,0.000333333
ewr-14,legato,intact,1,0.108,0.076,1,47.28988884891069,0.000282625
ewr-14,legato,intact,1,0.084,0.052,1,25.682243110625866,0.000801375
ewr-14,legato,intact,1,0.104,0.072,1,29.902142851139075,0.000764834
ewr-14,duration,intact,0,0.116,0.084,1,52.26675585302248,0.000667916
ewr-14,duration,intact,0,0.1,0.068,1,33.584305843354194,0.000227375
ewr-14,duration,intact,0,0.088,0.056,1,23.25699267977271,0.000651958
ewr-14,duration,intact,0,0.088,0.056,1,17.423074471066286,0.001088125
ewr-14,duration,intact,0,0.112,0.08,1,49.77803071088788,0.000854916
ewr-14,duration,intact,0,0.104,0.072,1,33.56505587487812,0.000375916
ewr-14,duration,intact,0,0.08,0.048,1,19.934945054787622,0.000162125
ewr-14,duration,intact,0,0.1,0.068,1,37.696646999030456,0.000226584
ewr-14,duration,intact,0,0.116,0.084,1,52.2665669792071,0.000864792
ewr-14,duration,intact,0,0.1,0.068,1,33.58493457660645,0.000412
ewr-14,duration,intact,0,0.096,0.064,1,26.579723732304302,0.000531875
ewr-14,duration,intact,1,0.116,0.084,1,52.26675585302248,0.000661833
ewr-14,duration,intact,1,0.1,0.068,1,33.584305843354194,0.000225083
ewr-14,duration,intact,1,0.084,0.052,1,21.59565398322921,0.000776709
ewr-14,duration,intact,1,0.1,0.068,1,37.69585145765331,0.000949875
ewr-14,duration,intact,1,0.112,0.08,1,49.77803071088788,0.000829042
ewr-14,duration,intact,1,0.104,0.072,1,33.56505587487812,0.000363834
ewr-14,duration,intact,1,0.084,0.052,1,21.59615580414363,0.000817708
ewr-14,duration,intact,1,0.092,0.06,1,18.66749850096703,0.000251875
ewr-14,duration,intact,1,0.116,0.084,1,52.2665669792071,0.000854125
ewr-14,duration,intact,1,0.1,0.068,1,33.58493457660645,0.0004295
ewr-14,duration,intact,1,0.096,0.064,1,26.579723732304302,0.000503042
ewr-14,joint,intact,0,0.116,0.084,1,52.26675585302248,0.000685167
ewr-14,joint,intact,0,0.1,0.068,1,33.584305843354194,0.000223292
ewr-14,joint,intact,0,0.088,0.056,1,23.25699267977271,0.000645917
ewr-14,joint,intact,0,0.088,0.056,1,17.423074471066286,0.001016208
ewr-14,joint,intact,0,0.112,0.08,1,49.77803071088788,0.000886416
ewr-14,joint,intact,0,0.104,0.072,1,33.56505587487812,0.000393458
ewr-14,joint,intact,0,0.08,0.048,1,19.934945054787622,0.00016225
ewr-14,joint,intact,0,0.1,0.068,1,37.696646999030456,0.000223042
ewr-14,joint,intact,0,0.116,0.084,1,52.25984338900555,0.00099125
ewr-14,joint,intact,0,0.112,0.08,1,39.513496445753994,0.000303708
ewr-14,joint,intact,0,0.08,0.048,1,19.934267992396038,0.00053675
ewr-14,joint,intact,1,0.116,0.084,1,52.26675585302248,0.000668125
ewr-14,joint,intact,1,0.1,0.068,1,33.584305843354194,0.000226459
ewr-14,joint,intact,1,0.084,0.052,1,21.59565398322921,0.000743584
ewr-14,joint,intact,1,0.1,0.068,1,37.69585145765331,0.00096875
ewr-14,joint,intact,1,0.112,0.08,1,49.77803071088788,0.000832583
ewr-14,joint,intact,1,0.104,0.072,1,33.56505587487812,0.000363875
ewr-14,joint,intact,1,0.084,0.052,1,21.59615580414363,0.000821375
ewr-14,joint,intact,1,0.092,0.06,1,18.66749850096703,0.000255208
ewr-14,joint,intact,1,0.116,0.084,1,52.25984338900555,0.000986375
ewr-14,joint,intact,1,0.112,0.08,1,39.513496445753994,0.000299542
ewr-14,joint,intact,1,0.08,0.048,1,19.934267992396038,0.000559041
ewr-14,joint,reset,0,0.116,0.084,1,52.25984338900555,0.000985625
ewr-14,joint,reset,0,0.112,0.08,1,39.513496445753994,0.000297583
ewr-14,joint,reset,0,0.08,0.048,1,19.934267992396038,0.000538875
ewr-14,joint,reset,1,0.116,0.084,1,52.25984338900555,0.000974041
ewr-14,joint,reset,1,0.112,0.08,1,39.513496445753994,0.000295041
ewr-14,joint,reset,1,0.08,0.048,1,19.934267992396038,0.000533875
ewr-14,joint,removal,0,0.116,0.084,1,52.26675585302248,0.000690792
ewr-14,joint,removal,0,0.1,0.068,1,33.584305843354194,0.000223958
ewr-14,joint,removal,0,0.08,0.048,1,19.934578203048396,0.000489542
ewr-14,joint,removal,0,0.112,0.08,1,49.77803071088788,0.00081525
ewr-14,joint,removal,0,0.104,0.072,1,33.56505587487812,0.000358166
ewr-14,joint,removal,0,0.08,0.048,1,19.934945054787622,0.000603625
ewr-14,joint,removal,0,0.116,0.084,1,52.25984338900555,0.0009815
ewr-14,joint,removal,0,0.112,0.08,1,39.513496445753994,0.000298125
ewr-14,joint,removal,0,0.08,0.048,1,19.934267992396038,0.000563791
ewr-14,joint,removal,1,0.116,0.084,1,52.26675585302248,0.000673167
ewr-14,joint,removal,1,0.1,0.068,1,33.584305843354194,0.000225875
ewr-14,joint,removal,1,0.08,0.048,1,19.934578203048396,0.000491833
ewr-14,joint,removal,1,0.112,0.08,1,49.77803071088788,0.00088975
ewr-14,joint,removal,1,0.104,0.072,1,33.56505587487812,0.000365834
ewr-14,joint,removal,1,0.08,0.048,1,19.934945054787622,0.000624333
ewr-14,joint,removal,1,0.116,0.084,1,52.25984338900555,0.000984375
ewr-14,joint,removal,1,0.112,0.08,1,39.513496445753994,0.000300875
ewr-14,joint,removal,1,0.08,0.048,1,19.934267992396038,0.00057875
ewr-14,joint,swap,0,0.116,0.084,1,52.26675585302248,0.00071225
ewr-14,joint,swap,0,0.1,0.068,1,33.584305843354194,0.000224459
ewr-14,joint,swap,0,0.084,0.052,1,21.59565398322921,0.000731375
ewr-14,joint,swap,0,0.1,0.068,1,37.69585145765331,0.000955791
ewr-14,joint,swap,0,0.112,0.08,1,49.77803071088788,0.000826792
ewr-14,joint,swap,0,0.104,0.072,1,33.56505587487812,0.000362417
ewr-14,joint,swap,0,0.084,0.052,1,21.59615580414363,0.00084125
ewr-14,joint,swap,0,0.092,0.06,1,18.66749850096703,0.000256209
ewr-14,joint,swap,0,0.116,0.084,1,52.25984338900555,0.000955
ewr-14,joint,swap,0,0.112,0.08,1,39.513496445753994,0.000293917
ewr-14,joint,swap,0,0.08,0.048,1,19.934267992396038,0.000542
ewr-14,joint,swap,1,0.116,0.084,1,52.26675585302248,0.000700292
ewr-14,joint,swap,1,0.1,0.068,1,33.584305843354194,0.000222834
ewr-14,joint,swap,1,0.088,0.056,1,23.25699267977271,0.000630959
ewr-14,joint,swap,1,0.088,0.056,1,17.423074471066286,0.001000875
ewr-14,joint,swap,1,0.112,0.08,1,49.77803071088788,0.000821125
ewr-14,joint,swap,1,0.104,0.072,1,33.56505587487812,0.000361083
ewr-14,joint,swap,1,0.08,0.048,1,19.934945054787622,0.000160041
ewr-14,joint,swap,1,0.1,0.068,1,37.696646999030456,0.000223084
ewr-14,joint,swap,1,0.116,0.084,1,52.25984338900555,0.00098375
ewr-14,joint,swap,1,0.112,0.08,1,39.513496445753994,0.000303084
ewr-14,joint,swap,1,0.08,0.048,1,19.934267992396038,0.000519
ewr-14,joint,shuffle,0,0.116,0.084,1,52.26675585302248,0.000689708
ewr-14,joint,shuffle,0,0.1,0.068,1,31.699841861998344,0.00023925
ewr-14,joint,shuffle,0,0.084,0.052,1,21.59565398322921,0.000839375
ewr-14,joint,shuffle,0,0.1,0.068,1,37.69585145765331,0.000934459
ewr-14,joint,shuffle,0,0.112,0.08,1,49.77803071088788,0.000831209
ewr-14,joint,shuffle,0,0.104,0.072,1,35.559534623510054,0.000375959
ewr-14,joint,shuffle,0,0.084,0.052,1,21.59615580414363,0.000808167
ewr-14,joint,shuffle,0,0.092,0.06,1,18.66749850096703,0.000249792
ewr-14,joint,shuffle,0,0.116,0.084,1,52.25984338900555,0.001039625
ewr-14,joint,shuffle,0,0.112,0.08,1,39.513496445753994,0.00031825
ewr-14,joint,shuffle,0,0.08,0.048,1,19.934267992396038,0.000523459
ewr-14,joint,shuffle,1,0.116,0.084,1,52.26675585302248,0.000634125
ewr-14,joint,shuffle,1,0.1,0.068,1,31.699841861998344,0.000215292
ewr-14,joint,shuffle,1,0.088,0.056,1,23.25699267977271,0.000640167
ewr-14,joint,shuffle,1,0.088,0.056,1,17.423074471066286,0.001071834
ewr-14,joint,shuffle,1,0.112,0.08,1,49.77803071088788,0.000825833
ewr-14,joint,shuffle,1,0.104,0.072,1,35.559534623510054,0.000362708
ewr-14,joint,shuffle,1,0.08,0.048,1,19.934945054787622,0.000161833
ewr-14,joint,shuffle,1,0.1,0.068,1,37.696646999030456,0.000221375
ewr-14,joint,shuffle,1,0.116,0.084,1,52.25984338900555,0.000961708
ewr-14,joint,shuffle,1,0.112,0.08,1,39.513496445753994,0.000297084
ewr-14,joint,shuffle,1,0.08,0.048,1,19.934267992396038,0.000515666
ewr-14,joint,ambiguous,0,0.116,0.084,1,52.26675585302248,0.000659333
ewr-14,joint,ambiguous,0,0.1,0.068,1,33.584305843354194,0.000223
ewr-14,joint,ambiguous,0,0.088,0.056,1,23.25699267977271,0.000635042
ewr-14,joint,ambiguous,0,0.088,0.056,1,17.423074471066286,0.001050208
ewr-14,joint,ambiguous,0,0.112,0.08,1,49.77803071088788,0.000837292
ewr-14,joint,ambiguous,0,0.104,0.072,1,35.559534623510054,0.000368625
ewr-14,joint,ambiguous,0,0.08,0.048,1,19.934945054787622,0.000162
ewr-14,joint,ambiguous,0,0.1,0.068,1,37.696646999030456,0.000222834
ewr-14,joint,ambiguous,0,0.116,0.084,1,52.25984338900555,0.000982584
ewr-14,joint,ambiguous,0,0.112,0.08,1,39.513496445753994,0.000296
ewr-14,joint,ambiguous,0,0.08,0.048,1,19.934267992396038,0.00054375
ewr-14,joint,ambiguous,1,0.116,0.084,1,52.26675585302248,0.000649083
ewr-14,joint,ambiguous,1,0.1,0.068,1,33.584305843354194,0.000220292
ewr-14,joint,ambiguous,1,0.088,0.056,1,23.25699267977271,0.000637916
ewr-14,joint,ambiguous,1,0.088,0.056,1,17.423074471066286,0.001012333
ewr-14,joint,ambiguous,1,0.112,0.08,1,49.77803071088788,0.000889542
ewr-14,joint,ambiguous,1,0.104,0.072,1,35.559534623510054,0.000382834
ewr-14,joint,ambiguous,1,0.08,0.048,1,19.934945054787622,0.000160833
ewr-14,joint,ambiguous,1,0.1,0.068,1,37.696646999030456,0.000221917
ewr-14,joint,ambiguous,1,0.116,0.084,1,52.25984338900555,0.000999625
ewr-14,joint,ambiguous,1,0.112,0.08,1,39.513496445753994,0.000304875
ewr-14,joint,ambiguous,1,0.08,0.048,1,19.934267992396038,0.000541209
ewr-15,detached,intact,0,0.104,0.072,1,44.80050338808182,0.000876334
ewr-15,detached,intact,0,0.096,0.064,1,56.32657503867908,0.000465542
ewr-15,detached,intact,0,0.096,0.064,1,66.99086911242355,0.000978083
ewr-15,detached,intact,0,0.096,0.064,1,84.41107327462991,0.00107375
ewr-15,detached,intact,0,0.104,0.072,1,44.80031257774663,0.000264875
ewr-15,detached,intact,0,0.096,0.064,1,53.164683845398315,0.000694833
ewr-15,detached,intact,0,0.096,0.064,1,66.99316367981554,0.000238125
ewr-15,detached,intact,0,0.092,0.06,1,49.84100566456018,0.000355709
ewr-15,detached,intact,0,0.104,0.072,1,44.80012021932358,0.000342791
ewr-15,detached,intact,0,0.096,0.064,1,53.16452281877068,0.000801708
ewr-15,detached,intact,0,0.096,0.064,1,66.99190607370109,0.000761708
ewr-15,detached,intact,1,0.104,0.072,1,44.80050338808182,0.000883666
ewr-15,detached,intact,1,0.096,0.064,1,56.32657503867908,0.000482375
ewr-15,detached,intact,1,0.096,0.064,1,66.99086911242355,0.000898833
ewr-15,detached,intact,1,0.092,0.06,1,49.84031960943365,0.000215708
ewr-15,detached,intact,1,0.104,0.072,1,44.80031257774663,0.000230542
ewr-15,detached,intact,1,0.096,0.064,1,53.164683845398315,0.000674625
ewr-15,detached,intact,1,0.096,0.064,1,66.99316367981554,0.000245708
ewr-15,detached,intact,1,0.096,0.064,1,84.41009638839189,0.000322042
ewr-15,detached,intact,1,0.104,0.072,1,44.80012021932358,0.000349958
ewr-15,detached,intact,1,0.096,0.064,1,53.16452281877068,0.00081375
ewr-15,detached,intact,1,0.096,0.064,1,66.99190607370109,0.000763292
ewr-15,legato,intact,0,0.112,0.08,1,49.77874651055248,0.000785041
ewr-15,legato,intact,0,0.088,0.056,1,49.28625783972511,0.000476625
ewr-15,legato,intact,0,0.088,0.056,1,58.61600738473148,0.001130292
ewr-15,legato,intact,0,0.1,0.068,1,89.68229308034974,0.00095375
ewr-15,legato,intact,0,0.112,0.08,1,49.77842552371402,0.000952166
ewr-15,legato,intact,0,0.092,0.06,1,49.84275946918459,0.00061875
ewr-15,legato,intact,0,0.096,0.064,1,66.98652185939754,0.000180958
ewr-15,legato,intact,0,0.096,0.064,1,53.16477951577461,0.000267666
ewr-15,legato,intact,0,0.112,0.08,1,49.778068812690655,0.000235959
ewr-15,legato,intact,0,0.092,0.06,1,49.84225402240677,0.000762917
ewr-15,legato,intact,0,0.1,0.068,1,71.17500005995804,0.000660959
ewr-15,legato,intact,1,0.112,0.08,1,49.77874651055248,0.000823792
ewr-15,legato,intact,1,0.088,0.056,1,49.28625783972511,0.000467875
ewr-15,legato,intact,1,0.1,0.068,1,71.17629455732869,0.000828375
ewr-15,legato,intact,1,0.096,0.064,1,53.16404612874097,0.001009084
ewr-15,legato,intact,1,0.112,0.08,1,49.77842552371402,0.00099025
ewr-15,legato,intact,1,0.092,0.06,1,49.84275946918459,0.000630917
ewr-15,legato,intact,1,0.084,0.052,1,54.427193026676804,0.00037375
ewr-15,legato,intact,1,0.1,0.068,1,89.68006645085028,0.000245958
ewr-15,legato,intact,1,0.112,0.08,1,49.778068812690655,0.00023675
ewr-15,legato,intact,1,0.092,0.06,1,49.84225402240677,0.000717584
ewr-15,legato,intact,1,0.1,0.068,1,71.17500005995804,0.000649209
ewr-15,duration,intact,0,0.112,0.08,1,49.77874450761668,0.000757833
ewr-15,duration,intact,0,0.096,0.064,1,56.327222337719796,0.000337041
ewr-15,duration,intact,0,0.08,0.048,1,50.242988891931894,0.001071167
ewr-15,duration,intact,0,0.104,0.072,1,94.95104362574722,0.000907333
ewr-15,duration,intact,0,0.112,0.08,1,49.77866364791543,0.000914458
ewr-15,duration,intact,0,0.104,0.072,1,59.809094677030906,0.000413959
ewr-15,duration,intact,0,0.084,0.052,1,54.43086713042549,0.00103125
ewr-15,duration,intact,0,0.1,0.068,1,56.486062118457276,0.000187042
ewr-15,duration,intact,0,0.116,0.084,1,52.26708482083725,0.000911916
ewr-15,duration,intact,0,0.108,0.076,1,63.13286713218717,0.000351208
ewr-15,duration,intact,0,0.096,0.064,1,66.99904958666573,0.000402875
ewr-15,duration,intact,1,0.112,0.08,1,49.77874450761668,0.000785292
ewr-15,duration,intact,1,0.096,0.064,1,56.327222337719796,0.000352041
ewr-15,duration,intact,1,0.092,0.06,1,62.803590053826696,0.000816792
ewr-15,duration,intact,1,0.1,0.068,1,56.48512165509694,0.001001375
ewr-15,duration,intact,1,0.112,0.08,1,49.77866364791543,0.00094275
ewr-15,duration,intact,1,0.104,0.072,1,59.809094677030906,0.000409083
ewr-15,duration,intact,1,0.072,0.04,1,41.86991915103633,0.0002925
ewr-15,duration,intact,1,0.104,0.072,1,94.9656719028516,0.000846459
ewr-15,duration,intact,1,0.116,0.084,1,52.26708482083725,0.000914375
ewr-15,duration,intact,1,0.108,0.076,1,63.13286713218717,0.000356459
ewr-15,duration,intact,1,0.096,0.064,1,66.99904958666573,0.000417084
ewr-15,joint,intact,0,0.112,0.08,1,49.77288422711155,0.000947166
ewr-15,joint,intact,0,0.1,0.068,1,59.865914489941254,0.000360917
ewr-15,joint,intact,0,0.084,0.052,1,54.46527021181651,0.001119667
ewr-15,joint,intact,0,0.1,0.068,1,89.74845948855216,0.001097417
ewr-15,joint,intact,0,0.108,0.076,1,47.283895925913285,0.001187791
ewr-15,joint,intact,0,0.104,0.072,1,59.826128082758366,0.000428625
ewr-15,joint,intact,0,0.084,0.052,1,54.46097709102664,0.001142334
ewr-15,joint,intact,0,0.096,0.064,1,53.18002478881664,0.000197167
ewr-15,joint,intact,0,0.116,0.084,1,52.26708482083725,0.000993542
ewr-15,joint,intact,0,0.108,0.076,1,63.13286713218717,0.0003585
ewr-15,joint,intact,0,0.096,0.064,1,66.99904958666573,0.000405833
ewr-15,joint,intact,1,0.112,0.08,1,49.77288422711155,0.000934792
ewr-15,joint,intact,1,0.1,0.068,1,59.865914489941254,0.00035775
ewr-15,joint,intact,1,0.084,0.052,1,54.46527021181651,0.000928875
ewr-15,joint,intact,1,0.096,0.064,1,53.180473886204254,0.001085542
ewr-15,joint,intact,1,0.108,0.076,1,47.283895925913285,0.00126075
ewr-15,joint,intact,1,0.104,0.072,1,59.826128082758366,0.000444083
ewr-15,joint,intact,1,0.084,0.052,1,54.46097709102664,0.00132125
ewr-15,joint,intact,1,0.1,0.068,1,89.75087949563111,0.000890833
ewr-15,joint,intact,1,0.116,0.084,1,52.26708482083725,0.000928792
ewr-15,joint,intact,1,0.108,0.076,1,63.13286713218717,0.000360917
ewr-15,joint,intact,1,0.096,0.064,1,66.99904958666573,0.000412
ewr-15,joint,reset,0,0.116,0.084,1,52.26708482083725,0.000999125
ewr-15,joint,reset,0,0.108,0.076,1,63.13286713218717,0.000361
ewr-15,joint,reset,0,0.096,0.064,1,66.99904958666573,0.000399291
ewr-15,joint,reset,1,0.116,0.084,1,52.26708482083725,0.000899583
ewr-15,joint,reset,1,0.108,0.076,1,63.13286713218717,0.000354542
ewr-15,joint,reset,1,0.096,0.064,1,66.99904958666573,0.000404458
ewr-15,joint,removal,0,0.112,0.08,1,49.77288422711155,0.000955792
ewr-15,joint,removal,0,0.1,0.068,1,59.865914489941254,0.00037675
ewr-15,joint,removal,0,0.084,0.052,1,54.46527021181651,0.000432041
ewr-15,joint,removal,0,0.108,0.076,1,47.283895925913285,0.001176625
ewr-15,joint,removal,0,0.104,0.072,1,59.826128082758366,0.00042825
ewr-15,joint,removal,0,0.084,0.052,1,54.46097709102664,0.000562167
ewr-15,joint,removal,0,0.116,0.084,1,52.26708482083725,0.000931667
ewr-15,joint,removal,0,0.108,0.076,1,63.13286713218717,0.000364167
ewr-15,joint,removal,0,0.096,0.064,1,66.99904958666573,0.000405625
ewr-15,joint,removal,1,0.112,0.08,1,49.77288422711155,0.000956583
ewr-15,joint,removal,1,0.1,0.068,1,59.865914489941254,0.000378292
ewr-15,joint,removal,1,0.084,0.052,1,54.46527021181651,0.000433
ewr-15,joint,removal,1,0.108,0.076,1,47.283895925913285,0.00120025
ewr-15,joint,removal,1,0.104,0.072,1,59.826128082758366,0.000440541
ewr-15,joint,removal,1,0.084,0.052,1,54.46097709102664,0.0005665
ewr-15,joint,removal,1,0.116,0.084,1,52.26708482083725,0.000966125
ewr-15,joint,removal,1,0.108,0.076,1,63.13286713218717,0.000454292
ewr-15,joint,removal,1,0.096,0.064,1,66.99904958666573,0.000389917
ewr-15,joint,swap,0,0.112,0.08,1,49.77288422711155,0.000997792
ewr-15,joint,swap,0,0.1,0.068,1,59.865914489941254,0.00038225
ewr-15,joint,swap,0,0.084,0.052,1,54.46527021181651,0.000990208
ewr-15,joint,swap,0,0.096,0.064,1,53.180473886204254,0.00108725
ewr-15,joint,swap,0,0.108,0.076,1,47.283895925913285,0.001212125
ewr-15,joint,swap,0,0.104,0.072,1,59.826128082758366,0.000429167
ewr-15,joint,swap,0,0.084,0.052,1,54.46097709102664,0.001337
ewr-15,joint,swap,0,0.1,0.068,1,89.75087949563111,0.000914708
ewr-15,joint,swap,0,0.116,0.084,1,52.26708482083725,0.000936459
ewr-15,joint,swap,0,0.108,0.076,1,63.13286713218717,0.000354792
ewr-15,joint,swap,0,0.096,0.064,1,66.99904958666573,0.000387417
ewr-15,joint,swap,1,0.112,0.08,1,49.77288422711155,0.000926791
ewr-15,joint,swap,1,0.1,0.068,1,59.865914489941254,0.000364875
ewr-15,joint,swap,1,0.084,0.052,1,54.46527021181651,0.001098208
ewr-15,joint,swap,1,0.1,0.068,1,89.74845948855216,0.001070042
ewr-15,joint,swap,1,0.108,0.076,1,47.283895925913285,0.001240417
ewr-15,joint,swap,1,0.104,0.072,1,59.826128082758366,0.000430208
ewr-15,joint,swap,1,0.084,0.052,1,54.46097709102664,0.001132875
ewr-15,joint,swap,1,0.096,0.064,1,53.18002478881664,0.000195625
ewr-15,joint,swap,1,0.116,0.084,1,52.26708482083725,0.00091525
ewr-15,joint,swap,1,0.108,0.076,1,63.13286713218717,0.000360958
ewr-15,joint,swap,1,0.096,0.064,1,66.99904958666573,0.000407084
ewr-15,joint,shuffle,0,0.108,0.076,1,47.28440870729724,0.000996084
ewr-15,joint,shuffle,0,0.104,0.072,1,59.830600814268784,0.000207417
ewr-15,joint,shuffle,0,0.084,0.052,1,54.46527021181651,0.000996084
ewr-15,joint,shuffle,0,0.096,0.064,1,53.180473886204254,0.001144333
ewr-15,joint,shuffle,0,0.112,0.08,1,49.772703344124324,0.00114475
ewr-15,joint,shuffle,0,0.1,0.068,1,59.862473699267625,0.000566875
ewr-15,joint,shuffle,0,0.084,0.052,1,54.46097709102664,0.001328791
ewr-15,joint,shuffle,0,0.1,0.068,1,89.75087949563111,0.000911959
ewr-15,joint,shuffle,0,0.116,0.084,1,52.26708482083725,0.000916667
ewr-15,joint,shuffle,0,0.108,0.076,1,63.13286713218717,0.000367083
ewr-15,joint,shuffle,0,0.096,0.064,1,66.99904958666573,0.000399
ewr-15,joint,shuffle,1,0.108,0.076,1,47.28440870729724,0.001038833
ewr-15,joint,shuffle,1,0.104,0.072,1,59.830600814268784,0.000205833
ewr-15,joint,shuffle,1,0.084,0.052,1,54.46527021181651,0.001082625
ewr-15,joint,shuffle,1,0.1,0.068,1,89.74845948855216,0.001055042
ewr-15,joint,shuffle,1,0.112,0.08,1,49.772703344124324,0.001141375
ewr-15,joint,shuffle,1,0.1,0.068,1,59.862473699267625,0.000582542
ewr-15,joint,shuffle,1,0.084,0.052,1,54.46097709102664,0.001147041
ewr-15,joint,shuffle,1,0.096,0.064,1,53.18002478881664,0.000203917
ewr-15,joint,shuffle,1,0.116,0.084,1,52.26708482083725,0.000914292
ewr-15,joint,shuffle,1,0.108,0.076,1,63.13286713218717,0.000365833
ewr-15,joint,shuffle,1,0.096,0.064,1,66.99904958666573,0.000412666
ewr-15,joint,ambiguous,0,0.108,0.076,1,47.28440870729724,0.000997166
ewr-15,joint,ambiguous,0,0.104,0.072,1,59.830600814268784,0.000208208
ewr-15,joint,ambiguous,0,0.084,0.052,1,54.46527021181651,0.001103541
ewr-15,joint,ambiguous,0,0.1,0.068,1,89.74845948855216,0.001131334
ewr-15,joint,ambiguous,0,0.108,0.076,1,47.283895925913285,0.001243625
ewr-15,joint,ambiguous,0,0.104,0.072,1,59.826128082758366,0.0004315
ewr-15,joint,ambiguous,0,0.084,0.052,1,54.46097709102664,0.001135791
ewr-15,joint,ambiguous,0,0.096,0.064,1,53.18002478881664,0.000195833
ewr-15,joint,ambiguous,0,0.116,0.084,1,52.26708482083725,0.000923542
ewr-15,joint,ambiguous,0,0.108,0.076,1,63.13286713218717,0.000373541
ewr-15,joint,ambiguous,0,0.096,0.064,1,66.99904958666573,0.000406916
ewr-15,joint,ambiguous,1,0.108,0.076,1,47.28440870729724,0.001041583
ewr-15,joint,ambiguous,1,0.104,0.072,1,59.830600814268784,0.000210208
ewr-15,joint,ambiguous,1,0.084,0.052,1,54.46527021181651,0.001099417
ewr-15,joint,ambiguous,1,0.1,0.068,1,89.74845948855216,0.001078416
ewr-15,joint,ambiguous,1,0.108,0.076,1,47.283895925913285,0.001185542
ewr-15,joint,ambiguous,1,0.104,0.072,1,59.826128082758366,0.000428583
ewr-15,joint,ambiguous,1,0.084,0.052,1,54.46097709102664,0.001183125
ewr-15,joint,ambiguous,1,0.096,0.064,1,53.18002478881664,0.00022325
ewr-15,joint,ambiguous,1,0.116,0.084,1,52.26708482083725,0.000935
ewr-15,joint,ambiguous,1,0.108,0.076,1,63.13286713218717,0.000358625
ewr-15,joint,ambiguous,1,0.096,0.064,1,66.99904958666573,0.00042225
