front,group,cell,condition,variant,true_events,predicted_events,matched_events,bounded_matches,precision,recall,f1,split_count,merge_count,split_rate,merge_rate,pitch_accuracy,pitch_availability,mean_pitch_error_available,octave_error_rate,mean_onset_error_s,mean_end_error_s,max_true_end_latency_s,max_inferred_end_latency_s
streaming,civ-08,detached,intact,0,11,11,11,11,1.0,1.0,1.0,0,0,0.0,0.0,1.0,1.0,0.07476754086592345,0.0,0.007306818181818182,0.009346590909090909,0.0831875,0.08
fixed,civ-08,detached,intact,0,11,9,8,5,0.5555555555555556,0.45454545454545453,0.5,0,0,0.0,0.0,0.7272727272727273,0.7272727272727273,0.010505836706074747,0.0,0.018125000000000002,0.014875,0.010375,0.0
oracle-boundary,civ-08,detached,intact,0,11,11,11,11,1.0,1.0,1.0,0,0,0.0,0.0,1.0,1.0,0.015049456656056405,0.0,0.0,0.0,0.0535625,0.0535625
streaming,civ-08,detached,intact,1,11,11,11,11,1.0,1.0,1.0,0,0,0.0,0.0,1.0,1.0,0.07053757217282038,0.0,0.007306818181818181,0.009346590909090909,0.0831875,0.088
fixed,civ-08,detached,intact,1,11,9,8,5,0.5555555555555556,0.45454545454545453,0.5,0,0,0.0,0.0,0.7272727272727273,0.7272727272727273,0.014017181290171661,0.0,0.018125000000000002,0.014875,0.010375,0.0
oracle-boundary,civ-08,detached,intact,1,11,11,11,11,1.0,1.0,1.0,0,0,0.0,0.0,1.0,1.0,0.015049456656056405,0.0,0.0,0.0,0.0535625,0.0535625
streaming,civ-08,legato,intact,0,11,11,11,11,1.0,1.0,1.0,0,0,0.0,0.0,0.6363636363636364,0.8181818181818182,4.325639303576771,0.0,0.008761363636363637,0.009414772727272728,0.0831875,0.076
fixed,civ-08,legato,intact,0,11,9,8,5,0.5555555555555556,0.45454545454545453,0.5,0,0,0.0,0.0,0.7272727272727273,0.7272727272727273,0.0162474376179609,0.0,0.018125000000000002,0.014875,0.010375,0.0
oracle-boundary,civ-08,legato,intact,0,11,11,11,11,1.0,1.0,1.0,0,0,0.0,0.0,1.0,1.0,6.748556441732713e-05,0.0,0.0,0.0,0.0535625,0.0535625
streaming,civ-08,legato,intact,1,11,11,11,11,1.0,1.0,1.0,0,0,0.0,0.0,0.6363636363636364,0.8181818181818182,4.316657389811941,0.0,0.008761363636363637,0.009198863636363637,0.0831875,0.08
fixed,civ-08,legato,intact,1,11,9,8,5,0.5555555555555556,0.45454545454545453,0.5,0,0,0.0,0.0,0.7272727272727273,0.7272727272727273,0.015991786865353276,0.0,0.018125000000000002,0.014875,0.010375,0.0
oracle-boundary,civ-08,legato,intact,1,11,11,11,11,1.0,1.0,1.0,0,0,0.0,0.0,1.0,1.0,6.748556441732713e-05,0.0,0.0,0.0,0.0535625,0.0535625
streaming,civ-08,duration,intact,0,11,11,11,11,1.0,1.0,1.0,0,0,0.0,0.0,0.5454545454545454,0.7272727272727273,4.820588693755608,0.0,0.01052840909090909,0.011522727272727273,0.0945625,0.1
fixed,civ-08,duration,intact,0,11,10,8,1,0.1,0.09090909090909091,0.09523809523809523,0,0,0.0,0.0,0.6363636363636364,0.7272727272727273,1.507013681527424,0.09090909090909091,0.0188984375,0.0191796875,0.00275,0.0
oracle-boundary,civ-08,duration,intact,0,11,11,11,11,1.0,1.0,1.0,0,0,0.0,0.0,1.0,1.0,7.391399850767733e-05,0.0,0.0,0.0,0.055125,0.055125
streaming,civ-08,duration,intact,1,11,11,11,11,1.0,1.0,1.0,0,0,0.0,0.0,0.5454545454545454,0.7272727272727273,4.822500811073187,0.0,0.01052840909090909,0.011636363636363637,0.0945625,0.1
fixed,civ-08,duration,intact,1,11,10,8,1,0.1,0.09090909090909091,0.09523809523809523,0,0,0.0,0.0,0.6363636363636364,0.7272727272727273,1.5100228328029133,0.09090909090909091,0.0188984375,0.0191796875,0.00275,0.0
oracle-boundary,civ-08,duration,intact,1,11,11,11,11,1.0,1.0,1.0,0,0,0.0,0.0,1.0,1.0,7.391399850767733e-05,0.0,0.0,0.0,0.055125,0.055125
streaming,civ-08,joint,intact,0,11,11,11,11,1.0,1.0,1.0,0,0,0.0,0.0,0.45454545454545453,0.7272727272727273,7.159008519365369,0.0,0.010892045454545455,0.011522727272727273,0.0945625,0.096
fixed,civ-08,joint,intact,0,11,10,8,1,0.1,0.09090909090909091,0.09523809523809523,0,0,0.0,0.0,0.6363636363636364,0.7272727272727273,1.5070226299414131,0.09090909090909091,0.0188984375,0.0191796875,0.00275,0.0
oracle-boundary,civ-08,joint,intact,0,11,11,11,11,1.0,1.0,1.0,0,0,0.0,0.0,1.0,1.0,7.865723019235682e-05,0.0,0.0,0.0,0.055125,0.055125
streaming,civ-08,joint,intact,1,11,11,11,11,1.0,1.0,1.0,0,0,0.0,0.0,0.45454545454545453,0.7272727272727273,7.160920636682948,0.0,0.010892045454545455,0.011636363636363637,0.0945625,0.096
fixed,civ-08,joint,intact,1,11,10,8,1,0.1,0.09090909090909091,0.09523809523809523,0,0,0.0,0.0,0.6363636363636364,0.7272727272727273,1.5100317812169024,0.09090909090909091,0.0188984375,0.0191796875,0.00275,0.0
oracle-boundary,civ-08,joint,intact,1,11,11,11,11,1.0,1.0,1.0,0,0,0.0,0.0,1.0,1.0,7.865723019235682e-05,0.0,0.0,0.0,0.055125,0.055125
streaming,civ-08,joint,reset,0,3,3,3,3,1.0,1.0,1.0,0,0,0.0,0.0,0.6666666666666666,1.0,6.375209001828065,0.0,0.009854166666666666,0.009916666666666666,0.0945625,0.096
fixed,civ-08,joint,reset,0,3,3,2,0,0.0,0.0,0.0,0,0,0.0,0.0,0.6666666666666666,0.6666666666666666,0.00021982439999821448,0.0,0.018468750000000003,0.01984375,-0.009875,0.0
oracle-boundary,civ-08,joint,reset,0,3,3,3,3,1.0,1.0,1.0,0,0,0.0,0.0,1.0,1.0,5.930578603321004e-05,0.0,0.0,0.0,0.054125,0.054125
streaming,civ-08,joint,reset,1,3,3,3,3,1.0,1.0,1.0,0,0,0.0,0.0,0.6666666666666666,1.0,6.375209001828065,0.0,0.009854166666666666,0.009916666666666666,0.0945625,0.096
fixed,civ-08,joint,reset,1,3,3,2,0,0.0,0.0,0.0,0,0,0.0,0.0,0.6666666666666666,0.6666666666666666,0.00021982439999821448,0.0,0.018468750000000003,0.01984375,-0.009875,0.0
oracle-boundary,civ-08,joint,reset,1,3,3,3,3,1.0,1.0,1.0,0,0,0.0,0.0,1.0,1.0,5.930578603321004e-05,0.0,0.0,0.0,0.054125,0.054125
streaming,civ-08,joint,removal,0,9,9,9,9,1.0,1.0,1.0,0,0,0.0,0.0,0.5555555555555556,0.8888888888888888,7.1584715227422855,0.0,0.009743055555555555,0.00990277777777778,0.10075,0.104
fixed,civ-08,joint,removal,0,9,10,6,0,0.0,0.0,0.0,1,0,0.1111111111111111,0.0,0.5555555555555556,0.6666666666666666,2.0080033908531396,0.1111111111111111,0.01584375,0.02267708333333333,-0.008875,0.0
oracle-boundary,civ-08,joint,removal,0,9,9,9,9,1.0,1.0,1.0,0,0,0.0,0.0,1.0,1.0,6.840717286418545e-05,0.0,0.0,0.0,0.055125,0.055125
streaming,civ-08,joint,removal,1,9,9,9,9,1.0,1.0,1.0,0,0,0.0,0.0,0.5555555555555556,0.8888888888888888,7.1584715227422855,0.0,0.009743055555555555,0.00990277777777778,0.10075,0.104
fixed,civ-08,joint,removal,1,9,10,6,0,0.0,0.0,0.0,1,0,0.1111111111111111,0.0,0.5555555555555556,0.6666666666666666,2.0080033908531396,0.1111111111111111,0.01584375,0.02267708333333333,-0.008875,0.0
oracle-boundary,civ-08,joint,removal,1,9,9,9,9,1.0,1.0,1.0,0,0,0.0,0.0,1.0,1.0,6.840717286418545e-05,0.0,0.0,0.0,0.055125,0.055125
streaming,civ-08,joint,swap,0,11,11,11,11,1.0,1.0,1.0,0,0,0.0,0.0,0.45454545454545453,0.7272727272727273,7.160920636682948,0.0,0.010892045454545455,0.011636363636363637,0.0945625,0.096
fixed,civ-08,joint,swap,0,11,10,8,1,0.1,0.09090909090909091,0.09523809523809523,0,0,0.0,0.0,0.6363636363636364,0.7272727272727273,1.5100317812169024,0.09090909090909091,0.0188984375,0.0191796875,0.00275,0.0
oracle-boundary,civ-08,joint,swap,0,11,11,11,11,1.0,1.0,1.0,0,0,0.0,0.0,1.0,1.0,7.865723019235682e-05,0.0,0.0,0.0,0.055125,0.055125
streaming,civ-08,joint,swap,1,11,11,11,11,1.0,1.0,1.0,0,0,0.0,0.0,0.45454545454545453,0.7272727272727273,7.159008519365369,0.0,0.010892045454545455,0.011522727272727273,0.0945625,0.096
fixed,civ-08,joint,swap,1,11,10,8,1,0.1,0.09090909090909091,0.09523809523809523,0,0,0.0,0.0,0.6363636363636364,0.7272727272727273,1.5070226299414131,0.09090909090909091,0.0188984375,0.0191796875,0.00275,0.0
oracle-boundary,civ-08,joint,swap,1,11,11,11,11,1.0,1.0,1.0,0,0,0.0,0.0,1.0,1.0,7.865723019235682e-05,0.0,0.0,0.0,0.055125,0.055125
streaming,civ-08,joint,shuffle,0,11,11,11,11,1.0,1.0,1.0,0,0,0.0,0.0,0.45454545454545453,0.7272727272727273,7.170681909794164,0.0,0.010892045454545455,0.011636363636363637,0.0945625,0.096
fixed,civ-08,joint,shuffle,0,11,9,7,1,0.1111111111111111,0.09090909090909091,0.1,0,0,0.0,0.0,0.6363636363636364,0.6363636363636364,0.006437876955700028,0.0,0.020330357142857143,0.018026785714285714,0.00275,0.0
oracle-boundary,civ-08,joint,shuffle,0,11,11,11,11,1.0,1.0,1.0,0,0,0.0,0.0,1.0,1.0,7.865723019235682e-05,0.0,0.0,0.0,0.055125,0.055125
streaming,civ-08,joint,shuffle,1,11,11,11,11,1.0,1.0,1.0,0,0,0.0,0.0,0.45454545454545453,0.7272727272727273,7.168769792476587,0.0,0.010892045454545455,0.011522727272727273,0.0945625,0.096
fixed,civ-08,joint,shuffle,1,11,9,7,1,0.1111111111111111,0.09090909090909091,0.1,0,0,0.0,0.0,0.6363636363636364,0.6363636363636364,0.0029988469265695415,0.0,0.020330357142857143,0.018026785714285714,0.00275,0.0
oracle-boundary,civ-08,joint,shuffle,1,11,11,11,11,1.0,1.0,1.0,0,0,0.0,0.0,1.0,1.0,7.865723019235682e-05,0.0,0.0,0.0,0.055125,0.055125
streaming,civ-08,joint,ambiguous,0,11,11,11,11,1.0,1.0,1.0,0,0,0.0,0.0,0.45454545454545453,0.7272727272727273,7.158945945938556,0.0,0.010892045454545455,0.011522727272727273,0.0945625,0.096
fixed,civ-08,joint,ambiguous,0,11,9,7,1,0.1111111111111111,0.09090909090909091,0.1,0,0,0.0,0.0,0.6363636363636364,0.6363636363636364,0.0029672523002288484,0.0,0.020330357142857143,0.018026785714285714,0.00275,0.0
oracle-boundary,civ-08,joint,ambiguous,0,11,11,11,11,1.0,1.0,1.0,0,0,0.0,0.0,1.0,1.0,7.98302191144169e-05,0.0,0.0,0.0,0.055125,0.055125
streaming,civ-08,joint,ambiguous,1,11,11,11,11,1.0,1.0,1.0,0,0,0.0,0.0,0.45454545454545453,0.7272727272727273,7.158945945938556,0.0,0.010892045454545455,0.011522727272727273,0.0945625,0.096
fixed,civ-08,joint,ambiguous,1,11,9,7,1,0.1111111111111111,0.09090909090909091,0.1,0,0,0.0,0.0,0.6363636363636364,0.6363636363636364,0.0029672523002288484,0.0,0.020330357142857143,0.018026785714285714,0.00275,0.0
oracle-boundary,civ-08,joint,ambiguous,1,11,11,11,11,1.0,1.0,1.0,0,0,0.0,0.0,1.0,1.0,7.98302191144169e-05,0.0,0.0,0.0,0.055125,0.055125
streaming,civ-09,detached,intact,0,11,11,11,11,1.0,1.0,1.0,0,0,0.0,0.0,1.0,1.0,0.06332544153280031,0.0,0.0049261363636363634,0.004755681818181818,0.082625,0.08
fixed,civ-09,detached,intact,0,11,13,8,5,0.38461538461538464,0.45454545454545453,0.4166666666666667,2,0,0.18181818181818182,0.0,0.7272727272727273,0.7272727272727273,0.007103680545011648,0.0,0.017281249999999998,0.0154375,0.008875,0.0
oracle-boundary,civ-09,detached,intact,0,11,11,11,11,1.0,1.0,1.0,0,0,0.0,0.0,1.0,1.0,0.0033385695711672433,0.0,0.0,0.0,0.0524375,0.0524375
streaming,civ-09,detached,intact,1,11,11,11,11,1.0,1.0,1.0,0,0,0.0,0.0,1.0,1.0,0.064503896223512,0.0,0.0049261363636363634,0.004755681818181818,0.082625,0.08
fixed,civ-09,detached,intact,1,11,13,8,5,0.38461538461538464,0.45454545454545453,0.4166666666666667,3,1,0.2727272727272727,0.09090909090909091,0.7272727272727273,0.7272727272727273,0.004860358050458369,0.0,0.017281249999999998,0.0154375,0.008875,0.0
oracle-boundary,civ-09,detached,intact,1,11,11,11,11,1.0,1.0,1.0,0,0,0.0,0.0,1.0,1.0,0.0033385695711672433,0.0,0.0,0.0,0.0524375,0.0524375
streaming,civ-09,legato,intact,0,11,11,11,11,1.0,1.0,1.0,0,0,0.0,0.0,0.5454545454545454,1.0,5.744908881034105,0.18181818181818182,0.007585227272727272,0.01024431818181818,0.1164375,0.104
fixed,civ-09,legato,intact,0,11,16,8,5,0.3125,0.45454545454545453,0.37037037037037035,4,1,0.36363636363636365,0.09090909090909091,0.7272727272727273,0.7272727272727273,0.008096156211065408,0.0,0.017281249999999998,0.0154375,0.008875,0.0
oracle-boundary,civ-09,legato,intact,0,11,11,11,11,1.0,1.0,1.0,0,0,0.0,0.0,1.0,1.0,0.00034099535989088025,0.0,0.0,0.0,0.0524375,0.0524375
streaming,civ-09,legato,intact,1,11,11,11,11,1.0,1.0,1.0,0,0,0.0,0.0,0.5454545454545454,1.0,6.20420102735211,0.18181818181818182,0.00722159090909091,0.009880681818181816,0.1155,0.104
fixed,civ-09,legato,intact,1,11,15,8,5,0.3333333333333333,0.45454545454545453,0.38461538461538464,3,1,0.2727272727272727,0.09090909090909091,0.7272727272727273,0.7272727272727273,0.007261003671068855,0.0,0.017281249999999998,0.0154375,0.008875,0.0
oracle-boundary,civ-09,legato,intact,1,11,11,11,11,1.0,1.0,1.0,0,0,0.0,0.0,1.0,1.0,0.00034099535989088025,0.0,0.0,0.0,0.0524375,0.0524375
streaming,civ-09,duration,intact,0,11,11,11,11,1.0,1.0,1.0,0,0,0.0,0.0,0.45454545454545453,1.0,9.602524081372017,0.18181818181818182,0.008545454545454545,0.01075,0.112625,0.1
fixed,civ-09,duration,intact,0,11,14,9,1,0.07142857142857142,0.09090909090909091,0.08,3,1,0.2727272727272727,0.09090909090909091,0.8181818181818182,0.8181818181818182,0.02931707471132731,0.0,0.017625000000000002,0.02172222222222222,0.00125,0.0
oracle-boundary,civ-09,duration,intact,0,11,11,11,11,1.0,1.0,1.0,0,0,0.0,0.0,1.0,1.0,0.0003213879136238647,0.0,0.0,0.0,0.054,0.054
streaming,civ-09,duration,intact,1,11,11,11,11,1.0,1.0,1.0,0,0,0.0,0.0,0.45454545454545453,1.0,9.602553566123715,0.18181818181818182,0.008545454545454545,0.01075,0.112625,0.104
fixed,civ-09,duration,intact,1,11,13,9,1,0.07692307692307693,0.09090909090909091,0.08333333333333333,3,1,0.2727272727272727,0.09090909090909091,0.8181818181818182,0.8181818181818182,0.02949882500677396,0.0,0.017625000000000002,0.02172222222222222,0.00125,0.0
oracle-boundary,civ-09,duration,intact,1,11,11,11,11,1.0,1.0,1.0,0,0,0.0,0.0,1.0,1.0,0.0003213879136238647,0.0,0.0,0.0,0.054,0.054
streaming,civ-09,joint,intact,0,11,11,11,11,1.0,1.0,1.0,0,0,0.0,0.0,0.45454545454545453,1.0,9.602524081372017,0.18181818181818182,0.008545454545454545,0.01075,0.112625,0.1
fixed,civ-09,joint,intact,0,11,14,9,1,0.07142857142857142,0.09090909090909091,0.08,3,1,0.2727272727272727,0.09090909090909091,0.8181818181818182,0.8181818181818182,0.02931707471132731,0.0,0.017625000000000002,0.02172222222222222,0.00125,0.0
oracle-boundary,civ-09,joint,intact,0,11,11,11,11,1.0,1.0,1.0,0,0,0.0,0.0,1.0,1.0,0.0003213879136238647,0.0,0.0,0.0,0.054,0.054
streaming,civ-09,joint,intact,1,11,11,11,11,1.0,1.0,1.0,0,0,0.0,0.0,0.45454545454545453,1.0,9.602553566123715,0.18181818181818182,0.008545454545454545,0.01075,0.112625,0.104
fixed,civ-09,joint,intact,1,11,13,9,1,0.07692307692307693,0.09090909090909091,0.08333333333333333,3,1,0.2727272727272727,0.09090909090909091,0.8181818181818182,0.8181818181818182,0.02949882500677396,0.0,0.017625000000000002,0.02172222222222222,0.00125,0.0
oracle-boundary,civ-09,joint,intact,1,11,11,11,11,1.0,1.0,1.0,0,0,0.0,0.0,1.0,1.0,0.0003213879136238647,0.0,0.0,0.0,0.054,0.054
streaming,civ-09,joint,reset,0,3,3,3,3,1.0,1.0,1.0,0,0,0.0,0.0,0.6666666666666666,1.0,4.071960681383726,0.3333333333333333,0.0065,0.008416666666666668,0.0925,0.084
fixed,civ-09,joint,reset,0,3,4,3,0,0.0,0.0,0.0,1,0,0.3333333333333333,0.0,1.0,1.0,0.027481386922065216,0.0,0.015166666666666667,0.026249999999999996,-0.01175,0.0
oracle-boundary,civ-09,joint,reset,0,3,3,3,3,1.0,1.0,1.0,0,0,0.0,0.0,1.0,1.0,0.0002800054030167587,0.0,0.0,0.0,0.05225,0.05225
streaming,civ-09,joint,reset,1,3,3,3,3,1.0,1.0,1.0,0,0,0.0,0.0,0.6666666666666666,1.0,4.071960681383726,0.3333333333333333,0.0065,0.008416666666666668,0.0925,0.084
fixed,civ-09,joint,reset,1,3,4,3,0,0.0,0.0,0.0,1,0,0.3333333333333333,0.0,1.0,1.0,0.027481386922065216,0.0,0.015166666666666667,0.026249999999999996,-0.01175,0.0
oracle-boundary,civ-09,joint,reset,1,3,3,3,3,1.0,1.0,1.0,0,0,0.0,0.0,1.0,1.0,0.0002800054030167587,0.0,0.0,0.0,0.05225,0.05225
streaming,civ-09,joint,removal,0,9,9,9,9,1.0,1.0,1.0,0,0,0.0,0.0,0.5555555555555556,1.0,6.957030344769677,0.2222222222222222,0.007527777777777778,0.010263888888888888,0.0994375,0.088
fixed,civ-09,joint,removal,0,9,11,7,0,0.0,0.0,0.0,2,0,0.2222222222222222,0.0,0.7777777777777778,0.7777777777777778,0.037016556878971256,0.0,0.014910714285714288,0.02555357142857143,-0.01,0.0
oracle-boundary,civ-09,joint,removal,0,9,9,9,9,1.0,1.0,1.0,0,0,0.0,0.0,1.0,1.0,0.0002645693551958712,0.0,0.0,0.0,0.054,0.054
streaming,civ-09,joint,removal,1,9,9,9,9,1.0,1.0,1.0,0,0,0.0,0.0,0.5555555555555556,1.0,6.957030344769677,0.2222222222222222,0.007527777777777778,0.010263888888888888,0.0994375,0.088
fixed,civ-09,joint,removal,1,9,11,7,0,0.0,0.0,0.0,2,0,0.2222222222222222,0.0,0.7777777777777778,0.7777777777777778,0.037016556878971256,0.0,0.014910714285714288,0.02555357142857143,-0.01,0.0
oracle-boundary,civ-09,joint,removal,1,9,9,9,9,1.0,1.0,1.0,0,0,0.0,0.0,1.0,1.0,0.0002645693551958712,0.0,0.0,0.0,0.054,0.054
streaming,civ-09,joint,swap,0,11,11,11,11,1.0,1.0,1.0,0,0,0.0,0.0,0.45454545454545453,1.0,9.602553566123715,0.18181818181818182,0.008545454545454545,0.01075,0.112625,0.104
fixed,civ-09,joint,swap,0,11,13,9,1,0.07692307692307693,0.09090909090909091,0.08333333333333333,3,1,0.2727272727272727,0.09090909090909091,0.8181818181818182,0.8181818181818182,0.02949882500677396,0.0,0.017625000000000002,0.02172222222222222,0.00125,0.0
oracle-boundary,civ-09,joint,swap,0,11,11,11,11,1.0,1.0,1.0,0,0,0.0,0.0,1.0,1.0,0.0003213879136238647,0.0,0.0,0.0,0.054,0.054
streaming,civ-09,joint,swap,1,11,11,11,11,1.0,1.0,1.0,0,0,0.0,0.0,0.45454545454545453,1.0,9.602524081372017,0.18181818181818182,0.008545454545454545,0.01075,0.112625,0.1
fixed,civ-09,joint,swap,1,11,14,9,1,0.07142857142857142,0.09090909090909091,0.08,3,1,0.2727272727272727,0.09090909090909091,0.8181818181818182,0.8181818181818182,0.02931707471132731,0.0,0.017625000000000002,0.02172222222222222,0.00125,0.0
oracle-boundary,civ-09,joint,swap,1,11,11,11,11,1.0,1.0,1.0,0,0,0.0,0.0,1.0,1.0,0.0003213879136238647,0.0,0.0,0.0,0.054,0.054
streaming,civ-09,joint,shuffle,0,11,11,11,11,1.0,1.0,1.0,0,0,0.0,0.0,0.45454545454545453,1.0,9.600046906292144,0.18181818181818182,0.008545454545454545,0.01075,0.112625,0.104
fixed,civ-09,joint,shuffle,0,11,14,9,1,0.07142857142857142,0.09090909090909091,0.08,4,2,0.36363636363636365,0.18181818181818182,0.8181818181818182,0.8181818181818182,0.031002700116395252,0.0,0.017625000000000002,0.02172222222222222,0.00125,0.0
oracle-boundary,civ-09,joint,shuffle,0,11,11,11,11,1.0,1.0,1.0,0,0,0.0,0.0,1.0,1.0,0.0003213879136238647,0.0,0.0,0.0,0.054,0.054
streaming,civ-09,joint,shuffle,1,11,11,11,11,1.0,1.0,1.0,0,0,0.0,0.0,0.45454545454545453,1.0,9.600131361536912,0.18181818181818182,0.008545454545454547,0.01075,0.112625,0.1
fixed,civ-09,joint,shuffle,1,11,15,9,1,0.06666666666666667,0.09090909090909091,0.07692307692307693,5,2,0.45454545454545453,0.18181818181818182,0.8181818181818182,0.8181818181818182,0.030820949820948604,0.0,0.017625000000000002,0.02172222222222222,0.00125,0.0
oracle-boundary,civ-09,joint,shuffle,1,11,11,11,11,1.0,1.0,1.0,0,0,0.0,0.0,1.0,1.0,0.0003213879136238647,0.0,0.0,0.0,0.054,0.054
streaming,civ-09,joint,ambiguous,0,11,11,11,11,1.0,1.0,1.0,0,0,0.0,0.0,0.5454545454545454,1.0,7.238052307005984,0.2727272727272727,0.00781818181818182,0.010022727272727273,0.112625,0.1
fixed,civ-09,joint,ambiguous,0,11,15,9,1,0.06666666666666667,0.09090909090909091,0.07692307692307693,5,2,0.45454545454545453,0.18181818181818182,0.8181818181818182,0.8181818181818182,0.029347935082911114,0.0,0.017625000000000002,0.02172222222222222,0.00125,0.0
oracle-boundary,civ-09,joint,ambiguous,0,11,11,11,11,1.0,1.0,1.0,0,0,0.0,0.0,1.0,1.0,0.00034477820453043313,0.0,0.0,0.0,0.054,0.054
streaming,civ-09,joint,ambiguous,1,11,11,11,11,1.0,1.0,1.0,0,0,0.0,0.0,0.5454545454545454,1.0,7.238052307005984,0.2727272727272727,0.00781818181818182,0.010022727272727273,0.112625,0.1
fixed,civ-09,joint,ambiguous,1,11,15,9,1,0.06666666666666667,0.09090909090909091,0.07692307692307693,5,2,0.45454545454545453,0.18181818181818182,0.8181818181818182,0.8181818181818182,0.029347935082911114,0.0,0.017625000000000002,0.02172222222222222,0.00125,0.0
oracle-boundary,civ-09,joint,ambiguous,1,11,11,11,11,1.0,1.0,1.0,0,0,0.0,0.0,1.0,1.0,0.00034477820453043313,0.0,0.0,0.0,0.054,0.054
streaming,civ-10,detached,intact,0,11,11,11,11,1.0,1.0,1.0,0,0,0.0,0.0,1.0,1.0,0.035548903575724496,0.0,0.005522727272727273,0.0037784090909090905,0.0820625,0.08
fixed,civ-10,detached,intact,0,11,14,8,4,0.2857142857142857,0.36363636363636365,0.32,4,2,0.36363636363636365,0.18181818181818182,0.7272727272727273,0.7272727272727273,0.004713030307518018,0.0,0.0164375,0.016,0.007375,0.0
oracle-boundary,civ-10,detached,intact,0,11,11,11,11,1.0,1.0,1.0,0,0,0.0,0.0,1.0,1.0,0.004179947106104203,0.0,0.0,0.0,0.0516875,0.0516875
streaming,civ-10,detached,intact,1,11,11,11,11,1.0,1.0,1.0,0,0,0.0,0.0,1.0,1.0,0.045395791894862245,0.0,0.005886363636363637,0.0040852272727272725,0.0820625,0.076
fixed,civ-10,detached,intact,1,11,16,8,4,0.25,0.36363636363636365,0.2962962962962963,7,3,0.6363636363636364,0.2727272727272727,0.7272727272727273,0.7272727272727273,0.0016204702052755593,0.0,0.0164375,0.016,0.007375,0.0
oracle-boundary,civ-10,detached,intact,1,11,11,11,11,1.0,1.0,1.0,0,0,0.0,0.0,1.0,1.0,0.004179947106104203,0.0,0.0,0.0,0.0516875,0.0516875
streaming,civ-10,legato,intact,0,11,11,11,11,1.0,1.0,1.0,0,0,0.0,0.0,0.9090909090909091,1.0,0.16838159627939592,0.0,0.010250000000000002,0.010573863636363636,0.1156875,0.104
fixed,civ-10,legato,intact,0,11,15,8,4,0.26666666666666666,0.36363636363636365,0.3076923076923077,4,2,0.36363636363636365,0.18181818181818182,0.7272727272727273,0.7272727272727273,0.009528519170702632,0.0,0.0164375,0.016,0.007375,0.0
oracle-boundary,civ-10,legato,intact,0,11,11,11,11,1.0,1.0,1.0,0,0,0.0,0.0,1.0,1.0,0.00033639552002204,0.0,0.0,0.0,0.0516875,0.0516875
streaming,civ-10,legato,intact,1,11,11,11,11,1.0,1.0,1.0,0,0,0.0,0.0,1.0,1.0,0.1681579225357499,0.0,0.010250000000000002,0.010573863636363636,0.1134375,0.104
fixed,civ-10,legato,intact,1,11,15,8,4,0.26666666666666666,0.36363636363636365,0.3076923076923077,4,2,0.36363636363636365,0.18181818181818182,0.7272727272727273,0.7272727272727273,0.008572541215115637,0.0,0.0164375,0.016,0.007375,0.0
oracle-boundary,civ-10,legato,intact,1,11,11,11,11,1.0,1.0,1.0,0,0,0.0,0.0,1.0,1.0,0.00033639552002204,0.0,0.0,0.0,0.0516875,0.0516875
streaming,civ-10,duration,intact,0,11,12,11,11,0.9166666666666666,1.0,0.9565217391304348,0,0,0.0,0.0,0.9090909090909091,1.0,0.11432845098546177,0.0,0.007096590909090908,0.00815909090909091,0.111875,0.1
fixed,civ-10,duration,intact,0,11,16,8,1,0.0625,0.09090909090909091,0.07407407407407407,7,3,0.6363636363636364,0.2727272727272727,0.7272727272727273,0.7272727272727273,0.04186134517303808,0.0,0.0178828125,0.0208828125,-0.00025,0.0
oracle-boundary,civ-10,duration,intact,0,11,11,11,11,1.0,1.0,1.0,0,0,0.0,0.0,1.0,1.0,0.00034809390691218056,0.0,0.0,0.0,0.06375,0.06375
streaming,civ-10,duration,intact,1,11,12,11,11,0.9166666666666666,1.0,0.9565217391304348,0,0,0.0,0.0,0.9090909090909091,1.0,0.11385782783528792,0.0,0.00709659090909091,0.00815909090909091,0.111875,0.104
fixed,civ-10,duration,intact,1,11,16,8,1,0.0625,0.09090909090909091,0.07407407407407407,7,3,0.6363636363636364,0.2727272727272727,0.7272727272727273,0.7272727272727273,0.04183843520390429,0.0,0.0178828125,0.0208828125,-0.00025,0.0
oracle-boundary,civ-10,duration,intact,1,11,11,11,11,1.0,1.0,1.0,0,0,0.0,0.0,1.0,1.0,0.00034809390691218056,0.0,0.0,0.0,0.06375,0.06375
streaming,civ-10,joint,intact,0,11,12,11,11,0.9166666666666666,1.0,0.9565217391304348,0,0,0.0,0.0,0.9090909090909091,1.0,0.11432845098546177,0.0,0.007096590909090908,0.00815909090909091,0.111875,0.1
fixed,civ-10,joint,intact,0,11,16,8,1,0.0625,0.09090909090909091,0.07407407407407407,7,3,0.6363636363636364,0.2727272727272727,0.7272727272727273,0.7272727272727273,0.04186134517303808,0.0,0.0178828125,0.0208828125,-0.00025,0.0
oracle-boundary,civ-10,joint,intact,0,11,11,11,11,1.0,1.0,1.0,0,0,0.0,0.0,1.0,1.0,0.00034809390691218056,0.0,0.0,0.0,0.06375,0.06375
streaming,civ-10,joint,intact,1,11,12,11,11,0.9166666666666666,1.0,0.9565217391304348,0,0,0.0,0.0,0.9090909090909091,1.0,0.11385782783528792,0.0,0.00709659090909091,0.00815909090909091,0.111875,0.104
fixed,civ-10,joint,intact,1,11,16,8,1,0.0625,0.09090909090909091,0.07407407407407407,7,3,0.6363636363636364,0.2727272727272727,0.7272727272727273,0.7272727272727273,0.04183843520390429,0.0,0.0178828125,0.0208828125,-0.00025,0.0
oracle-boundary,civ-10,joint,intact,1,11,11,11,11,1.0,1.0,1.0,0,0,0.0,0.0,1.0,1.0,0.00034809390691218056,0.0,0.0,0.0,0.06375,0.06375
streaming,civ-10,joint,reset,0,3,3,3,3,1.0,1.0,1.0,0,0,0.0,0.0,1.0,1.0,0.0927039373554095,0.0,0.006604166666666667,0.007333333333333333,0.0904375,0.08
fixed,civ-10,joint,reset,0,3,5,2,0,0.0,0.0,0.0,3,1,1.0,0.3333333333333333,0.6666666666666666,0.6666666666666666,0.00037977452841708725,0.0,0.01553125,0.02340625,-0.013625,0.0
oracle-boundary,civ-10,joint,reset,0,3,3,3,3,1.0,1.0,1.0,0,0,0.0,0.0,1.0,1.0,0.0003395891855628719,0.0,0.0,0.0,0.050375,0.050375
streaming,civ-10,joint,reset,1,3,3,3,3,1.0,1.0,1.0,0,0,0.0,0.0,1.0,1.0,0.0927039373554095,0.0,0.006604166666666667,0.007333333333333333,0.0904375,0.08
fixed,civ-10,joint,reset,1,3,5,2,0,0.0,0.0,0.0,3,1,1.0,0.3333333333333333,0.6666666666666666,0.6666666666666666,0.00037977452841708725,0.0,0.01553125,0.02340625,-0.013625,0.0
oracle-boundary,civ-10,joint,reset,1,3,3,3,3,1.0,1.0,1.0,0,0,0.0,0.0,1.0,1.0,0.0003395891855628719,0.0,0.0,0.0,0.050375,0.050375
streaming,civ-10,joint,removal,0,9,10,9,9,0.9,1.0,0.9473684210526315,0,0,0.0,0.0,1.0,1.0,0.06173356031782045,0.0,0.0059652777777777785,0.007347222222222223,0.098125,0.088
fixed,civ-10,joint,removal,0,9,15,6,0,0.0,0.0,0.0,9,3,1.0,0.3333333333333333,0.6666666666666666,0.6666666666666666,0.05576543846189234,0.0,0.015114583333333334,0.025114583333333333,-0.011125,0.0
oracle-boundary,civ-10,joint,removal,0,9,9,9,9,1.0,1.0,1.0,0,0,0.0,0.0,1.0,1.0,0.00037695043833214155,0.0,0.0,0.0,0.052875,0.052875
streaming,civ-10,joint,removal,1,9,10,9,9,0.9,1.0,0.9473684210526315,0,0,0.0,0.0,1.0,1.0,0.06173356031782045,0.0,0.0059652777777777785,0.007347222222222223,0.098125,0.088
fixed,civ-10,joint,removal,1,9,15,6,0,0.0,0.0,0.0,9,3,1.0,0.3333333333333333,0.6666666666666666,0.6666666666666666,0.05576543846189234,0.0,0.015114583333333334,0.025114583333333333,-0.011125,0.0
oracle-boundary,civ-10,joint,removal,1,9,9,9,9,1.0,1.0,1.0,0,0,0.0,0.0,1.0,1.0,0.00037695043833214155,0.0,0.0,0.0,0.052875,0.052875
streaming,civ-10,joint,swap,0,11,12,11,11,0.9166666666666666,1.0,0.9565217391304348,0,0,0.0,0.0,0.9090909090909091,1.0,0.11385782783528792,0.0,0.00709659090909091,0.00815909090909091,0.111875,0.104
fixed,civ-10,joint,swap,0,11,16,8,1,0.0625,0.09090909090909091,0.07407407407407407,7,3,0.6363636363636364,0.2727272727272727,0.7272727272727273,0.7272727272727273,0.04183843520390429,0.0,0.0178828125,0.0208828125,-0.00025,0.0
oracle-boundary,civ-10,joint,swap,0,11,11,11,11,1.0,1.0,1.0,0,0,0.0,0.0,1.0,1.0,0.00034809390691218056,0.0,0.0,0.0,0.06375,0.06375
streaming,civ-10,joint,swap,1,11,12,11,11,0.9166666666666666,1.0,0.9565217391304348,0,0,0.0,0.0,0.9090909090909091,1.0,0.11432845098546177,0.0,0.007096590909090908,0.00815909090909091,0.111875,0.1
fixed,civ-10,joint,swap,1,11,16,8,1,0.0625,0.09090909090909091,0.07407407407407407,7,3,0.6363636363636364,0.2727272727272727,0.7272727272727273,0.7272727272727273,0.04186134517303808,0.0,0.0178828125,0.0208828125,-0.00025,0.0
oracle-boundary,civ-10,joint,swap,1,11,11,11,11,1.0,1.0,1.0,0,0,0.0,0.0,1.0,1.0,0.00034809390691218056,0.0,0.0,0.0,0.06375,0.06375
streaming,civ-10,joint,shuffle,0,11,12,11,11,0.9166666666666666,1.0,0.9565217391304348,0,0,0.0,0.0,0.9090909090909091,1.0,0.11360538468654159,0.0,0.0071193181818181815,0.008204545454545454,0.111875,0.104
fixed,civ-10,joint,shuffle,0,11,15,8,1,0.06666666666666667,0.09090909090909091,0.07692307692307693,6,2,0.5454545454545454,0.18181818181818182,0.6363636363636364,0.7272727272727273,0.046139524070033744,0.0,0.0178828125,0.0208828125,-0.00025,0.0
oracle-boundary,civ-10,joint,shuffle,0,11,11,11,11,1.0,1.0,1.0,0,0,0.0,0.0,1.0,1.0,0.00034809390691218056,0.0,0.0,0.0,0.06375,0.06375
streaming,civ-10,joint,shuffle,1,11,12,11,11,0.9166666666666666,1.0,0.9565217391304348,0,0,0.0,0.0,0.9090909090909091,1.0,0.11523842195552576,0.0,0.0071193181818181815,0.008204545454545454,0.111875,0.1
fixed,civ-10,joint,shuffle,1,11,15,8,1,0.06666666666666667,0.09090909090909091,0.07692307692307693,6,2,0.5454545454545454,0.18181818181818182,0.6363636363636364,0.7272727272727273,0.04616243403916753,0.0,0.0178828125,0.0208828125,-0.00025,0.0
oracle-boundary,civ-10,joint,shuffle,1,11,11,11,11,1.0,1.0,1.0,0,0,0.0,0.0,1.0,1.0,0.00034809390691218056,0.0,0.0,0.0,0.06375,0.06375
streaming,civ-10,joint,ambiguous,0,11,11,11,11,1.0,1.0,1.0,0,0,0.0,0.0,0.8181818181818182,1.0,0.13122406156885058,0.0,0.007142045454545454,0.007659090909090908,0.111875,0.1
fixed,civ-10,joint,ambiguous,0,11,15,8,1,0.06666666666666667,0.09090909090909091,0.07692307692307693,6,2,0.5454545454545454,0.18181818181818182,0.7272727272727273,0.7272727272727273,0.04190551219543659,0.0,0.0178828125,0.0208828125,-0.00025,0.0
oracle-boundary,civ-10,joint,ambiguous,0,11,11,11,11,1.0,1.0,1.0,0,0,0.0,0.0,1.0,1.0,0.0003576466054774453,0.0,0.0,0.0,0.06375,0.06375
streaming,civ-10,joint,ambiguous,1,11,11,11,11,1.0,1.0,1.0,0,0,0.0,0.0,0.8181818181818182,1.0,0.13122406156885058,0.0,0.007142045454545454,0.007659090909090908,0.111875,0.1
fixed,civ-10,joint,ambiguous,1,11,15,8,1,0.06666666666666667,0.09090909090909091,0.07692307692307693,6,2,0.5454545454545454,0.18181818181818182,0.7272727272727273,0.7272727272727273,0.04190551219543659,0.0,0.0178828125,0.0208828125,-0.00025,0.0
oracle-boundary,civ-10,joint,ambiguous,1,11,11,11,11,1.0,1.0,1.0,0,0,0.0,0.0,1.0,1.0,0.0003576466054774453,0.0,0.0,0.0,0.06375,0.06375
streaming,civ-11,detached,intact,0,11,10,9,9,0.9,0.8181818181818182,0.8571428571428571,0,1,0.0,0.09090909090909091,0.8181818181818182,0.8181818181818182,0.02472781342679495,0.0,0.004638888888888889,0.0030694444444444445,0.0815,0.08
fixed,civ-11,detached,intact,0,11,17,8,4,0.23529411764705882,0.36363636363636365,0.2857142857142857,6,2,0.5454545454545454,0.18181818181818182,0.7272727272727273,0.7272727272727273,0.0026793859643818863,0.0,0.01559375,0.0165625,0.005875,0.0
oracle-boundary,civ-11,detached,intact,0,11,11,11,11,1.0,1.0,1.0,0,0,0.0,0.0,1.0,1.0,0.0049317546975590106,0.0,0.0,0.0,0.0509375,0.0509375
streaming,civ-11,detached,intact,1,11,10,9,9,0.9,0.8181818181818182,0.8571428571428571,0,1,0.0,0.09090909090909091,0.8181818181818182,0.8181818181818182,0.033248024213471915,0.0,0.005083333333333333,0.0030694444444444445,0.0815,0.08
fixed,civ-11,detached,intact,1,11,18,8,4,0.2222222222222222,0.36363636363636365,0.27586206896551724,6,2,0.5454545454545454,0.18181818181818182,0.7272727272727273,0.7272727272727273,0.0024504041035515733,0.0,0.01559375,0.0165625,0.005875,0.0
oracle-boundary,civ-11,detached,intact,1,11,11,11,11,1.0,1.0,1.0,0,0,0.0,0.0,1.0,1.0,0.0049317546975590106,0.0,0.0,0.0,0.0509375,0.0509375
streaming,civ-11,legato,intact,0,11,10,9,9,0.9,0.8181818181818182,0.8571428571428571,0,1,0.0,0.09090909090909091,0.8181818181818182,0.8181818181818182,0.06351982591779798,0.0,0.005458333333333333,0.0061111111111111106,0.1149375,0.104
fixed,civ-11,legato,intact,0,11,18,8,4,0.2222222222222222,0.36363636363636365,0.27586206896551724,8,3,0.7272727272727273,0.2727272727272727,0.7272727272727273,0.7272727272727273,0.0038386471050464444,0.0,0.01559375,0.0165625,0.005875,0.0
oracle-boundary,civ-11,legato,intact,0,11,11,11,11,1.0,1.0,1.0,0,0,0.0,0.0,1.0,1.0,0.0008823301127404451,0.0,0.0,0.0,0.0509375,0.0509375
streaming,civ-11,legato,intact,1,11,10,9,9,0.9,0.8181818181818182,0.8571428571428571,0,1,0.0,0.09090909090909091,0.7272727272727273,0.8181818181818182,0.07581064584561562,0.0,0.00501388888888889,0.006111111111111111,0.1149375,0.1
fixed,civ-11,legato,intact,1,11,18,8,4,0.2222222222222222,0.36363636363636365,0.27586206896551724,8,3,0.7272727272727273,0.2727272727272727,0.7272727272727273,0.7272727272727273,0.003471147106479222,0.0,0.01559375,0.0165625,0.005875,0.0
oracle-boundary,civ-11,legato,intact,1,11,11,11,11,1.0,1.0,1.0,0,0,0.0,0.0,1.0,1.0,0.0008823301127404451,0.0,0.0,0.0,0.0509375,0.0509375
streaming,civ-11,duration,intact,0,11,11,11,11,1.0,1.0,1.0,0,0,0.0,0.0,0.9090909090909091,1.0,0.12297193104606695,0.0,0.006920454545454546,0.008295454545454545,0.111125,0.1
fixed,civ-11,duration,intact,0,11,17,8,1,0.058823529411764705,0.09090909090909091,0.07142857142857142,8,3,0.7272727272727273,0.2727272727272727,0.7272727272727273,0.7272727272727273,0.012111583196317444,0.0,0.017718750000000002,0.022078125,-0.00175,0.0
oracle-boundary,civ-11,duration,intact,0,11,11,11,11,1.0,1.0,1.0,0,0,0.0,0.0,1.0,1.0,0.0009346508623583428,0.0,0.0,0.0,0.06225,0.06225
streaming,civ-11,duration,intact,1,11,11,11,11,1.0,1.0,1.0,0,0,0.0,0.0,1.0,1.0,0.09406983818431348,0.0,0.006556818181818183,0.00793181818181818,0.111125,0.096
fixed,civ-11,duration,intact,1,11,17,8,1,0.058823529411764705,0.09090909090909091,0.07142857142857142,8,3,0.7272727272727273,0.2727272727272727,0.7272727272727273,0.7272727272727273,0.012133495634278013,0.0,0.017718750000000002,0.022078125,-0.00175,0.0
oracle-boundary,civ-11,duration,intact,1,11,11,11,11,1.0,1.0,1.0,0,0,0.0,0.0,1.0,1.0,0.0009346508623583428,0.0,0.0,0.0,0.06225,0.06225
streaming,civ-11,joint,intact,0,11,10,9,9,0.9,0.8181818181818182,0.8571428571428571,0,1,0.0,0.09090909090909091,0.8181818181818182,0.8181818181818182,0.05267312793096382,0.0,0.005604166666666666,0.0071041666666666675,0.111125,0.1
fixed,civ-11,joint,intact,0,11,17,8,1,0.058823529411764705,0.09090909090909091,0.07142857142857142,8,3,0.7272727272727273,0.2727272727272727,0.7272727272727273,0.7272727272727273,0.01494814549422907,0.0,0.017718750000000002,0.022078125,-0.00175,0.0
oracle-boundary,civ-11,joint,intact,0,11,11,11,11,1.0,1.0,1.0,0,0,0.0,0.0,1.0,1.0,0.0022280277729820534,0.0,0.0,0.0,0.06225,0.06225
streaming,civ-11,joint,intact,1,11,10,9,9,0.9,0.8181818181818182,0.8571428571428571,0,1,0.0,0.09090909090909091,0.8181818181818182,0.8181818181818182,0.06010683688774934,0.0,0.006048611111111111,0.0071041666666666675,0.111125,0.096
fixed,civ-11,joint,intact,1,11,17,8,1,0.058823529411764705,0.09090909090909091,0.07142857142857142,8,3,0.7272727272727273,0.2727272727272727,0.7272727272727273,0.7272727272727273,0.014989596427599672,0.0,0.017718750000000002,0.022078125,-0.00175,0.0
oracle-boundary,civ-11,joint,intact,1,11,11,11,11,1.0,1.0,1.0,0,0,0.0,0.0,1.0,1.0,0.0022280277729820534,0.0,0.0,0.0,0.06225,0.06225
streaming,civ-11,joint,reset,0,3,3,3,3,1.0,1.0,1.0,0,0,0.0,0.0,1.0,1.0,0.03424171160337153,0.0,0.004791666666666666,0.007,0.088375,0.076
fixed,civ-11,joint,reset,0,3,5,2,0,0.0,0.0,0.0,3,1,1.0,0.3333333333333333,0.6666666666666666,0.6666666666666666,0.007250942043651065,0.0,0.015437500000000002,0.0251875,-0.0155,0.0
oracle-boundary,civ-11,joint,reset,0,3,3,3,3,1.0,1.0,1.0,0,0,0.0,0.0,1.0,1.0,0.0005948517054991479,0.0,0.0,0.0,0.0485,0.0485
streaming,civ-11,joint,reset,1,3,3,3,3,1.0,1.0,1.0,0,0,0.0,0.0,1.0,1.0,0.03424171160337153,0.0,0.004791666666666666,0.007,0.088375,0.076
fixed,civ-11,joint,reset,1,3,5,2,0,0.0,0.0,0.0,3,1,1.0,0.3333333333333333,0.6666666666666666,0.6666666666666666,0.007250942043651065,0.0,0.015437500000000002,0.0251875,-0.0155,0.0
oracle-boundary,civ-11,joint,reset,1,3,3,3,3,1.0,1.0,1.0,0,0,0.0,0.0,1.0,1.0,0.0005948517054991479,0.0,0.0,0.0,0.0485,0.0485
streaming,civ-11,joint,removal,0,9,8,7,7,0.875,0.7777777777777778,0.8235294117647058,0,1,0.0,0.1111111111111111,0.7777777777777778,0.7777777777777778,0.03888950507848778,0.0,0.0045625000000000015,0.006080357142857143,0.088375,0.084
fixed,civ-11,joint,removal,0,9,14,6,0,0.0,0.0,0.0,7,2,0.7777777777777778,0.2222222222222222,0.6666666666666666,0.6666666666666666,0.018472581568964586,0.0,0.015208333333333332,0.026333333333333334,-0.01225,0.0
oracle-boundary,civ-11,joint,removal,0,9,9,9,9,1.0,1.0,1.0,0,0,0.0,0.0,1.0,1.0,0.0016918248291663612,0.0,0.0,0.0,0.05175,0.05175
streaming,civ-11,joint,removal,1,9,8,7,7,0.875,0.7777777777777778,0.8235294117647058,0,1,0.0,0.1111111111111111,0.7777777777777778,0.7777777777777778,0.03888950507848778,0.0,0.0045625000000000015,0.006080357142857143,0.088375,0.084
fixed,civ-11,joint,removal,1,9,14,6,0,0.0,0.0,0.0,7,2,0.7777777777777778,0.2222222222222222,0.6666666666666666,0.6666666666666666,0.018472581568964586,0.0,0.015208333333333332,0.026333333333333334,-0.01225,0.0
oracle-boundary,civ-11,joint,removal,1,9,9,9,9,1.0,1.0,1.0,0,0,0.0,0.0,1.0,1.0,0.0016918248291663612,0.0,0.0,0.0,0.05175,0.05175
streaming,civ-11,joint,swap,0,11,10,9,9,0.9,0.8181818181818182,0.8571428571428571,0,1,0.0,0.09090909090909091,0.8181818181818182,0.8181818181818182,0.06010683688774934,0.0,0.006048611111111111,0.0071041666666666675,0.111125,0.096
fixed,civ-11,joint,swap,0,11,17,8,1,0.058823529411764705,0.09090909090909091,0.07142857142857142,8,3,0.7272727272727273,0.2727272727272727,0.7272727272727273,0.7272727272727273,0.014989596427599672,0.0,0.017718750000000002,0.022078125,-0.00175,0.0
oracle-boundary,civ-11,joint,swap,0,11,11,11,11,1.0,1.0,1.0,0,0,0.0,0.0,1.0,1.0,0.0022280277729820534,0.0,0.0,0.0,0.06225,0.06225
streaming,civ-11,joint,swap,1,11,10,9,9,0.9,0.8181818181818182,0.8571428571428571,0,1,0.0,0.09090909090909091,0.8181818181818182,0.8181818181818182,0.05267312793096382,0.0,0.005604166666666666,0.0071041666666666675,0.111125,0.1
fixed,civ-11,joint,swap,1,11,17,8,1,0.058823529411764705,0.09090909090909091,0.07142857142857142,8,3,0.7272727272727273,0.2727272727272727,0.7272727272727273,0.7272727272727273,0.01494814549422907,0.0,0.017718750000000002,0.022078125,-0.00175,0.0
oracle-boundary,civ-11,joint,swap,1,11,11,11,11,1.0,1.0,1.0,0,0,0.0,0.0,1.0,1.0,0.0022280277729820534,0.0,0.0,0.0,0.06225,0.06225
streaming,civ-11,joint,shuffle,0,11,10,9,9,0.9,0.8181818181818182,0.8571428571428571,0,1,0.0,0.09090909090909091,0.8181818181818182,0.8181818181818182,0.06158815144809103,0.0,0.006354166666666667,0.007854166666666667,0.111125,0.096
fixed,civ-11,joint,shuffle,0,11,17,8,1,0.058823529411764705,0.09090909090909091,0.07142857142857142,9,4,0.8181818181818182,0.36363636363636365,0.7272727272727273,0.7272727272727273,0.030037994799966494,0.0,0.017718750000000002,0.022078125,-0.00175,0.0
oracle-boundary,civ-11,joint,shuffle,0,11,11,11,11,1.0,1.0,1.0,0,0,0.0,0.0,1.0,1.0,0.0022280277729820534,0.0,0.0,0.0,0.06225,0.06225
streaming,civ-11,joint,shuffle,1,11,10,9,9,0.9,0.8181818181818182,0.8571428571428571,0,1,0.0,0.09090909090909091,0.8181818181818182,0.8181818181818182,0.06052907908680933,0.0,0.0059097222222222225,0.007409722222222222,0.111125,0.1
fixed,civ-11,joint,shuffle,1,11,17,8,1,0.058823529411764705,0.09090909090909091,0.07142857142857142,9,4,0.8181818181818182,0.36363636363636365,0.7272727272727273,0.7272727272727273,0.029996543866595893,0.0,0.017718750000000002,0.022078125,-0.00175,0.0
oracle-boundary,civ-11,joint,shuffle,1,11,11,11,11,1.0,1.0,1.0,0,0,0.0,0.0,1.0,1.0,0.0022280277729820534,0.0,0.0,0.0,0.06225,0.06225
streaming,civ-11,joint,ambiguous,0,11,11,11,11,1.0,1.0,1.0,0,0,0.0,0.0,1.0,1.0,0.054448359522271256,0.0,0.004897727272727273,0.006272727272727272,0.111125,0.1
fixed,civ-11,joint,ambiguous,0,11,18,8,1,0.05555555555555555,0.09090909090909091,0.06896551724137931,10,4,0.9090909090909091,0.36363636363636365,0.7272727272727273,0.7272727272727273,0.029867378016696033,0.0,0.017718750000000002,0.022078125,-0.00175,0.0
oracle-boundary,civ-11,joint,ambiguous,0,11,11,11,11,1.0,1.0,1.0,0,0,0.0,0.0,1.0,1.0,0.0020714395638205085,0.0,0.0,0.0,0.06225,0.06225
streaming,civ-11,joint,ambiguous,1,11,11,11,11,1.0,1.0,1.0,0,0,0.0,0.0,1.0,1.0,0.054448359522271256,0.0,0.004897727272727273,0.006272727272727272,0.111125,0.1
fixed,civ-11,joint,ambiguous,1,11,18,8,1,0.05555555555555555,0.09090909090909091,0.06896551724137931,10,4,0.9090909090909091,0.36363636363636365,0.7272727272727273,0.7272727272727273,0.029867378016696033,0.0,0.017718750000000002,0.022078125,-0.00175,0.0
oracle-boundary,civ-11,joint,ambiguous,1,11,11,11,11,1.0,1.0,1.0,0,0,0.0,0.0,1.0,1.0,0.0020714395638205085,0.0,0.0,0.0,0.06225,0.06225
streaming,civ-12,detached,intact,0,11,11,11,11,1.0,1.0,1.0,0,0,0.0,0.0,1.0,1.0,0.0579684539613666,0.0,0.007011363636363636,0.009073863636363637,0.0809375,0.084
fixed,civ-12,detached,intact,0,11,9,8,4,0.4444444444444444,0.36363636363636365,0.4,0,0,0.0,0.0,0.7272727272727273,0.7272727272727273,0.0031410051974845588,0.0,0.014875,0.01725,0.004375,0.0
oracle-boundary,civ-12,detached,intact,0,11,11,11,11,1.0,1.0,1.0,0,0,0.0,0.0,1.0,1.0,0.0073913914571161225,0.0,0.0,0.0,0.0635,0.0635
streaming,civ-12,detached,intact,1,11,11,11,11,1.0,1.0,1.0,0,0,0.0,0.0,1.0,1.0,0.05439680324330762,0.0,0.007011363636363636,0.008710227272727274,0.0809375,0.072
fixed,civ-12,detached,intact,1,11,9,8,4,0.4444444444444444,0.36363636363636365,0.4,0,0,0.0,0.0,0.7272727272727273,0.7272727272727273,0.0034188298385069427,0.0,0.014875,0.01725,0.004375,0.0
oracle-boundary,civ-12,detached,intact,1,11,11,11,11,1.0,1.0,1.0,0,0,0.0,0.0,1.0,1.0,0.0073913914571161225,0.0,0.0,0.0,0.0635,0.0635
streaming,civ-12,legato,intact,0,11,12,11,11,0.9166666666666666,1.0,0.9565217391304348,0,0,0.0,0.0,0.8181818181818182,0.8181818181818182,0.09128192505582132,0.0,0.0073409090909090915,0.006994318181818181,0.0809375,0.08
fixed,civ-12,legato,intact,0,11,12,8,4,0.3333333333333333,0.36363636363636365,0.34782608695652173,4,2,0.36363636363636365,0.18181818181818182,0.7272727272727273,0.7272727272727273,0.008922565231250179,0.0,0.014875,0.01725,0.004375,0.0
oracle-boundary,civ-12,legato,intact,0,11,11,11,11,1.0,1.0,1.0,0,0,0.0,0.0,1.0,1.0,0.000229775870928852,0.0,0.0,0.0,0.0635,0.0635
streaming,civ-12,legato,intact,1,11,12,11,11,0.9166666666666666,1.0,0.9565217391304348,0,0,0.0,0.0,0.8181818181818182,0.9090909090909091,0.12230538379555829,0.0,0.0073409090909090915,0.007392045454545454,0.0809375,0.08
fixed,civ-12,legato,intact,1,11,12,8,4,0.3333333333333333,0.36363636363636365,0.34782608695652173,4,2,0.36363636363636365,0.18181818181818182,0.7272727272727273,0.7272727272727273,0.008232034652146059,0.0,0.014875,0.01725,0.004375,0.0
oracle-boundary,civ-12,legato,intact,1,11,11,11,11,1.0,1.0,1.0,0,0,0.0,0.0,1.0,1.0,0.000229775870928852,0.0,0.0,0.0,0.0635,0.0635
streaming,civ-12,duration,intact,0,11,11,11,11,1.0,1.0,1.0,0,0,0.0,0.0,0.6363636363636364,0.7272727272727273,2.486891899875703,0.0,0.009505681818181818,0.010090909090909091,0.09025,0.088
fixed,civ-12,duration,intact,0,11,10,7,1,0.1,0.09090909090909091,0.09523809523809523,0,0,0.0,0.0,0.6363636363636364,0.6363636363636364,0.009942915280543283,0.0,0.018151785714285714,0.021955357142857145,-0.00325,0.0
oracle-boundary,civ-12,duration,intact,0,11,11,11,11,1.0,1.0,1.0,0,0,0.0,0.0,1.0,1.0,0.00023305060686026638,0.0,0.0,0.0,0.06075,0.06075
streaming,civ-12,duration,intact,1,11,11,11,11,1.0,1.0,1.0,0,0,0.0,0.0,0.6363636363636364,0.7272727272727273,2.485982335493827,0.0,0.00986931818181818,0.010522727272727272,0.0955,0.088
fixed,civ-12,duration,intact,1,11,9,7,1,0.1111111111111111,0.09090909090909091,0.1,0,0,0.0,0.0,0.6363636363636364,0.6363636363636364,0.009969982363864371,0.0,0.018151785714285714,0.021955357142857145,-0.00325,0.0
oracle-boundary,civ-12,duration,intact,1,11,11,11,11,1.0,1.0,1.0,0,0,0.0,0.0,1.0,1.0,0.00023305060686026638,0.0,0.0,0.0,0.06075,0.06075
streaming,civ-12,joint,intact,0,11,11,11,11,1.0,1.0,1.0,0,0,0.0,0.0,0.5454545454545454,0.7272727272727273,3.9736221267110245,0.09090909090909091,0.010232954545454545,0.010818181818181819,0.0914375,0.088
fixed,civ-12,joint,intact,0,11,10,7,1,0.1,0.09090909090909091,0.09523809523809523,0,0,0.0,0.0,0.6363636363636364,0.6363636363636364,0.0072876255370688215,0.0,0.018151785714285714,0.021955357142857145,-0.00325,0.0
oracle-boundary,civ-12,joint,intact,0,11,11,11,11,1.0,1.0,1.0,0,0,0.0,0.0,1.0,1.0,0.0002516338146440831,0.0,0.0,0.0,0.06075,0.06075
streaming,civ-12,joint,intact,1,11,11,11,11,1.0,1.0,1.0,0,0,0.0,0.0,0.5454545454545454,0.7272727272727273,3.972712562329148,0.09090909090909091,0.01059659090909091,0.01125,0.0955,0.088
fixed,civ-12,joint,intact,1,11,9,7,1,0.1111111111111111,0.09090909090909091,0.1,0,0,0.0,0.0,0.6363636363636364,0.6363636363636364,0.00731469262038991,0.0,0.018151785714285714,0.021955357142857145,-0.00325,0.0
oracle-boundary,civ-12,joint,intact,1,11,11,11,11,1.0,1.0,1.0,0,0,0.0,0.0,1.0,1.0,0.0002516338146440831,0.0,0.0,0.0,0.06075,0.06075
streaming,civ-12,joint,reset,0,3,3,3,3,1.0,1.0,1.0,0,0,0.0,0.0,0.3333333333333333,1.0,10.334514866239244,0.3333333333333333,0.011104166666666667,0.010583333333333333,0.0914375,0.088
fixed,civ-12,joint,reset,0,3,3,2,0,0.0,0.0,0.0,0,0,0.0,0.0,0.6666666666666666,0.6666666666666666,0.006971153955855014,0.0,0.01534375,0.02696875,-0.017375,0.0
oracle-boundary,civ-12,joint,reset,0,3,3,3,3,1.0,1.0,1.0,0,0,0.0,0.0,1.0,1.0,0.000285364813035797,0.0,0.0,0.0,0.046625,0.046625
streaming,civ-12,joint,reset,1,3,3,3,3,1.0,1.0,1.0,0,0,0.0,0.0,0.3333333333333333,1.0,10.334514866239244,0.3333333333333333,0.011104166666666667,0.010583333333333333,0.0914375,0.088
fixed,civ-12,joint,reset,1,3,3,2,0,0.0,0.0,0.0,0,0,0.0,0.0,0.6666666666666666,0.6666666666666666,0.006971153955855014,0.0,0.01534375,0.02696875,-0.017375,0.0
oracle-boundary,civ-12,joint,reset,1,3,3,3,3,1.0,1.0,1.0,0,0,0.0,0.0,1.0,1.0,0.000285364813035797,0.0,0.0,0.0,0.046625,0.046625
streaming,civ-12,joint,removal,0,9,9,9,9,1.0,1.0,1.0,0,0,0.0,0.0,0.6666666666666666,0.8888888888888888,3.972438450533727,0.1111111111111111,0.010215277777777778,0.01023611111111111,0.0955,0.096
fixed,civ-12,joint,removal,0,9,9,5,0,0.0,0.0,0.0,0,0,0.0,0.0,0.5555555555555556,0.5555555555555556,0.010074267370416478,0.0,0.0156875,0.0265625,-0.013375,0.0
oracle-boundary,civ-12,joint,removal,0,9,9,9,9,1.0,1.0,1.0,0,0,0.0,0.0,1.0,1.0,0.00024440896090357117,0.0,0.0,0.0,0.050625,0.050625
streaming,civ-12,joint,removal,1,9,9,9,9,1.0,1.0,1.0,0,0,0.0,0.0,0.6666666666666666,0.8888888888888888,3.972438450533727,0.1111111111111111,0.010215277777777778,0.01023611111111111,0.0955,0.096
fixed,civ-12,joint,removal,1,9,9,5,0,0.0,0.0,0.0,0,0,0.0,0.0,0.5555555555555556,0.5555555555555556,0.010074267370416478,0.0,0.0156875,0.0265625,-0.013375,0.0
oracle-boundary,civ-12,joint,removal,1,9,9,9,9,1.0,1.0,1.0,0,0,0.0,0.0,1.0,1.0,0.00024440896090357117,0.0,0.0,0.0,0.050625,0.050625
streaming,civ-12,joint,swap,0,11,11,11,11,1.0,1.0,1.0,0,0,0.0,0.0,0.5454545454545454,0.7272727272727273,3.972712562329148,0.09090909090909091,0.01059659090909091,0.01125,0.0955,0.088
fixed,civ-12,joint,swap,0,11,9,7,1,0.1111111111111111,0.09090909090909091,0.1,0,0,0.0,0.0,0.6363636363636364,0.6363636363636364,0.00731469262038991,0.0,0.018151785714285714,0.021955357142857145,-0.00325,0.0
oracle-boundary,civ-12,joint,swap,0,11,11,11,11,1.0,1.0,1.0,0,0,0.0,0.0,1.0,1.0,0.0002516338146440831,0.0,0.0,0.0,0.06075,0.06075
streaming,civ-12,joint,swap,1,11,11,11,11,1.0,1.0,1.0,0,0,0.0,0.0,0.5454545454545454,0.7272727272727273,3.9736221267110245,0.09090909090909091,0.010232954545454545,0.010818181818181819,0.0914375,0.088
fixed,civ-12,joint,swap,1,11,10,7,1,0.1,0.09090909090909091,0.09523809523809523,0,0,0.0,0.0,0.6363636363636364,0.6363636363636364,0.0072876255370688215,0.0,0.018151785714285714,0.021955357142857145,-0.00325,0.0
oracle-boundary,civ-12,joint,swap,1,11,11,11,11,1.0,1.0,1.0,0,0,0.0,0.0,1.0,1.0,0.0002516338146440831,0.0,0.0,0.0,0.06075,0.06075
streaming,civ-12,joint,shuffle,0,11,11,11,11,1.0,1.0,1.0,0,0,0.0,0.0,0.6363636363636364,0.8181818181818182,3.54619635212471,0.09090909090909091,0.010232954545454545,0.010886363636363637,0.0955,0.088
fixed,civ-12,joint,shuffle,0,11,10,8,1,0.1,0.09090909090909091,0.09523809523809523,1,0,0.09090909090909091,0.0,0.7272727272727273,0.7272727272727273,0.03937368398841029,0.0,0.0208828125,0.0206953125,0.011875,0.0
oracle-boundary,civ-12,joint,shuffle,0,11,11,11,11,1.0,1.0,1.0,0,0,0.0,0.0,1.0,1.0,0.0002516338146440831,0.0,0.0,0.0,0.06075,0.06075
streaming,civ-12,joint,shuffle,1,11,11,11,11,1.0,1.0,1.0,0,0,0.0,0.0,0.6363636363636364,0.8181818181818182,3.547004853797489,0.09090909090909091,0.00986931818181818,0.010454545454545454,0.0914375,0.088
fixed,civ-12,joint,shuffle,1,11,11,8,1,0.09090909090909091,0.09090909090909091,0.09090909090909091,1,0,0.09090909090909091,0.0,0.7272727272727273,0.7272727272727273,0.03935000029050434,0.0,0.0208828125,0.0206953125,0.011875,0.0
oracle-boundary,civ-12,joint,shuffle,1,11,11,11,11,1.0,1.0,1.0,0,0,0.0,0.0,1.0,1.0,0.0002516338146440831,0.0,0.0,0.0,0.06075,0.06075
streaming,civ-12,joint,ambiguous,0,11,11,11,11,1.0,1.0,1.0,0,0,0.0,0.0,0.6363636363636364,0.8181818181818182,3.556698227984624,0.09090909090909091,0.009505681818181818,0.01009090909090909,0.0914375,0.088
fixed,civ-12,joint,ambiguous,0,11,11,8,1,0.09090909090909091,0.09090909090909091,0.09090909090909091,1,0,0.09090909090909091,0.0,0.7272727272727273,0.7272727272727273,0.03931511597845544,0.0,0.0208828125,0.0206953125,0.011875,0.0
oracle-boundary,civ-12,joint,ambiguous,0,11,11,11,11,1.0,1.0,1.0,0,0,0.0,0.0,1.0,1.0,0.00025660380009894337,0.0,0.0,0.0,0.06075,0.06075
streaming,civ-12,joint,ambiguous,1,11,11,11,11,1.0,1.0,1.0,0,0,0.0,0.0,0.6363636363636364,0.8181818181818182,3.556698227984624,0.09090909090909091,0.009505681818181818,0.01009090909090909,0.0914375,0.088
fixed,civ-12,joint,ambiguous,1,11,11,8,1,0.09090909090909091,0.09090909090909091,0.09090909090909091,1,0,0.09090909090909091,0.0,0.7272727272727273,0.7272727272727273,0.03931511597845544,0.0,0.0208828125,0.0206953125,0.011875,0.0
oracle-boundary,civ-12,joint,ambiguous,1,11,11,11,11,1.0,1.0,1.0,0,0,0.0,0.0,1.0,1.0,0.00025660380009894337,0.0,0.0,0.0,0.06075,0.06075
streaming,civ-13,detached,intact,0,11,10,9,9,0.9,0.8181818181818182,0.8571428571428571,0,1,0.0,0.09090909090909091,0.8181818181818182,0.8181818181818182,0.046500639384896424,0.0,0.0041666666666666675,0.004180555555555555,0.080375,0.072
fixed,civ-13,detached,intact,0,11,15,9,4,0.26666666666666666,0.36363636363636365,0.3076923076923077,5,1,0.45454545454545453,0.09090909090909091,0.8181818181818182,0.8181818181818182,0.027250781997574986,0.0,0.01726388888888889,0.016951388888888887,0.0078125,0.0
oracle-boundary,civ-13,detached,intact,0,11,11,11,11,1.0,1.0,1.0,0,0,0.0,0.0,1.0,1.0,0.003788071946228978,0.0,0.0,0.0,0.062375,0.062375
streaming,civ-13,detached,intact,1,11,10,9,9,0.9,0.8181818181818182,0.8571428571428571,0,1,0.0,0.09090909090909091,0.8181818181818182,0.8181818181818182,0.04093957692739419,0.0,0.0037222222222222223,0.003416666666666667,0.080375,0.076
fixed,civ-13,detached,intact,1,11,14,9,4,0.2857142857142857,0.36363636363636365,0.32,4,1,0.36363636363636365,0.09090909090909091,0.8181818181818182,0.8181818181818182,0.026521133337029705,0.0,0.01726388888888889,0.016951388888888887,0.0078125,0.0
oracle-boundary,civ-13,detached,intact,1,11,11,11,11,1.0,1.0,1.0,0,0,0.0,0.0,1.0,1.0,0.003788071946228978,0.0,0.0,0.0,0.062375,0.062375
streaming,civ-13,legato,intact,0,11,10,9,9,0.9,0.8181818181818182,0.8571428571428571,0,1,0.0,0.09090909090909091,0.8181818181818182,0.8181818181818182,0.08338248636740629,0.0,0.006472222222222222,0.008416666666666664,0.1134375,0.104
fixed,civ-13,legato,intact,0,11,15,9,4,0.26666666666666666,0.36363636363636365,0.3076923076923077,4,1,0.36363636363636365,0.09090909090909091,0.7272727272727273,0.8181818181818182,0.04756823448342651,0.0,0.01726388888888889,0.016951388888888887,0.0078125,0.0
oracle-boundary,civ-13,legato,intact,0,11,11,11,11,1.0,1.0,1.0,0,0,0.0,0.0,1.0,1.0,0.00018093374676440212,0.0,0.0,0.0,0.062375,0.062375
streaming,civ-13,legato,intact,1,11,10,9,9,0.9,0.8181818181818182,0.8571428571428571,0,1,0.0,0.09090909090909091,0.8181818181818182,0.8181818181818182,0.07710910211822172,0.0,0.006472222222222222,0.00797222222222222,0.1134375,0.104
fixed,civ-13,legato,intact,1,11,15,9,4,0.26666666666666666,0.36363636363636365,0.3076923076923077,4,1,0.36363636363636365,0.09090909090909091,0.7272727272727273,0.8181818181818182,0.04788579526261946,0.0,0.01726388888888889,0.016951388888888887,0.0078125,0.0
oracle-boundary,civ-13,legato,intact,1,11,11,11,11,1.0,1.0,1.0,0,0,0.0,0.0,1.0,1.0,0.00018093374676440212,0.0,0.0,0.0,0.062375,0.062375
streaming,civ-13,duration,intact,0,11,10,9,9,0.9,0.8181818181818182,0.8571428571428571,0,1,0.0,0.09090909090909091,0.5454545454545454,0.8181818181818182,0.19542200704854196,0.0,0.007993055555555555,0.01034027777777778,0.109625,0.104
fixed,civ-13,duration,intact,0,11,13,8,1,0.07692307692307693,0.09090909090909091,0.08333333333333333,2,1,0.18181818181818182,0.09090909090909091,0.7272727272727273,0.7272727272727273,0.010110659451093351,0.0,0.017390625,0.02446875,-0.00475,0.0
oracle-boundary,civ-13,duration,intact,0,11,11,11,11,1.0,1.0,1.0,0,0,0.0,0.0,1.0,1.0,0.00016045544539186355,0.0,0.0,0.0,0.05925,0.05925
streaming,civ-13,duration,intact,1,11,10,9,9,0.9,0.8181818181818182,0.8571428571428571,0,1,0.0,0.09090909090909091,0.5454545454545454,0.8181818181818182,0.19620142174709937,0.0,0.007548611111111111,0.009451388888888891,0.109625,0.1
fixed,civ-13,duration,intact,1,11,13,8,1,0.07692307692307693,0.09090909090909091,0.08333333333333333,2,1,0.18181818181818182,0.09090909090909091,0.7272727272727273,0.7272727272727273,0.010075270101712608,0.0,0.017390625,0.02446875,-0.00475,0.0
oracle-boundary,civ-13,duration,intact,1,11,11,11,11,1.0,1.0,1.0,0,0,0.0,0.0,1.0,1.0,0.00016045544539186355,0.0,0.0,0.0,0.05925,0.05925
streaming,civ-13,joint,intact,0,11,10,9,9,0.9,0.8181818181818182,0.8571428571428571,0,1,0.0,0.09090909090909091,0.45454545454545453,0.8181818181818182,4.851920441780018,0.18181818181818182,0.007993055555555555,0.010340277777777776,0.109625,0.104
fixed,civ-13,joint,intact,0,11,12,8,1,0.08333333333333333,0.09090909090909091,0.08695652173913043,1,0,0.09090909090909091,0.0,0.7272727272727273,0.7272727272727273,0.02128172363022851,0.0,0.017390625,0.02446875,-0.00475,0.0
oracle-boundary,civ-13,joint,intact,0,11,11,11,11,1.0,1.0,1.0,0,0,0.0,0.0,1.0,1.0,0.0003512281918223372,0.0,0.0,0.0,0.05925,0.05925
streaming,civ-13,joint,intact,1,11,10,9,9,0.9,0.8181818181818182,0.8571428571428571,0,1,0.0,0.09090909090909091,0.45454545454545453,0.8181818181818182,4.850455860036687,0.18181818181818182,0.007548611111111113,0.010340277777777778,0.109625,0.1
fixed,civ-13,joint,intact,1,11,12,8,1,0.08333333333333333,0.09090909090909091,0.08695652173913043,1,0,0.09090909090909091,0.0,0.7272727272727273,0.7272727272727273,0.021331976091366167,0.0,0.017390625,0.02446875,-0.00475,0.0
oracle-boundary,civ-13,joint,intact,1,11,11,11,11,1.0,1.0,1.0,0,0,0.0,0.0,1.0,1.0,0.0003512281918223372,0.0,0.0,0.0,0.05925,0.05925
streaming,civ-13,joint,reset,0,3,3,3,3,1.0,1.0,1.0,0,0,0.0,0.0,0.6666666666666666,1.0,0.15601601046588462,0.0,0.00775,0.01025,0.08975,0.076
fixed,civ-13,joint,reset,0,3,4,2,0,0.0,0.0,0.0,1,0,0.3333333333333333,0.0,0.6666666666666666,0.6666666666666666,0.015908595546419768,0.0,0.01525,0.028749999999999998,-0.01925,0.0
oracle-boundary,civ-13,joint,reset,0,3,3,3,3,1.0,1.0,1.0,0,0,0.0,0.0,1.0,1.0,0.00014445519798537512,0.0,0.0,0.0,0.04475,0.04475
streaming,civ-13,joint,reset,1,3,3,3,3,1.0,1.0,1.0,0,0,0.0,0.0,0.6666666666666666,1.0,0.15601601046588462,0.0,0.00775,0.01025,0.08975,0.076
fixed,civ-13,joint,reset,1,3,4,2,0,0.0,0.0,0.0,1,0,0.3333333333333333,0.0,0.6666666666666666,0.6666666666666666,0.015908595546419768,0.0,0.01525,0.028749999999999998,-0.01925,0.0
oracle-boundary,civ-13,joint,reset,1,3,3,3,3,1.0,1.0,1.0,0,0,0.0,0.0,1.0,1.0,0.00014445519798537512,0.0,0.0,0.0,0.04475,0.04475
streaming,civ-13,joint,removal,0,9,8,7,7,0.875,0.7777777777777778,0.8235294117647058,0,1,0.0,0.1111111111111111,0.4444444444444444,0.7777777777777778,3.5223753581380848,0.2222222222222222,0.006455357142857143,0.010312500000000002,0.08975,0.088
fixed,civ-13,joint,removal,0,9,11,6,0,0.0,0.0,0.0,2,0,0.2222222222222222,0.0,0.6666666666666666,0.6666666666666666,0.02816992551015544,0.0,0.015395833333333333,0.028770833333333332,-0.0145,0.0
oracle-boundary,civ-13,joint,removal,0,9,9,9,9,1.0,1.0,1.0,0,0,0.0,0.0,1.0,1.0,0.0002740814962582445,0.0,0.0,0.0,0.0495,0.0495
streaming,civ-13,joint,removal,1,9,8,7,7,0.875,0.7777777777777778,0.8235294117647058,0,1,0.0,0.1111111111111111,0.4444444444444444,0.7777777777777778,3.5223753581380848,0.2222222222222222,0.006455357142857143,0.010312500000000002,0.08975,0.088
fixed,civ-13,joint,removal,1,9,11,6,0,0.0,0.0,0.0,2,0,0.2222222222222222,0.0,0.6666666666666666,0.6666666666666666,0.02816992551015544,0.0,0.015395833333333333,0.028770833333333332,-0.0145,0.0
oracle-boundary,civ-13,joint,removal,1,9,9,9,9,1.0,1.0,1.0,0,0,0.0,0.0,1.0,1.0,0.0002740814962582445,0.0,0.0,0.0,0.0495,0.0495
streaming,civ-13,joint,swap,0,11,10,9,9,0.9,0.8181818181818182,0.8571428571428571,0,1,0.0,0.09090909090909091,0.45454545454545453,0.8181818181818182,4.850455860036687,0.18181818181818182,0.007548611111111113,0.010340277777777778,0.109625,0.1
fixed,civ-13,joint,swap,0,11,12,8,1,0.08333333333333333,0.09090909090909091,0.08695652173913043,1,0,0.09090909090909091,0.0,0.7272727272727273,0.7272727272727273,0.021331976091366167,0.0,0.017390625,0.02446875,-0.00475,0.0
oracle-boundary,civ-13,joint,swap,0,11,11,11,11,1.0,1.0,1.0,0,0,0.0,0.0,1.0,1.0,0.0003512281918223372,0.0,0.0,0.0,0.05925,0.05925
streaming,civ-13,joint,swap,1,11,10,9,9,0.9,0.8181818181818182,0.8571428571428571,0,1,0.0,0.09090909090909091,0.45454545454545453,0.8181818181818182,4.851920441780018,0.18181818181818182,0.007993055555555555,0.010340277777777776,0.109625,0.104
fixed,civ-13,joint,swap,1,11,12,8,1,0.08333333333333333,0.09090909090909091,0.08695652173913043,1,0,0.09090909090909091,0.0,0.7272727272727273,0.7272727272727273,0.02128172363022851,0.0,0.017390625,0.02446875,-0.00475,0.0
oracle-boundary,civ-13,joint,swap,1,11,11,11,11,1.0,1.0,1.0,0,0,0.0,0.0,1.0,1.0,0.0003512281918223372,0.0,0.0,0.0,0.05925,0.05925
streaming,civ-13,joint,shuffle,0,11,10,9,9,0.9,0.8181818181818182,0.8571428571428571,0,1,0.0,0.09090909090909091,0.45454545454545453,0.8181818181818182,4.856179925448986,0.18181818181818182,0.007909722222222223,0.010256944444444445,0.109625,0.1
fixed,civ-13,joint,shuffle,0,11,13,8,1,0.07692307692307693,0.09090909090909091,0.08333333333333333,2,1,0.18181818181818182,0.09090909090909091,0.7272727272727273,0.7272727272727273,0.025867500446847602,0.0,0.017390625,0.02446875,-0.00475,0.0
oracle-boundary,civ-13,joint,shuffle,0,11,11,11,11,1.0,1.0,1.0,0,0,0.0,0.0,1.0,1.0,0.0003512281918223372,0.0,0.0,0.0,0.05925,0.05925
streaming,civ-13,joint,shuffle,1,11,10,9,9,0.9,0.8181818181818182,0.8571428571428571,0,1,0.0,0.09090909090909091,0.45454545454545453,0.7272727272727273,3.0865056278100775,0.18181818181818182,0.008354166666666668,0.01070138888888889,0.109625,0.104
fixed,civ-13,joint,shuffle,1,11,13,8,1,0.07692307692307693,0.09090909090909091,0.08333333333333333,2,1,0.18181818181818182,0.09090909090909091,0.7272727272727273,0.7272727272727273,0.025817247985709946,0.0,0.017390625,0.02446875,-0.00475,0.0
oracle-boundary,civ-13,joint,shuffle,1,11,11,11,11,1.0,1.0,1.0,0,0,0.0,0.0,1.0,1.0,0.0003512281918223372,0.0,0.0,0.0,0.05925,0.05925
streaming,civ-13,joint,ambiguous,0,11,11,11,11,1.0,1.0,1.0,0,0,0.0,0.0,0.5454545454545454,0.9090909090909091,4.392304097682541,0.18181818181818182,0.008613636363636363,0.010613636363636365,0.109625,0.104
fixed,civ-13,joint,ambiguous,0,11,12,8,1,0.08333333333333333,0.09090909090909091,0.08695652173913043,1,0,0.09090909090909091,0.0,0.7272727272727273,0.7272727272727273,0.0258398134172797,0.0,0.017390625,0.02446875,-0.00475,0.0
oracle-boundary,civ-13,joint,ambiguous,0,11,11,11,11,1.0,1.0,1.0,0,0,0.0,0.0,1.0,1.0,0.00038644615074271115,0.0,0.0,0.0,0.05925,0.05925
streaming,civ-13,joint,ambiguous,1,11,11,11,11,1.0,1.0,1.0,0,0,0.0,0.0,0.5454545454545454,0.9090909090909091,4.392304097682541,0.18181818181818182,0.008613636363636363,0.010613636363636365,0.109625,0.104
fixed,civ-13,joint,ambiguous,1,11,12,8,1,0.08333333333333333,0.09090909090909091,0.08695652173913043,1,0,0.09090909090909091,0.0,0.7272727272727273,0.7272727272727273,0.0258398134172797,0.0,0.017390625,0.02446875,-0.00475,0.0
oracle-boundary,civ-13,joint,ambiguous,1,11,11,11,11,1.0,1.0,1.0,0,0,0.0,0.0,1.0,1.0,0.00038644615074271115,0.0,0.0,0.0,0.05925,0.05925
streaming,civ-14,detached,intact,0,11,11,11,11,1.0,1.0,1.0,0,0,0.0,0.0,1.0,1.0,0.06495036174071102,0.0,0.006681818181818181,0.005221590909090909,0.1051875,0.104
fixed,civ-14,detached,intact,0,11,12,9,4,0.3333333333333333,0.36363636363636365,0.34782608695652173,3,1,0.2727272727272727,0.09090909090909091,0.8181818181818182,0.8181818181818182,0.016351311552920578,0.0,0.01657638888888889,0.017493055555555557,0.0059375,0.0
oracle-boundary,civ-14,detached,intact,0,11,11,11,11,1.0,1.0,1.0,0,0,0.0,0.0,1.0,1.0,0.0022773964560579463,0.0,0.0,0.0,0.06125,0.06125
streaming,civ-14,detached,intact,1,11,11,11,11,1.0,1.0,1.0,0,0,0.0,0.0,1.0,1.0,0.07912823361063301,0.0,0.007045454545454546,0.005460227272727273,0.1051875,0.104
fixed,civ-14,detached,intact,1,11,12,9,4,0.3333333333333333,0.36363636363636365,0.34782608695652173,3,1,0.2727272727272727,0.09090909090909091,0.8181818181818182,0.8181818181818182,0.01703053928862117,0.0,0.01657638888888889,0.017493055555555557,0.0059375,0.0
oracle-boundary,civ-14,detached,intact,1,11,11,11,11,1.0,1.0,1.0,0,0,0.0,0.0,1.0,1.0,0.0022773964560579463,0.0,0.0,0.0,0.06125,0.06125
streaming,civ-14,legato,intact,0,11,11,11,11,1.0,1.0,1.0,0,0,0.0,0.0,0.8181818181818182,1.0,1.92258504595116,0.0,0.009954545454545454,0.010073863636363636,0.1051875,0.096
fixed,civ-14,legato,intact,0,11,15,9,4,0.26666666666666666,0.36363636363636365,0.3076923076923077,5,2,0.45454545454545453,0.18181818181818182,0.8181818181818182,0.8181818181818182,0.04554241003601936,0.0,0.01657638888888889,0.017493055555555557,0.0059375,0.0
oracle-boundary,civ-14,legato,intact,0,11,11,11,11,1.0,1.0,1.0,0,0,0.0,0.0,1.0,1.0,0.00044653415156185747,0.0,0.0,0.0,0.06125,0.06125
streaming,civ-14,legato,intact,1,11,11,11,11,1.0,1.0,1.0,0,0,0.0,0.0,0.7272727272727273,1.0,1.9249583569778137,0.0,0.009954545454545454,0.010073863636363636,0.1126875,0.104
fixed,civ-14,legato,intact,1,11,15,9,4,0.26666666666666666,0.36363636363636365,0.3076923076923077,5,2,0.45454545454545453,0.18181818181818182,0.8181818181818182,0.8181818181818182,0.04617853122403916,0.0,0.01657638888888889,0.017493055555555557,0.0059375,0.0
oracle-boundary,civ-14,legato,intact,1,11,11,11,11,1.0,1.0,1.0,0,0,0.0,0.0,1.0,1.0,0.00044653415156185747,0.0,0.0,0.0,0.06125,0.06125
streaming,civ-14,duration,intact,0,11,11,11,11,1.0,1.0,1.0,0,0,0.0,0.0,0.8181818181818182,1.0,4.0562904742303045,0.0,0.010630681818181819,0.010579545454545454,0.108875,0.104
fixed,civ-14,duration,intact,0,11,13,7,3,0.23076923076923078,0.2727272727272727,0.25,4,2,0.36363636363636365,0.18181818181818182,0.6363636363636364,0.6363636363636364,0.0045567469902397005,0.0,0.017455357142857144,0.024312500000000004,-0.00625,0.0
oracle-boundary,civ-14,duration,intact,0,11,11,11,11,1.0,1.0,1.0,0,0,0.0,0.0,1.0,1.0,0.0004176388582809342,0.0,0.0,0.0,0.05775,0.05775
streaming,civ-14,duration,intact,1,11,11,11,11,1.0,1.0,1.0,0,0,0.0,0.0,0.6363636363636364,1.0,4.078748228495294,0.0,0.010994318181818181,0.010943181818181817,0.108875,0.1
fixed,civ-14,duration,intact,1,11,13,7,3,0.23076923076923078,0.2727272727272727,0.25,4,2,0.36363636363636365,0.18181818181818182,0.6363636363636364,0.6363636363636364,0.0045751085334233875,0.0,0.017455357142857144,0.024312500000000004,-0.00625,0.0
oracle-boundary,civ-14,duration,intact,1,11,11,11,11,1.0,1.0,1.0,0,0,0.0,0.0,1.0,1.0,0.0004176388582809342,0.0,0.0,0.0,0.05775,0.05775
streaming,civ-14,joint,intact,0,11,11,11,11,1.0,1.0,1.0,0,0,0.0,0.0,0.6363636363636364,1.0,6.187617791761685,0.18181818181818182,0.010994318181818181,0.010943181818181817,0.108875,0.104
fixed,civ-14,joint,intact,0,11,13,7,3,0.23076923076923078,0.2727272727272727,0.25,4,2,0.36363636363636365,0.18181818181818182,0.6363636363636364,0.6363636363636364,0.0031104166973783265,0.0,0.017455357142857144,0.024312500000000004,-0.00625,0.0
oracle-boundary,civ-14,joint,intact,0,11,11,11,11,1.0,1.0,1.0,0,0,0.0,0.0,1.0,1.0,0.0007260078027941122,0.0,0.0,0.0,0.05775,0.05775
streaming,civ-14,joint,intact,1,11,11,11,11,1.0,1.0,1.0,0,0,0.0,0.0,0.45454545454545453,1.0,6.210075546026673,0.18181818181818182,0.011357954545454544,0.01130681818181818,0.108875,0.1
fixed,civ-14,joint,intact,1,11,13,7,3,0.23076923076923078,0.2727272727272727,0.25,4,2,0.36363636363636365,0.18181818181818182,0.6363636363636364,0.6363636363636364,0.0031287782405620135,0.0,0.017455357142857144,0.024312500000000004,-0.00625,0.0
oracle-boundary,civ-14,joint,intact,1,11,11,11,11,1.0,1.0,1.0,0,0,0.0,0.0,1.0,1.0,0.0007260078027941122,0.0,0.0,0.0,0.05775,0.05775
streaming,civ-14,joint,reset,0,3,3,3,3,1.0,1.0,1.0,0,0,0.0,0.0,0.3333333333333333,1.0,7.984359171490112,0.6666666666666666,0.011062500000000001,0.011041666666666667,0.0880625,0.076
fixed,civ-14,joint,reset,0,3,4,2,1,0.25,0.3333333333333333,0.2857142857142857,1,0,0.3333333333333333,0.0,0.6666666666666666,0.6666666666666666,0.0024162440956327913,0.0,0.01515625,0.030531250000000003,-0.021125,0.0
oracle-boundary,civ-14,joint,reset,0,3,3,3,3,1.0,1.0,1.0,0,0,0.0,0.0,1.0,1.0,0.001588507163444793,0.0,0.0,0.0,0.042875,0.042875
streaming,civ-14,joint,reset,1,3,3,3,3,1.0,1.0,1.0,0,0,0.0,0.0,0.3333333333333333,1.0,7.984359171490112,0.6666666666666666,0.011062500000000001,0.011041666666666667,0.0880625,0.076
fixed,civ-14,joint,reset,1,3,4,2,1,0.25,0.3333333333333333,0.2857142857142857,1,0,0.3333333333333333,0.0,0.6666666666666666,0.6666666666666666,0.0024162440956327913,0.0,0.01515625,0.030531250000000003,-0.021125,0.0
oracle-boundary,civ-14,joint,reset,1,3,3,3,3,1.0,1.0,1.0,0,0,0.0,0.0,1.0,1.0,0.001588507163444793,0.0,0.0,0.0,0.042875,0.042875
streaming,civ-14,joint,removal,0,9,9,9,9,1.0,1.0,1.0,0,0,0.0,0.0,0.5555555555555556,1.0,7.503558186102124,0.2222222222222222,0.0115625,0.011749999999999998,0.092875,0.084
fixed,civ-14,joint,removal,0,9,12,5,2,0.16666666666666666,0.2222222222222222,0.19047619047619047,5,2,0.5555555555555556,0.2222222222222222,0.5555555555555556,0.5555555555555556,0.0042197109269430655,0.0,0.0154625,0.028962500000000002,-0.015625,0.0
oracle-boundary,civ-14,joint,removal,0,9,9,9,9,1.0,1.0,1.0,0,0,0.0,0.0,1.0,1.0,0.0008356697027921535,0.0,0.0,0.0,0.048375,0.048375
streaming,civ-14,joint,removal,1,9,9,9,9,1.0,1.0,1.0,0,0,0.0,0.0,0.5555555555555556,1.0,7.503558186102124,0.2222222222222222,0.0115625,0.011749999999999998,0.092875,0.084
fixed,civ-14,joint,removal,1,9,12,5,2,0.16666666666666666,0.2222222222222222,0.19047619047619047,5,2,0.5555555555555556,0.2222222222222222,0.5555555555555556,0.5555555555555556,0.0042197109269430655,0.0,0.0154625,0.028962500000000002,-0.015625,0.0
oracle-boundary,civ-14,joint,removal,1,9,9,9,9,1.0,1.0,1.0,0,0,0.0,0.0,1.0,1.0,0.0008356697027921535,0.0,0.0,0.0,0.048375,0.048375
streaming,civ-14,joint,swap,0,11,11,11,11,1.0,1.0,1.0,0,0,0.0,0.0,0.45454545454545453,1.0,6.210075546026673,0.18181818181818182,0.011357954545454544,0.01130681818181818,0.108875,0.1
fixed,civ-14,joint,swap,0,11,13,7,3,0.23076923076923078,0.2727272727272727,0.25,4,2,0.36363636363636365,0.18181818181818182,0.6363636363636364,0.6363636363636364,0.0031287782405620135,0.0,0.017455357142857144,0.024312500000000004,-0.00625,0.0
oracle-boundary,civ-14,joint,swap,0,11,11,11,11,1.0,1.0,1.0,0,0,0.0,0.0,1.0,1.0,0.0007260078027941122,0.0,0.0,0.0,0.05775,0.05775
streaming,civ-14,joint,swap,1,11,11,11,11,1.0,1.0,1.0,0,0,0.0,0.0,0.6363636363636364,1.0,6.187617791761685,0.18181818181818182,0.010994318181818181,0.010943181818181817,0.108875,0.104
fixed,civ-14,joint,swap,1,11,13,7,3,0.23076923076923078,0.2727272727272727,0.25,4,2,0.36363636363636365,0.18181818181818182,0.6363636363636364,0.6363636363636364,0.0031104166973783265,0.0,0.017455357142857144,0.024312500000000004,-0.00625,0.0
oracle-boundary,civ-14,joint,swap,1,11,11,11,11,1.0,1.0,1.0,0,0,0.0,0.0,1.0,1.0,0.0007260078027941122,0.0,0.0,0.0,0.05775,0.05775
streaming,civ-14,joint,shuffle,0,11,11,11,11,1.0,1.0,1.0,0,0,0.0,0.0,0.36363636363636365,1.0,6.21303596243883,0.18181818181818182,0.011357954545454546,0.011306818181818182,0.108875,0.1
fixed,civ-14,joint,shuffle,0,11,13,8,3,0.23076923076923078,0.2727272727272727,0.25,2,0,0.18181818181818182,0.0,0.6363636363636364,0.7272727272727273,3.001248510165957,0.0,0.020273437499999998,0.0227109375,0.0115,0.0
oracle-boundary,civ-14,joint,shuffle,0,11,11,11,11,1.0,1.0,1.0,0,0,0.0,0.0,1.0,1.0,0.0007260078027941122,0.0,0.0,0.0,0.05775,0.05775
streaming,civ-14,joint,shuffle,1,11,11,11,11,1.0,1.0,1.0,0,0,0.0,0.0,0.45454545454545453,1.0,6.189923036175018,0.18181818181818182,0.010994318181818181,0.010943181818181817,0.108875,0.104
fixed,civ-14,joint,shuffle,1,11,13,8,3,0.23076923076923078,0.2727272727272727,0.25,2,0,0.18181818181818182,0.0,0.6363636363636364,0.7272727272727273,3.0012324438156712,0.0,0.020273437499999998,0.0227109375,0.0115,0.0
oracle-boundary,civ-14,joint,shuffle,1,11,11,11,11,1.0,1.0,1.0,0,0,0.0,0.0,1.0,1.0,0.0007260078027941122,0.0,0.0,0.0,0.05775,0.05775
streaming,civ-14,joint,ambiguous,0,11,11,11,11,1.0,1.0,1.0,0,0,0.0,0.0,0.6363636363636364,1.0,5.72653550007548,0.18181818181818182,0.010630681818181819,0.010579545454545454,0.108875,0.104
fixed,civ-14,joint,ambiguous,0,11,13,7,3,0.23076923076923078,0.2727272727272727,0.25,2,1,0.18181818181818182,0.09090909090909091,0.6363636363636364,0.6363636363636364,0.0031068068907509983,0.0,0.017455357142857144,0.024312500000000004,-0.00625,0.0
oracle-boundary,civ-14,joint,ambiguous,0,11,11,11,11,1.0,1.0,1.0,0,0,0.0,0.0,1.0,1.0,0.0007204989296329956,0.0,0.0,0.0,0.05775,0.05775
streaming,civ-14,joint,ambiguous,1,11,11,11,11,1.0,1.0,1.0,0,0,0.0,0.0,0.6363636363636364,1.0,5.72653550007548,0.18181818181818182,0.010630681818181819,0.010579545454545454,0.108875,0.104
fixed,civ-14,joint,ambiguous,1,11,13,7,3,0.23076923076923078,0.2727272727272727,0.25,2,1,0.18181818181818182,0.09090909090909091,0.6363636363636364,0.6363636363636364,0.0031068068907509983,0.0,0.017455357142857144,0.024312500000000004,-0.00625,0.0
oracle-boundary,civ-14,joint,ambiguous,1,11,11,11,11,1.0,1.0,1.0,0,0,0.0,0.0,1.0,1.0,0.0007204989296329956,0.0,0.0,0.0,0.05775,0.05775
streaming,civ-15,detached,intact,0,11,11,11,11,1.0,1.0,1.0,0,0,0.0,0.0,1.0,1.0,0.07643986295615722,0.0,0.005789772727272728,0.0053124999999999995,0.1119375,0.104
fixed,civ-15,detached,intact,0,11,18,9,3,0.16666666666666666,0.2727272727272727,0.20689655172413793,10,4,0.9090909090909091,0.36363636363636365,0.8181818181818182,0.8181818181818182,0.014826629106625293,0.0,0.015916666666666666,0.0180625,0.0040625,0.0
oracle-boundary,civ-15,detached,intact,0,11,11,11,11,1.0,1.0,1.0,0,0,0.0,0.0,1.0,1.0,0.002595364929390084,0.0,0.0,0.0,0.063875,0.063875
streaming,civ-15,detached,intact,1,11,11,11,11,1.0,1.0,1.0,0,0,0.0,0.0,1.0,1.0,0.07606472067410731,0.0,0.005789772727272728,0.0053124999999999995,0.103125,0.096
fixed,civ-15,detached,intact,1,11,18,9,3,0.16666666666666666,0.2727272727272727,0.20689655172413793,10,4,0.9090909090909091,0.36363636363636365,0.8181818181818182,0.8181818181818182,0.013728174634321435,0.0,0.015916666666666666,0.0180625,0.0040625,0.0
oracle-boundary,civ-15,detached,intact,1,11,11,11,11,1.0,1.0,1.0,0,0,0.0,0.0,1.0,1.0,0.002595364929390084,0.0,0.0,0.0,0.063875,0.063875
streaming,civ-15,legato,intact,0,11,12,11,11,0.9166666666666666,1.0,0.9565217391304348,0,0,0.0,0.0,0.7272727272727273,1.0,1.858518378064231,0.0,0.009062500000000001,0.0098125,0.1119375,0.096
fixed,civ-15,legato,intact,0,11,18,9,3,0.16666666666666666,0.2727272727272727,0.20689655172413793,10,4,0.9090909090909091,0.36363636363636365,0.8181818181818182,0.8181818181818182,0.02328502014727797,0.0,0.015916666666666666,0.0180625,0.0040625,0.0
oracle-boundary,civ-15,legato,intact,0,11,11,11,11,1.0,1.0,1.0,0,0,0.0,0.0,1.0,1.0,0.0015091233145983938,0.0,0.0,0.0,0.063875,0.063875
streaming,civ-15,legato,intact,1,11,12,11,11,0.9166666666666666,1.0,0.9565217391304348,0,0,0.0,0.0,0.7272727272727273,1.0,1.8571803484967135,0.0,0.0090625,0.009823863636363638,0.1119375,0.1
fixed,civ-15,legato,intact,1,11,18,9,3,0.16666666666666666,0.2727272727272727,0.20689655172413793,10,4,0.9090909090909091,0.36363636363636365,0.8181818181818182,0.8181818181818182,0.023326441393462873,0.0,0.015916666666666666,0.0180625,0.0040625,0.0
oracle-boundary,civ-15,legato,intact,1,11,11,11,11,1.0,1.0,1.0,0,0,0.0,0.0,1.0,1.0,0.0015091233145983938,0.0,0.0,0.0,0.063875,0.063875
streaming,civ-15,duration,intact,0,11,12,11,11,0.9166666666666666,1.0,0.9565217391304348,0,0,0.0,0.0,0.9090909090909091,1.0,1.803194602893086,0.0,0.0069886363636363635,0.0075340909090909096,0.108125,0.092
fixed,civ-15,duration,intact,0,11,19,7,3,0.15789473684210525,0.2727272727272727,0.2,11,5,1.0,0.45454545454545453,0.5454545454545454,0.6363636363636364,2.7184842094693233,0.0,0.021125,0.0213125,0.0113125,0.0
oracle-boundary,civ-15,duration,intact,0,11,11,11,11,1.0,1.0,1.0,0,0,0.0,0.0,1.0,1.0,0.001508902099612832,0.0,0.0,0.0,0.05625,0.05625
streaming,civ-15,duration,intact,1,11,12,11,11,0.9166666666666666,1.0,0.9565217391304348,0,0,0.0,0.0,0.9090909090909091,1.0,1.7976338161139893,0.0,0.0069886363636363635,0.007511363636363636,0.12025,0.104
fixed,civ-15,duration,intact,1,11,19,7,3,0.15789473684210525,0.2727272727272727,0.2,11,5,1.0,0.45454545454545453,0.5454545454545454,0.6363636363636364,2.718344150964723,0.0,0.021125,0.0213125,0.0113125,0.0
oracle-boundary,civ-15,duration,intact,1,11,11,11,11,1.0,1.0,1.0,0,0,0.0,0.0,1.0,1.0,0.001508902099612832,0.0,0.0,0.0,0.05625,0.05625
streaming,civ-15,joint,intact,0,11,11,11,11,1.0,1.0,1.0,0,0,0.0,0.0,0.7272727272727273,1.0,3.9659401159848753,0.18181818181818182,0.01046590909090909,0.010181818181818183,0.108125,0.092
fixed,civ-15,joint,intact,0,11,17,7,3,0.17647058823529413,0.2727272727272727,0.21428571428571427,7,3,0.6363636363636364,0.2727272727272727,0.5454545454545454,0.6363636363636364,2.721665257599735,0.0,0.021125,0.0213125,0.0113125,0.0
oracle-boundary,civ-15,joint,intact,0,11,11,11,11,1.0,1.0,1.0,0,0,0.0,0.0,1.0,1.0,0.005029486014354167,0.0,0.0,0.0,0.05625,0.05625
streaming,civ-15,joint,intact,1,11,11,11,11,1.0,1.0,1.0,0,0,0.0,0.0,0.7272727272727273,1.0,3.966265309823024,0.18181818181818182,0.010465909090909092,0.010181818181818183,0.12025,0.104
fixed,civ-15,joint,intact,1,11,17,7,3,0.17647058823529413,0.2727272727272727,0.21428571428571427,7,3,0.6363636363636364,0.2727272727272727,0.5454545454545454,0.6363636363636364,2.7217678240272583,0.0,0.021125,0.0213125,0.0113125,0.0
oracle-boundary,civ-15,joint,intact,1,11,11,11,11,1.0,1.0,1.0,0,0,0.0,0.0,1.0,1.0,0.005029486014354167,0.0,0.0,0.0,0.05625,0.05625
streaming,civ-15,joint,reset,0,3,3,3,3,1.0,1.0,1.0,0,0,0.0,0.0,1.0,1.0,0.09683530735951844,0.0,0.0050416666666666665,0.0065,0.086375,0.08
fixed,civ-15,joint,reset,0,3,5,2,1,0.2,0.3333333333333333,0.25,3,2,1.0,0.6666666666666666,0.6666666666666666,0.6666666666666666,0.00670783241483619,0.0,0.0150625,0.0323125,-0.023,0.0
oracle-boundary,civ-15,joint,reset,0,3,3,3,3,1.0,1.0,1.0,0,0,0.0,0.0,1.0,1.0,0.0013011610111265763,0.0,0.0,0.0,0.041,0.041
streaming,civ-15,joint,reset,1,3,3,3,3,1.0,1.0,1.0,0,0,0.0,0.0,1.0,1.0,0.09683530735951844,0.0,0.0050416666666666665,0.0065,0.086375,0.08
fixed,civ-15,joint,reset,1,3,5,2,1,0.2,0.3333333333333333,0.25,3,2,1.0,0.6666666666666666,0.6666666666666666,0.6666666666666666,0.00670783241483619,0.0,0.0150625,0.0323125,-0.023,0.0
oracle-boundary,civ-15,joint,reset,1,3,3,3,3,1.0,1.0,1.0,0,0,0.0,0.0,1.0,1.0,0.0013011610111265763,0.0,0.0,0.0,0.041,0.041
streaming,civ-15,joint,removal,0,9,9,9,9,1.0,1.0,1.0,0,0,0.0,0.0,0.7777777777777778,1.0,3.5090544684627725,0.1111111111111111,0.009791666666666666,0.011069444444444444,0.0915625,0.08
fixed,civ-15,joint,removal,0,9,13,5,2,0.15384615384615385,0.2222222222222222,0.18181818181818182,5,2,0.5555555555555556,0.2222222222222222,0.4444444444444444,0.5555555555555556,3.806867581837269,0.0,0.020975,0.024312499999999997,0.0113125,0.0
oracle-boundary,civ-15,joint,removal,0,9,9,9,9,1.0,1.0,1.0,0,0,0.0,0.0,1.0,1.0,0.0042334450484418085,0.0,0.0,0.0,0.04725,0.04725
streaming,civ-15,joint,removal,1,9,9,9,9,1.0,1.0,1.0,0,0,0.0,0.0,0.7777777777777778,1.0,3.5090544684627725,0.1111111111111111,0.009791666666666666,0.011069444444444444,0.0915625,0.08
fixed,civ-15,joint,removal,1,9,13,5,2,0.15384615384615385,0.2222222222222222,0.18181818181818182,5,2,0.5555555555555556,0.2222222222222222,0.4444444444444444,0.5555555555555556,3.806867581837269,0.0,0.020975,0.024312499999999997,0.0113125,0.0
oracle-boundary,civ-15,joint,removal,1,9,9,9,9,1.0,1.0,1.0,0,0,0.0,0.0,1.0,1.0,0.0042334450484418085,0.0,0.0,0.0,0.04725,0.04725
streaming,civ-15,joint,swap,0,11,11,11,11,1.0,1.0,1.0,0,0,0.0,0.0,0.7272727272727273,1.0,3.966265309823024,0.18181818181818182,0.010465909090909092,0.010181818181818183,0.12025,0.104
fixed,civ-15,joint,swap,0,11,17,7,3,0.17647058823529413,0.2727272727272727,0.21428571428571427,7,3,0.6363636363636364,0.2727272727272727,0.5454545454545454,0.6363636363636364,2.7217678240272583,0.0,0.021125,0.0213125,0.0113125,0.0
oracle-boundary,civ-15,joint,swap,0,11,11,11,11,1.0,1.0,1.0,0,0,0.0,0.0,1.0,1.0,0.005029486014354167,0.0,0.0,0.0,0.05625,0.05625
streaming,civ-15,joint,swap,1,11,11,11,11,1.0,1.0,1.0,0,0,0.0,0.0,0.7272727272727273,1.0,3.9659401159848753,0.18181818181818182,0.01046590909090909,0.010181818181818183,0.108125,0.092
fixed,civ-15,joint,swap,1,11,17,7,3,0.17647058823529413,0.2727272727272727,0.21428571428571427,7,3,0.6363636363636364,0.2727272727272727,0.5454545454545454,0.6363636363636364,2.721665257599735,0.0,0.021125,0.0213125,0.0113125,0.0
oracle-boundary,civ-15,joint,swap,1,11,11,11,11,1.0,1.0,1.0,0,0,0.0,0.0,1.0,1.0,0.005029486014354167,0.0,0.0,0.0,0.05625,0.05625
streaming,civ-15,joint,shuffle,0,11,11,11,11,1.0,1.0,1.0,0,0,0.0,0.0,0.7272727272727273,1.0,3.966221732040241,0.18181818181818182,0.010465909090909092,0.010181818181818183,0.12025,0.104
fixed,civ-15,joint,shuffle,0,11,18,7,3,0.16666666666666666,0.2727272727272727,0.20689655172413793,9,4,0.8181818181818182,0.36363636363636365,0.5454545454545454,0.6363636363636364,1.715692298402136,0.09090909090909091,0.021125,0.0213125,0.0113125,0.0
oracle-boundary,civ-15,joint,shuffle,0,11,11,11,11,1.0,1.0,1.0,0,0,0.0,0.0,1.0,1.0,0.005029486014354167,0.0,0.0,0.0,0.05625,0.05625
streaming,civ-15,joint,shuffle,1,11,11,11,11,1.0,1.0,1.0,0,0,0.0,0.0,0.7272727272727273,1.0,3.9667228177181046,0.18181818181818182,0.010465909090909088,0.010181818181818183,0.108125,0.092
fixed,civ-15,joint,shuffle,1,11,18,7,3,0.16666666666666666,0.2727272727272727,0.20689655172413793,9,4,0.8181818181818182,0.36363636363636365,0.5454545454545454,0.6363636363636364,1.7155897319746127,0.09090909090909091,0.021125,0.0213125,0.0113125,0.0
oracle-boundary,civ-15,joint,shuffle,1,11,11,11,11,1.0,1.0,1.0,0,0,0.0,0.0,1.0,1.0,0.005029486014354167,0.0,0.0,0.0,0.05625,0.05625
streaming,civ-15,joint,ambiguous,0,11,11,11,11,1.0,1.0,1.0,0,0,0.0,0.0,0.5454545454545454,1.0,6.750060164302601,0.2727272727272727,0.010829545454545455,0.011272727272727273,0.108125,0.092
fixed,civ-15,joint,ambiguous,0,11,17,7,3,0.17647058823529413,0.2727272727272727,0.21428571428571427,7,3,0.6363636363636364,0.2727272727272727,0.5454545454545454,0.6363636363636364,1.7151797182304784,0.09090909090909091,0.021125,0.0213125,0.0113125,0.0
oracle-boundary,civ-15,joint,ambiguous,0,11,11,11,11,1.0,1.0,1.0,0,0,0.0,0.0,1.0,1.0,0.004767145107398043,0.0,0.0,0.0,0.05625,0.05625
streaming,civ-15,joint,ambiguous,1,11,11,11,11,1.0,1.0,1.0,0,0,0.0,0.0,0.5454545454545454,1.0,6.750060164302601,0.2727272727272727,0.010829545454545455,0.011272727272727273,0.108125,0.092
fixed,civ-15,joint,ambiguous,1,11,17,7,3,0.17647058823529413,0.2727272727272727,0.21428571428571427,7,3,0.6363636363636364,0.2727272727272727,0.5454545454545454,0.6363636363636364,1.7151797182304784,0.09090909090909091,0.021125,0.0213125,0.0113125,0.0
oracle-boundary,civ-15,joint,ambiguous,1,11,11,11,11,1.0,1.0,1.0,0,0,0.0,0.0,1.0,1.0,0.004767145107398043,0.0,0.0,0.0,0.05625,0.05625
