query_id,reference_id,path_index,used_for_support,role,correspondence_order,reference_event,query_event,reference_onset_s,reference_offset_s,reference_pitch_semitones,query_onset_s,query_offset_s,query_pitch_semitones,mapped_reference_onset_s,mapped_reference_offset_s,mapped_reference_pitch_semitones,pitch_residual_semitones,timing_residual_s,absolute_pitch_change_semitones,onset_change_s
e08_query_a_delete_two,e08_distractor_0,0,True,maximum_candidate,0,0,0,0.1340000033378601,0.22499999403953552,5.432331085205078,0.1340000033378601,0.22499999403953552,5.432331085205078,0.1340000033378601,0.17949999868869781,5.432331085205078,0.0,0.0,0.0,0.0
e08_query_a_delete_two,e08_distractor_0,0,True,maximum_candidate,1,2,1,0.46399998664855957,0.5559999942779541,11.43239688873291,0.29899999499320984,0.39100000262260437,11.43239688873291,0.29899999499320984,0.3449999988079071,11.43239688873291,0.0,0.0,0.0,-0.16499999165534973
e08_query_a_delete_two,e08_distractor_1,0,True,maximum_candidate,0,2,0,0.46399998664855957,0.5550000071525574,5.432331085205078,0.1340000033378601,0.22499999403953552,5.432331085205078,0.1340000033378601,0.22500000740542403,5.432331085205078,0.0,0.0,0.0,-0.32999998331069946
e08_query_a_delete_two,e08_distractor_1,0,True,maximum_candidate,1,3,1,0.6290000081062317,0.7210000157356262,11.43239688873291,0.29899999499320984,0.39100000262260437,11.43239688873291,0.29899999499320984,0.39099998600555264,11.43239688873291,0.0,0.0,0.0,-0.33000001311302185
e08_query_a_delete_two,e08_distractor_2,0,True,maximum_candidate,0,1,0,0.29899999499320984,0.38999998569488525,5.432331085205078,0.1340000033378601,0.22499999403953552,5.432331085205078,0.1340000033378601,0.17949999457959032,5.432331085205078,0.0,0.0,0.0,-0.16499999165534973
e08_query_a_delete_two,e08_distractor_2,0,True,maximum_candidate,1,3,1,0.6290000081062317,0.7210000157356262,11.43239688873291,0.29899999499320984,0.39100000262260437,11.43239688873291,0.29899999499320984,0.3449999946536438,11.43239688873291,0.0,0.0,0.0,-0.33000001311302185
e08_query_a_delete_two,e08_distractor_3,0,True,maximum_candidate,0,1,0,0.29899999499320984,0.38999998569488525,5.432331085205078,0.1340000033378601,0.22499999403953552,5.432331085205078,0.1340000033378601,0.22499999403953552,5.432331085205078,0.0,0.0,0.0,-0.16499999165534973
e08_query_a_delete_two,e08_distractor_3,0,True,maximum_candidate,1,2,1,0.46399998664855957,0.5559999942779541,11.43239688873291,0.29899999499320984,0.39100000262260437,11.43239688873291,0.29899999499320984,0.39100000262260437,11.43239688873291,0.0,0.0,0.0,-0.16499999165534973
e08_query_a_delete_two,e08_reference_a,0,True,true_source,0,0,0,0.1340000033378601,0.22499999403953552,5.432331085205078,0.1340000033378601,0.22499999403953552,5.432331085205078,0.1340000033378601,0.22499999403953552,5.432331085205078,0.0,0.0,0.0,0.0
e08_query_a_delete_two,e08_reference_a,0,True,true_source,1,1,1,0.29899999499320984,0.39100000262260437,11.43239688873291,0.29899999499320984,0.39100000262260437,11.43239688873291,0.29899999499320984,0.39100000262260437,11.43239688873291,0.0,0.0,0.0,0.0
e08_query_a_delete_two,e08_reference_b,0,True,maximum_candidate,0,0,0,0.1340000033378601,0.22499999403953552,5.432331085205078,0.1340000033378601,0.22499999403953552,5.432331085205078,0.1340000033378601,0.16433333174548187,5.432331085205078,0.0,-1.3877787807814457e-17,0.0,0.0
e08_query_a_delete_two,e08_reference_b,0,True,maximum_candidate,1,3,1,0.6290000081062317,0.7210000157356262,11.43239688873291,0.29899999499320984,0.39100000262260437,11.43239688873291,0.29899999499320984,0.32966666235666875,11.43239688873291,0.0,0.0,0.0,-0.33000001311302185
e08_query_a_merged,e08_distractor_0,0,True,maximum_candidate,0,0,0,0.1340000033378601,0.22499999403953552,5.432331085205078,0.1340000033378601,0.22499999403953552,5.432331085205078,0.1340000033378601,0.22499999403953552,5.432331085205078,0.0,0.0,0.0,0.0
e08_query_a_merged,e08_distractor_0,0,True,maximum_candidate,1,3,2,0.6290000081062317,0.7210000157356262,7.4324846267700195,0.6290000081062317,0.7210000157356262,7.4324846267700195,0.6290000081062317,0.7210000157356262,7.4324846267700195,0.0,0.0,0.0,0.0
e08_query_a_merged,e08_distractor_1,0,True,maximum_candidate,0,1,0,0.29899999499320984,0.39100000262260437,3.4323339462280273,0.1340000033378601,0.22499999403953552,5.432331085205078,0.1340000033378601,0.4100000428430983,5.432409286499023,-7.82012939453125e-05,0.0,1.9999971389770508,-0.16499999165534973
e08_query_a_merged,e08_distractor_1,0,True,maximum_candidate,1,2,2,0.46399998664855957,0.5550000071525574,5.432331085205078,0.6290000081062317,0.7210000157356262,7.4324846267700195,0.6290000081062317,0.902000086054662,7.432406425476074,7.82012939453125e-05,0.0,2.0001535415649414,0.16500002145767212
e08_query_a_merged,e08_distractor_2,0,True,maximum_candidate,0,1,0,0.29899999499320984,0.38999998569488525,5.432331085205078,0.1340000033378601,0.22499999403953552,5.432331085205078,0.1340000033378601,0.4069999918793179,5.432331085205078,0.0,0.0,0.0,-0.16499999165534973
e08_query_a_merged,e08_distractor_2,0,True,maximum_candidate,1,2,2,0.46399998664855957,0.5559999942779541,7.4324846267700195,0.6290000081062317,0.7210000157356262,7.4324846267700195,0.6290000081062317,0.9050000476114699,7.4324846267700195,0.0,0.0,0.0,0.16500002145767212
e08_query_a_merged,e08_distractor_2,1,False,maximum_candidate,0,0,0,0.1340000033378601,0.22599999606609344,3.4323339462280273,0.1340000033378601,0.22499999403953552,5.432331085205078,0.1340000033378601,0.4099999981396121,5.432409286499023,-7.82012939453125e-05,0.0,1.9999971389770508,0.0
e08_query_a_merged,e08_distractor_2,1,False,maximum_candidate,1,1,2,0.29899999499320984,0.38999998569488525,5.432331085205078,0.6290000081062317,0.7210000157356262,7.4324846267700195,0.6290000081062317,0.9019999966476895,7.432406425476074,7.82012939453125e-05,0.0,2.0001535415649414,0.33000001311302185
e08_query_a_merged,e08_distractor_3,0,True,maximum_candidate,0,1,0,0.29899999499320984,0.38999998569488525,5.432331085205078,0.1340000033378601,0.22499999403953552,5.432331085205078,0.1340000033378601,0.27049998528126573,5.432331085205078,0.0,0.0,0.0,-0.16499999165534973
e08_query_a_merged,e08_distractor_3,0,True,maximum_candidate,1,3,2,0.6290000081062317,0.7210000157356262,7.4324846267700195,0.6290000081062317,0.7210000157356262,7.4324846267700195,0.6290000081062317,0.7670000153960602,7.4324846267700195,0.0,0.0,0.0,0.0
e08_query_a_merged,e08_distractor_3,1,False,maximum_candidate,0,0,0,0.1340000033378601,0.22599999606609344,3.4323339462280273,0.1340000033378601,0.22499999403953552,5.432331085205078,0.1340000033378601,0.4099999981396121,5.432409286499023,-7.82012939453125e-05,0.0,1.9999971389770508,0.0
e08_query_a_merged,e08_distractor_3,1,False,maximum_candidate,1,1,2,0.29899999499320984,0.38999998569488525,5.432331085205078,0.6290000081062317,0.7210000157356262,7.4324846267700195,0.6290000081062317,0.9019999966476895,7.432406425476074,7.82012939453125e-05,0.0,2.0001535415649414,0.33000001311302185
e08_query_a_merged,e08_distractor_4,0,True,maximum_candidate,0,0,0,0.1340000033378601,0.22599999606609344,3.4323337078094482,0.1340000033378601,0.22499999403953552,5.432331085205078,0.1340000033378601,0.22599999606609344,5.432409167289734,-7.808208465576172e-05,0.0,1.9999973773956299,0.0
e08_query_a_merged,e08_distractor_4,0,True,maximum_candidate,1,3,2,0.6290000081062317,0.7200000286102295,5.432331085205078,0.6290000081062317,0.7210000157356262,7.4324846267700195,0.6290000081062317,0.7200000286102295,7.432406544685364,7.808208465576172e-05,0.0,2.0001535415649414,0.0
e08_query_a_merged,e08_reference_a,0,True,true_source,0,0,0,0.1340000033378601,0.22499999403953552,5.432331085205078,0.1340000033378601,0.22499999403953552,5.432331085205078,0.1340000033378601,0.22499999403953552,5.432331085205078,0.0,0.0,0.0,0.0
e08_query_a_merged,e08_reference_a,0,True,true_source,1,3,2,0.6290000081062317,0.7210000157356262,7.4324846267700195,0.6290000081062317,0.7210000157356262,7.4324846267700195,0.6290000081062317,0.7210000157356262,7.4324846267700195,0.0,0.0,0.0,0.0
e08_query_a_merged,e08_reference_b,0,True,maximum_candidate,0,0,0,0.1340000033378601,0.22499999403953552,5.432331085205078,0.1340000033378601,0.22499999403953552,5.432331085205078,0.1340000033378601,0.270499997608589,5.432331085205078,0.0,0.0,0.0,0.0
e08_query_a_merged,e08_reference_b,0,True,maximum_candidate,1,2,2,0.46399998664855957,0.5559999942779541,7.4324846267700195,0.6290000081062317,0.7210000157356262,7.4324846267700195,0.6290000081062317,0.7670000278588508,7.4324846267700195,0.0,0.0,0.0,0.16500002145767212
e08_query_b_delete_two,e08_distractor_0,0,True,maximum_candidate,0,0,0,0.1340000033378601,0.22499999403953552,5.432331085205078,0.1340000033378601,0.22499999403953552,5.432331085205078,0.1340000033378601,0.22499999403953552,5.432331085205078,0.0,0.0,0.0,0.0
e08_query_b_delete_two,e08_distractor_0,0,True,maximum_candidate,1,1,1,0.29899999499320984,0.39100000262260437,3.4323339462280273,0.29899999499320984,0.39100000262260437,3.4323339462280273,0.29899999499320984,0.39100000262260437,3.4323339462280273,0.0,0.0,0.0,0.0
e08_query_b_delete_two,e08_distractor_1,0,True,maximum_candidate,0,0,0,0.1340000033378601,0.22599999606609344,7.432484149932861,0.1340000033378601,0.22499999403953552,5.432331085205078,0.1340000033378601,0.17999999970197678,5.432409048080444,-7.796287536621094e-05,0.0,-2.000153064727783,0.0
e08_query_b_delete_two,e08_distractor_1,0,True,maximum_candidate,1,2,1,0.46399998664855957,0.5550000071525574,5.432331085205078,0.29899999499320984,0.39100000262260437,3.4323339462280273,0.29899999499320984,0.34450000524520874,3.432255983352661,7.796287536621094e-05,0.0,-1.9999971389770508,-0.16499999165534973
e08_query_b_delete_two,e08_distractor_4,0,True,maximum_candidate,0,1,0,0.29899999499320984,0.39100000262260437,7.4324846267700195,0.1340000033378601,0.22499999403953552,5.432331085205078,0.1340000033378601,0.18000000299829408,5.432409286499023,-7.82012939453125e-05,0.0,-2.0001535415649414,-0.16499999165534973
e08_query_b_delete_two,e08_distractor_4,0,True,maximum_candidate,1,3,1,0.6290000081062317,0.7200000286102295,5.432331085205078,0.29899999499320984,0.39100000262260437,3.4323339462280273,0.29899999499320984,0.3445000011360999,3.432255744934082,7.82012939453125e-05,0.0,-1.9999971389770508,-0.33000001311302185
e08_query_b_delete_two,e08_distractor_5,0,True,maximum_candidate,0,2,0,0.46399998664855957,0.5550000071525574,5.432331085205078,0.1340000033378601,0.22499999403953552,5.432331085205078,0.1340000033378601,0.22500000740542403,5.432331085205078,0.0,0.0,0.0,-0.32999998331069946
e08_query_b_delete_two,e08_distractor_5,0,True,maximum_candidate,1,3,1,0.6290000081062317,0.7210000157356262,3.4323339462280273,0.29899999499320984,0.39100000262260437,3.4323339462280273,0.29899999499320984,0.39099998600555264,3.4323339462280273,0.0,0.0,0.0,-0.33000001311302185
e08_query_b_delete_two,e08_distractor_5,1,False,maximum_candidate,0,1,0,0.29899999499320984,0.39100000262260437,7.4324846267700195,0.1340000033378601,0.22499999403953552,5.432331085205078,0.1340000033378601,0.22600001096725464,5.432409286499023,-7.82012939453125e-05,0.0,-2.0001535415649414,-0.16499999165534973
e08_query_b_delete_two,e08_distractor_5,1,False,maximum_candidate,1,2,1,0.46399998664855957,0.5550000071525574,5.432331085205078,0.29899999499320984,0.39100000262260437,3.4323339462280273,0.29899999499320984,0.39000001549720764,3.432255744934082,7.82012939453125e-05,0.0,-1.9999971389770508,-0.16499999165534973
e08_query_b_delete_two,e08_reference_a,0,True,maximum_candidate,0,0,0,0.1340000033378601,0.22499999403953552,5.432331085205078,0.1340000033378601,0.22499999403953552,5.432331085205078,0.1340000033378601,0.17949999868869781,5.432331204414368,-1.1920928955078125e-07,0.0,0.0,0.0
e08_query_b_delete_two,e08_reference_a,0,True,maximum_candidate,1,2,1,0.46399998664855957,0.5559999942779541,3.4323337078094482,0.29899999499320984,0.39100000262260437,3.4323339462280273,0.29899999499320984,0.3449999988079071,3.432333827018738,1.1920928955078125e-07,0.0,2.384185791015625e-07,-0.16499999165534973
e08_query_b_delete_two,e08_reference_b,0,True,true_source,0,0,0,0.1340000033378601,0.22499999403953552,5.432331085205078,0.1340000033378601,0.22499999403953552,5.432331085205078,0.1340000033378601,0.22499999403953552,5.432331204414368,-1.1920928955078125e-07,0.0,0.0,0.0
e08_query_b_delete_two,e08_reference_b,0,True,true_source,1,1,1,0.29899999499320984,0.39100000262260437,3.4323337078094482,0.29899999499320984,0.39100000262260437,3.4323339462280273,0.29899999499320984,0.39100000262260437,3.432333827018738,1.1920928955078125e-07,0.0,2.384185791015625e-07,0.0
e08_query_b_merged,e08_distractor_0,0,True,maximum_candidate,0,0,0,0.1340000033378601,0.22499999403953552,5.432331085205078,0.1340000033378601,0.22499999403953552,5.432331085205078,0.1340000033378601,0.270499997608589,5.432331085205078,0.0,0.0,0.0,0.0
e08_query_b_merged,e08_distractor_0,0,True,maximum_candidate,1,2,2,0.46399998664855957,0.5559999942779541,11.43239688873291,0.6290000081062317,0.7210000157356262,11.43239688873291,0.6290000081062317,0.7670000278588508,11.43239688873291,0.0,0.0,0.0,0.16500002145767212
e08_query_b_merged,e08_distractor_1,0,True,maximum_candidate,0,2,0,0.46399998664855957,0.5550000071525574,5.432331085205078,0.1340000033378601,0.22499999403953552,5.432331085205078,0.1340000033378601,0.40700003197698575,5.432331085205078,0.0,0.0,0.0,-0.32999998331069946
e08_query_b_merged,e08_distractor_1,0,True,maximum_candidate,1,3,2,0.6290000081062317,0.7210000157356262,11.43239688873291,0.6290000081062317,0.7210000157356262,11.43239688873291,0.6290000081062317,0.9049999977603118,11.43239688873291,0.0,0.0,0.0,0.0
e08_query_b_merged,e08_distractor_2,0,True,maximum_candidate,0,1,0,0.29899999499320984,0.38999998569488525,5.432331085205078,0.1340000033378601,0.22499999403953552,5.432331085205078,0.1340000033378601,0.27049998528126573,5.432331085205078,0.0,0.0,0.0,-0.16499999165534973
e08_query_b_merged,e08_distractor_2,0,True,maximum_candidate,1,3,2,0.6290000081062317,0.7210000157356262,11.43239688873291,0.6290000081062317,0.7210000157356262,11.43239688873291,0.6290000081062317,0.7670000153960602,11.43239688873291,0.0,0.0,0.0,0.0
e08_query_b_merged,e08_distractor_3,0,True,maximum_candidate,0,1,0,0.29899999499320984,0.38999998569488525,5.432331085205078,0.1340000033378601,0.22499999403953552,5.432331085205078,0.1340000033378601,0.4069999918793179,5.432331085205078,0.0,0.0,0.0,-0.16499999165534973
e08_query_b_merged,e08_distractor_3,0,True,maximum_candidate,1,2,2,0.46399998664855957,0.5559999942779541,11.43239688873291,0.6290000081062317,0.7210000157356262,11.43239688873291,0.6290000081062317,0.9050000476114699,11.43239688873291,0.0,0.0,0.0,0.16500002145767212
e08_query_b_merged,e08_reference_a,0,True,maximum_candidate,0,0,0,0.1340000033378601,0.22499999403953552,5.432331085205078,0.1340000033378601,0.22499999403953552,5.432331085205078,0.1340000033378601,0.4069999918793179,5.432331085205078,0.0,0.0,0.0,0.0
e08_query_b_merged,e08_reference_a,0,True,maximum_candidate,1,1,2,0.29899999499320984,0.39100000262260437,11.43239688873291,0.6290000081062317,0.7210000157356262,11.43239688873291,0.6290000081062317,0.9050000476114699,11.43239688873291,0.0,0.0,0.0,0.33000001311302185
e08_query_b_merged,e08_reference_b,0,True,true_source,0,0,0,0.1340000033378601,0.22499999403953552,5.432331085205078,0.1340000033378601,0.22499999403953552,5.432331085205078,0.1340000033378601,0.22499999403953552,5.432331085205078,0.0,0.0,0.0,0.0
e08_query_b_merged,e08_reference_b,0,True,true_source,1,3,2,0.6290000081062317,0.7210000157356262,11.43239688873291,0.6290000081062317,0.7210000157356262,11.43239688873291,0.6290000081062317,0.7210000157356262,11.43239688873291,0.0,0.0,0.0,0.0
e12_query_a_delete_two,e12_distractor_0,0,True,maximum_candidate,0,0,0,0.1340000033378601,0.22499999403953552,9.474021911621094,0.1340000033378601,0.22599999606609344,9.474021911621094,0.1340000033378601,0.16433333174548187,9.474021911621094,0.0,-1.3877787807814457e-17,0.0,0.0
e12_query_a_delete_two,e12_distractor_0,0,True,maximum_candidate,1,3,1,0.6290000081062317,0.7200000286102295,4.474023818969727,0.29899999499320984,0.39100000262260437,4.474023818969727,0.29899999499320984,0.32933333333493847,4.474023818969727,0.0,0.0,0.0,-0.33000001311302185
e12_query_a_delete_two,e12_distractor_0,1,False,maximum_candidate,0,1,0,0.29899999499320984,0.38999998569488525,6.474003314971924,0.1340000033378601,0.22599999606609344,9.474021911621094,0.1340000033378601,0.22499999403953552,9.473859369754791,0.00016254186630249023,0.0,3.00001859664917,-0.16499999165534973
e12_query_a_delete_two,e12_distractor_0,1,False,maximum_candidate,1,2,1,0.46399998664855957,0.5559999942779541,1.4743303060531616,0.29899999499320984,0.39100000262260437,4.474023818969727,0.29899999499320984,0.39100000262260437,4.474186360836029,-0.00016254186630249023,0.0,2.999693512916565,-0.16499999165534973
e12_query_a_delete_two,e12_distractor_1,0,True,maximum_candidate,0,1,0,0.29899999499320984,0.38999998569488525,9.474021911621094,0.1340000033378601,0.22599999606609344,9.474021911621094,0.1340000033378601,0.17949999457959032,9.474021911621094,0.0,0.0,0.0,-0.16499999165534973
e12_query_a_delete_two,e12_distractor_1,0,True,maximum_candidate,1,3,1,0.6290000081062317,0.7200000286102295,4.474023818969727,0.29899999499320984,0.39100000262260437,4.474023818969727,0.29899999499320984,0.3445000011360999,4.474023818969727,0.0,0.0,0.0,-0.33000001311302185
e12_query_a_delete_two,e12_distractor_1,1,False,maximum_candidate,0,0,0,0.1340000033378601,0.22499999403953552,6.474001884460449,0.1340000033378601,0.22599999606609344,9.474021911621094,0.1340000033378601,0.17949999868869781,9.473858654499054,0.00016325712203979492,0.0,3.0000200271606445,0.0
e12_query_a_delete_two,e12_distractor_1,1,False,maximum_candidate,1,2,1,0.46399998664855957,0.5559999942779541,1.4743303060531616,0.29899999499320984,0.39100000262260437,4.474023818969727,0.29899999499320984,0.3449999988079071,4.474187076091766,-0.00016325712203979492,0.0,2.999693512916565,-0.16499999165534973
e12_query_a_delete_two,e12_distractor_4,0,True,maximum_candidate,0,0,0,0.1340000033378601,0.22499999403953552,9.474021911621094,0.1340000033378601,0.22599999606609344,9.474021911621094,0.1340000033378601,0.16433333174548187,9.474021911621094,0.0,-1.3877787807814457e-17,0.0,0.0
e12_query_a_delete_two,e12_distractor_4,0,True,maximum_candidate,1,3,1,0.6290000081062317,0.7200000286102295,4.474023818969727,0.29899999499320984,0.39100000262260437,4.474023818969727,0.29899999499320984,0.32933333333493847,4.474023818969727,0.0,0.0,0.0,-0.33000001311302185
e12_query_a_delete_two,e12_distractor_5,0,True,maximum_candidate,0,0,0,0.1340000033378601,0.22499999403953552,6.474003314971924,0.1340000033378601,0.22599999606609344,9.474021911621094,0.1340000033378601,0.22499999403953552,9.473859369754791,0.00016254186630249023,0.0,3.00001859664917,0.0
e12_query_a_delete_two,e12_distractor_5,0,True,maximum_candidate,1,1,1,0.29899999499320984,0.39100000262260437,1.4743303060531616,0.29899999499320984,0.39100000262260437,4.474023818969727,0.29899999499320984,0.39100000262260437,4.474186360836029,-0.00016254186630249023,0.0,2.999693512916565,0.0
e12_query_a_delete_two,e12_reference_a,0,True,true_source,0,0,0,0.1340000033378601,0.22499999403953552,9.474021911621094,0.1340000033378601,0.22599999606609344,9.474021911621094,0.1340000033378601,0.22499999403953552,9.474021911621094,0.0,0.0,0.0,0.0
e12_query_a_delete_two,e12_reference_a,0,True,true_source,1,1,1,0.29899999499320984,0.38999998569488525,4.474023818969727,0.29899999499320984,0.39100000262260437,4.474023818969727,0.29899999499320984,0.38999998569488525,4.474023818969727,0.0,0.0,0.0,0.0
e12_query_a_merged,e12_distractor_0,0,True,maximum_candidate,0,0,0,0.1340000033378601,0.22499999403953552,9.474021911621094,0.1340000033378601,0.22499999403953552,9.474021911621094,0.1340000033378601,0.4069999918793179,9.474021196365356,7.152557373046875e-07,0.0,0.0,0.0
e12_query_a_merged,e12_distractor_0,0,True,maximum_candidate,1,1,2,0.29899999499320984,0.38999998569488525,6.474003314971924,0.6290000081062317,0.7200000286102295,6.474001884460449,0.6290000081062317,0.9019999966476895,6.4740025997161865,-7.152557373046875e-07,0.0,-1.430511474609375e-06,0.33000001311302185
e12_query_a_merged,e12_distractor_0,1,False,maximum_candidate,0,1,0,0.29899999499320984,0.38999998569488525,6.474003314971924,0.1340000033378601,0.22499999403953552,9.474021911621094,0.1340000033378601,0.27049998528126573,8.97400164604187,0.5000202655792236,0.0,3.00001859664917,-0.16499999165534973
e12_query_a_merged,e12_distractor_0,1,False,maximum_candidate,1,3,2,0.6290000081062317,0.7200000286102295,4.474023818969727,0.6290000081062317,0.7200000286102295,6.474001884460449,0.6290000081062317,0.7655000347531195,6.974022150039673,-0.5000202655792236,0.0,1.9999780654907227,0.0
e12_query_a_merged,e12_distractor_2,0,True,maximum_candidate,0,0,0,0.1340000033378601,0.22499999403953552,4.474023818969727,0.1340000033378601,0.22499999403953552,9.474021911621094,0.1340000033378601,0.4069999918793179,9.47385859489441,0.0001633167266845703,0.0,4.999998092651367,0.0
e12_query_a_merged,e12_distractor_2,0,True,maximum_candidate,1,1,2,0.29899999499320984,0.39100000262260437,1.4743304252624512,0.6290000081062317,0.7200000286102295,6.474001884460449,0.6290000081062317,0.9050000476114699,6.474165201187134,-0.0001633167266845703,0.0,4.999671459197998,0.33000001311302185
e12_query_a_merged,e12_distractor_3,0,True,maximum_candidate,0,2,0,0.46399998664855957,0.5550000071525574,9.474021911621094,0.1340000033378601,0.22499999403953552,9.474021911621094,0.1340000033378601,0.40700003197698575,9.474021911621094,0.0,0.0,0.0,-0.32999998331069946
e12_query_a_merged,e12_distractor_3,0,True,maximum_candidate,1,3,2,0.6290000081062317,0.7200000286102295,6.474001884460449,0.6290000081062317,0.7200000286102295,6.474001884460449,0.6290000081062317,0.9020000367453571,6.474001884460449,0.0,0.0,0.0,0.0
e12_query_a_merged,e12_distractor_3,1,False,maximum_candidate,0,0,0,0.1340000033378601,0.22499999403953552,4.474023818969727,0.1340000033378601,0.22499999403953552,9.474021911621094,0.1340000033378601,0.4069999918793179,9.47385859489441,0.0001633167266845703,0.0,4.999998092651367,0.0
e12_query_a_merged,e12_distractor_3,1,False,maximum_candidate,1,1,2,0.29899999499320984,0.39100000262260437,1.4743304252624512,0.6290000081062317,0.7200000286102295,6.474001884460449,0.6290000081062317,0.9050000476114699,6.474165201187134,-0.0001633167266845703,0.0,4.999671459197998,0.33000001311302185
e12_query_a_merged,e12_distractor_4,0,True,maximum_candidate,0,0,0,0.1340000033378601,0.22499999403953552,9.474021911621094,0.1340000033378601,0.22499999403953552,9.474021911621094,0.1340000033378601,0.270499997608589,9.474021673202515,2.384185791015625e-07,0.0,0.0,0.0
e12_query_a_merged,e12_distractor_4,0,True,maximum_candidate,1,2,2,0.46399998664855957,0.5550000071525574,6.474002361297607,0.6290000081062317,0.7200000286102295,6.474001884460449,0.6290000081062317,0.7655000470804468,6.474002122879028,-2.384185791015625e-07,0.0,-4.76837158203125e-07,0.16500002145767212
e12_query_a_merged,e12_distractor_4,1,False,maximum_candidate,0,2,0,0.46399998664855957,0.5550000071525574,6.474002361297607,0.1340000033378601,0.22499999403953552,9.474021911621094,0.1340000033378601,0.40700003197698575,8.974001169204712,0.5000207424163818,0.0,3.0000195503234863,-0.32999998331069946
e12_query_a_merged,e12_distractor_4,1,False,maximum_candidate,1,3,2,0.6290000081062317,0.7200000286102295,4.474023818969727,0.6290000081062317,0.7200000286102295,6.474001884460449,0.6290000081062317,0.9020000367453571,6.974022626876831,-0.5000207424163818,0.0,1.9999780654907227,0.0
e12_query_a_merged,e12_reference_a,0,True,true_source,0,0,0,0.1340000033378601,0.22499999403953552,9.474021911621094,0.1340000033378601,0.22499999403953552,9.474021911621094,0.1340000033378601,0.22499999403953552,9.474021911621094,0.0,0.0,0.0,0.0
e12_query_a_merged,e12_reference_a,0,True,true_source,1,3,2,0.6290000081062317,0.7200000286102295,6.474001884460449,0.6290000081062317,0.7200000286102295,6.474001884460449,0.6290000081062317,0.7200000286102295,6.474001884460449,0.0,0.0,0.0,0.0
e12_query_a_merged,e12_reference_a,1,False,true_source,0,1,0,0.29899999499320984,0.38999998569488525,4.474023818969727,0.1340000033378601,0.22499999403953552,9.474021911621094,0.1340000033378601,0.4069999918793179,9.47385859489441,0.0001633167266845703,0.0,4.999998092651367,-0.16499999165534973
e12_query_a_merged,e12_reference_a,1,False,true_source,1,2,2,0.46399998664855957,0.5559999942779541,1.4743304252624512,0.6290000081062317,0.7200000286102295,6.474001884460449,0.6290000081062317,0.9050000476114699,6.474165201187134,-0.0001633167266845703,0.0,4.999671459197998,0.16500002145767212
e12_query_a_merged,e12_reference_b,0,True,maximum_candidate,0,1,0,0.29899999499320984,0.38999998569488525,9.474021911621094,0.1340000033378601,0.22499999403953552,9.474021911621094,0.1340000033378601,0.27049998528126573,9.474021911621094,0.0,0.0,0.0,-0.16499999165534973
e12_query_a_merged,e12_reference_b,0,True,maximum_candidate,1,3,2,0.6290000081062317,0.7200000286102295,6.474001884460449,0.6290000081062317,0.7200000286102295,6.474001884460449,0.6290000081062317,0.7655000347531195,6.474001884460449,0.0,0.0,0.0,0.0
e12_query_a_merged,e12_reference_b,1,False,maximum_candidate,0,0,0,0.1340000033378601,0.22499999403953552,4.474023818969727,0.1340000033378601,0.22499999403953552,9.474021911621094,0.1340000033378601,0.270499997608589,9.47385859489441,0.0001633167266845703,0.0,4.999998092651367,0.0
e12_query_a_merged,e12_reference_b,1,False,maximum_candidate,1,2,2,0.46399998664855957,0.5559999942779541,1.4743304252624512,0.6290000081062317,0.7200000286102295,6.474001884460449,0.6290000081062317,0.7670000278588508,6.474165201187134,-0.0001633167266845703,0.0,4.999671459197998,0.16500002145767212
e12_query_b_merged,e12_distractor_2,0,True,maximum_candidate,0,0,0,0.1340000033378601,0.22499999403953552,4.474023818969727,0.1340000033378601,0.22499999403953552,4.474023818969727,0.1340000033378601,0.270499997608589,4.474023818969727,0.0,0.0,0.0,0.0
e12_query_b_merged,e12_distractor_2,0,True,maximum_candidate,1,2,2,0.46399998664855957,0.5550000071525574,6.474001884460449,0.6290000081062317,0.7200000286102295,6.474001884460449,0.6290000081062317,0.7655000470804468,6.474001884460449,0.0,0.0,0.0,0.16500002145767212
e12_query_b_merged,e12_distractor_2,1,False,maximum_candidate,0,2,0,0.46399998664855957,0.5550000071525574,6.474001884460449,0.1340000033378601,0.22499999403953552,4.474023818969727,0.1340000033378601,0.40700003197698575,3.9740028381347656,0.5000209808349609,0.0,-1.9999780654907227,-0.32999998331069946
e12_query_b_merged,e12_distractor_2,1,False,maximum_candidate,1,3,2,0.6290000081062317,0.7200000286102295,9.474021911621094,0.6290000081062317,0.7200000286102295,6.474001884460449,0.6290000081062317,0.9020000367453571,6.97402286529541,-0.5000209808349609,0.0,-3.0000200271606445,0.0
e12_query_b_merged,e12_distractor_3,0,True,maximum_candidate,0,0,0,0.1340000033378601,0.22499999403953552,4.474023818969727,0.1340000033378601,0.22499999403953552,4.474023818969727,0.1340000033378601,0.22499999403953552,4.474023818969727,0.0,0.0,0.0,0.0
e12_query_b_merged,e12_distractor_3,0,True,maximum_candidate,1,3,2,0.6290000081062317,0.7200000286102295,6.474001884460449,0.6290000081062317,0.7200000286102295,6.474001884460449,0.6290000081062317,0.7200000286102295,6.474001884460449,0.0,0.0,0.0,0.0
e12_query_b_merged,e12_reference_a,0,True,maximum_candidate,0,1,0,0.29899999499320984,0.38999998569488525,4.474023818969727,0.1340000033378601,0.22499999403953552,4.474023818969727,0.1340000033378601,0.27049998528126573,4.474023818969727,0.0,0.0,0.0,-0.16499999165534973
e12_query_b_merged,e12_reference_a,0,True,maximum_candidate,1,3,2,0.6290000081062317,0.7200000286102295,6.474001884460449,0.6290000081062317,0.7200000286102295,6.474001884460449,0.6290000081062317,0.7655000347531195,6.474001884460449,0.0,0.0,0.0,0.0
e12_query_b_merged,e12_reference_b,0,True,true_source,0,0,0,0.1340000033378601,0.22499999403953552,4.474023818969727,0.1340000033378601,0.22499999403953552,4.474023818969727,0.1340000033378601,0.22499999403953552,4.474023818969727,0.0,0.0,0.0,0.0
e12_query_b_merged,e12_reference_b,0,True,true_source,1,3,2,0.6290000081062317,0.7200000286102295,6.474001884460449,0.6290000081062317,0.7200000286102295,6.474001884460449,0.6290000081062317,0.7200000286102295,6.474001884460449,0.0,0.0,0.0,0.0
e14_query_a_merged,e14_distractor_0,0,True,maximum_candidate,0,0,0,0.1340000033378601,0.22499999403953552,2.7465507984161377,0.1340000033378601,0.22499999403953552,2.7465507984161377,0.1340000033378601,0.22499999403953552,2.7465507984161377,0.0,0.0,0.0,0.0
e14_query_a_merged,e14_distractor_0,0,True,maximum_candidate,1,1,1,0.29899999499320984,0.38999998569488525,4.746746063232422,0.29899999499320984,0.38999998569488525,4.746746063232422,0.29899999499320984,0.38999998569488525,4.746746063232422,0.0,0.0,0.0,0.0
e14_query_a_merged,e14_distractor_0,0,True,maximum_candidate,2,2,2,0.46399998664855957,0.5559999942779541,13.746626853942871,0.46399998664855957,0.5559999942779541,13.746626853942871,0.46399998664855957,0.5559999942779541,13.746626853942871,0.0,0.0,0.0,0.0
e14_query_a_merged,e14_distractor_0,0,True,maximum_candidate,3,5,4,0.9580000042915344,1.0509999990463257,5.7466959953308105,0.9580000042915344,1.0509999990463257,5.746696472167969,0.9580000042915344,1.0509999990463257,5.7466959953308105,4.76837158203125e-07,0.0,4.76837158203125e-07,0.0
e14_query_a_merged,e14_distractor_0,0,True,maximum_candidate,4,6,5,1.1239999532699585,1.215999960899353,6.746652603149414,1.1239999532699585,1.215999960899353,6.746652603149414,1.1239999532699585,1.215999960899353,6.746652603149414,0.0,0.0,0.0,0.0
e14_query_a_merged,e14_distractor_0,0,True,maximum_candidate,5,7,6,1.2879999876022339,1.38100004196167,-1.2537909746170044,1.2879999876022339,1.38100004196167,-1.2537909746170044,1.2879999876022339,1.38100004196167,-1.2537909746170044,0.0,0.0,0.0,0.0
e14_query_a_merged,e14_reference_a,0,True,true_source,0,0,0,0.1340000033378601,0.22499999403953552,2.7465507984161377,0.1340000033378601,0.22499999403953552,2.7465507984161377,0.1340000033378601,0.22499999403953552,2.7465507984161377,0.0,0.0,0.0,0.0
e14_query_a_merged,e14_reference_a,0,True,true_source,1,1,1,0.29899999499320984,0.38999998569488525,4.746746063232422,0.29899999499320984,0.38999998569488525,4.746746063232422,0.29899999499320984,0.38999998569488525,4.746746063232422,0.0,0.0,0.0,0.0
e14_query_a_merged,e14_reference_a,0,True,true_source,2,2,2,0.46399998664855957,0.5559999942779541,13.746626853942871,0.46399998664855957,0.5559999942779541,13.746626853942871,0.46399998664855957,0.5559999942779541,13.746626853942871,0.0,0.0,0.0,0.0
e14_query_a_merged,e14_reference_a,0,True,true_source,3,5,4,0.9580000042915344,1.0509999990463257,5.746696472167969,0.9580000042915344,1.0509999990463257,5.746696472167969,0.9580000042915344,1.0509999990463257,5.746696472167969,0.0,0.0,0.0,0.0
e14_query_a_merged,e14_reference_a,0,True,true_source,4,6,5,1.1239999532699585,1.215999960899353,6.746652603149414,1.1239999532699585,1.215999960899353,6.746652603149414,1.1239999532699585,1.215999960899353,6.746652603149414,0.0,0.0,0.0,0.0
e14_query_a_merged,e14_reference_a,0,True,true_source,5,7,6,1.2879999876022339,1.38100004196167,-1.2537909746170044,1.2879999876022339,1.38100004196167,-1.2537909746170044,1.2879999876022339,1.38100004196167,-1.2537909746170044,0.0,0.0,0.0,0.0
e16_query_a_delete_two,e16_distractor_1,0,True,maximum_candidate,0,2,0,0.46399998664855957,0.5550000071525574,8.540674209594727,0.1340000033378601,0.22499999403953552,8.540674209594727,0.13400000333786005,0.2250000073052031,8.540674209594727,0.0,5.551115123125783e-17,0.0,-0.32999998331069946
e16_query_a_delete_two,e16_distractor_1,0,True,maximum_candidate,1,3,1,0.628000020980835,0.7210000157356262,6.540684700012207,0.2980000078678131,0.39100000262260437,6.540684700012207,0.2980000078678131,0.3909999857225114,6.540684700012207,0.0,0.0,0.0,-0.33000001311302185
e16_query_a_delete_two,e16_distractor_1,1,False,maximum_candidate,0,0,0,0.1340000033378601,0.22499999403953552,9.54076099395752,0.1340000033378601,0.22499999403953552,8.540674209594727,0.1340000033378601,0.17922424467744014,8.040722846984863,0.4999513626098633,0.0,-1.000086784362793,0.0
e16_query_a_delete_two,e16_distractor_1,1,False,maximum_candidate,1,2,1,0.46399998664855957,0.5550000071525574,8.540674209594727,0.2980000078678131,0.39100000262260437,6.540684700012207,0.2980000078678131,0.3432242640182454,7.04063606262207,-0.4999513626098633,0.0,-1.9999895095825195,-0.16599997878074646
e16_query_a_delete_two,e16_distractor_1,2,False,maximum_candidate,0,1,0,0.29899999499320984,0.39100000262260437,11.540648460388184,0.1340000033378601,0.22499999403953552,8.540674209594727,0.1340000033378601,0.2254424423138091,9.040666580200195,-0.49999237060546875,0.0,-2.999974250793457,-0.16499999165534973
e16_query_a_delete_two,e16_distractor_1,2,False,maximum_candidate,1,2,1,0.46399998664855957,0.5550000071525574,8.540674209594727,0.2980000078678131,0.39100000262260437,6.540684700012207,0.2980000078678131,0.3884485201686777,6.040692329406738,0.49999237060546875,0.0,-1.9999895095825195,-0.16599997878074646
e16_query_a_delete_two,e16_distractor_1,3,False,maximum_candidate,0,0,0,0.1340000033378601,0.22499999403953552,9.54076099395752,0.1340000033378601,0.22499999403953552,8.540674209594727,0.1340000033378601,0.1642105263222669,9.040717601776123,-0.5000433921813965,-1.3877787807814457e-17,-1.000086784362793,0.0
e16_query_a_delete_two,e16_distractor_1,3,False,maximum_candidate,1,3,1,0.628000020980835,0.7210000157356262,6.540684700012207,0.2980000078678131,0.39100000262260437,6.540684700012207,0.2980000078678131,0.32887449980375133,6.0406413078308105,0.5000433921813965,1.3877787807814457e-17,0.0,-0.33000001311302185
e16_query_a_delete_two,e16_distractor_3,0,True,maximum_candidate,0,0,0,0.1340000033378601,0.22599999606609344,11.540648460388184,0.1340000033378601,0.22499999403953552,8.540674209594727,0.1340000033378601,0.16448080955774314,8.540623188018799,5.1021575927734375e-05,1.3877787807814457e-17,-2.999974250793457,0.0
e16_query_a_delete_two,e16_distractor_3,0,True,maximum_candidate,1,3,1,0.6290000081062317,0.7200000286102295,9.54076099395752,0.2980000078678131,0.39100000262260437,6.540684700012207,0.2980000078678131,0.32814951015289884,6.540735721588135,-5.1021575927734375e-05,-1.3877787807814457e-17,-3.0000762939453125,-0.3310000002384186
e16_query_a_delete_two,e16_distractor_3,1,False,maximum_candidate,0,0,0,0.1340000033378601,0.22599999606609344,11.540648460388184,0.1340000033378601,0.22499999403953552,8.540674209594727,0.1340000033378601,0.17972121542040848,9.040666580200195,-0.49999237060546875,0.0,-2.999974250793457,0.0
e16_query_a_delete_two,e16_distractor_3,1,False,maximum_candidate,1,2,1,0.46399998664855957,0.5550000071525574,8.540674209594727,0.2980000078678131,0.39100000262260437,6.540684700012207,0.2980000078678131,0.3432242640182454,6.040692329406738,0.49999237060546875,0.0,-1.9999895095825195,-0.16599997878074646
e16_query_a_delete_two,e16_distractor_5,0,True,maximum_candidate,0,0,0,0.1340000033378601,0.22499999403953552,8.540674209594727,0.1340000033378601,0.22499999403953552,8.540674209594727,0.1340000033378601,0.1642105263222669,8.540674209594727,0.0,-1.3877787807814457e-17,0.0,0.0
e16_query_a_delete_two,e16_distractor_5,0,True,maximum_candidate,1,3,1,0.628000020980835,0.7210000157356262,6.540684700012207,0.2980000078678131,0.39100000262260437,6.540684700012207,0.2980000078678131,0.32887449980375133,6.540684700012207,0.0,1.3877787807814457e-17,0.0,-0.33000001311302185
e16_query_a_delete_two,e16_distractor_5,1,False,maximum_candidate,0,1,0,0.29899999499320984,0.38999998569488525,9.54076099395752,0.1340000033378601,0.22499999403953552,8.540674209594727,0.1340000033378601,0.17936169850034558,9.040717601776123,-0.5000433921813965,0.0,-1.000086784362793,-0.16499999165534973
e16_query_a_delete_two,e16_distractor_5,1,False,maximum_candidate,1,3,1,0.628000020980835,0.7210000157356262,6.540684700012207,0.2980000078678131,0.39100000262260437,6.540684700012207,0.2980000078678131,0.3443586654858069,6.0406413078308105,0.5000433921813965,0.0,0.0,-0.33000001311302185
e16_query_a_delete_two,e16_reference_a,0,True,true_source,0,0,0,0.1340000033378601,0.22499999403953552,8.540674209594727,0.1340000033378601,0.22499999403953552,8.540674209594727,0.1340000033378601,0.22499999403953552,8.540674209594727,0.0,0.0,0.0,0.0
e16_query_a_delete_two,e16_reference_a,0,True,true_source,1,1,1,0.2980000078678131,0.39100000262260437,6.540684700012207,0.2980000078678131,0.39100000262260437,6.540684700012207,0.2980000078678131,0.39100000262260437,6.540684700012207,0.0,0.0,0.0,0.0
e16_query_a_delete_two,e16_reference_a,1,False,true_source,0,2,0,0.46399998664855957,0.5559999942779541,11.540648460388184,0.1340000033378601,0.22499999403953552,8.540674209594727,0.1340000033378601,0.22544242579746554,8.540623188018799,5.1021575927734375e-05,0.0,-2.999974250793457,-0.32999998331069946
e16_query_a_delete_two,e16_reference_a,1,False,true_source,1,3,1,0.6290000081062317,0.7200000286102295,9.54076099395752,0.2980000078678131,0.39100000262260437,6.540684700012207,0.2980000078678131,0.38844850383185725,6.540735721588135,-5.1021575927734375e-05,0.0,-3.0000762939453125,-0.3310000002384186
e16_query_a_delete_two,e16_reference_b,0,True,maximum_candidate,0,1,0,0.29899999499320984,0.39100000262260437,11.540648460388184,0.1340000033378601,0.22499999403953552,8.540674209594727,0.1340000033378601,0.17972121869674834,8.540623188018799,5.1021575927734375e-05,-1.3877787807814457e-17,-2.999974250793457,-0.16499999165534973
e16_query_a_delete_two,e16_reference_b,0,True,maximum_candidate,1,3,1,0.6290000081062317,0.7200000286102295,9.54076099395752,0.2980000078678131,0.39100000262260437,6.540684700012207,0.2980000078678131,0.34322425993403993,6.540735721588135,-5.1021575927734375e-05,1.3877787807814457e-17,-3.0000762939453125,-0.3310000002384186
e16_query_a_delete_two,e16_reference_b,1,False,maximum_candidate,0,1,0,0.29899999499320984,0.39100000262260437,11.540648460388184,0.1340000033378601,0.22499999403953552,8.540674209594727,0.1340000033378601,0.2254424423138091,9.040666580200195,-0.49999237060546875,0.0,-2.999974250793457,-0.16499999165534973
e16_query_a_delete_two,e16_reference_b,1,False,maximum_candidate,1,2,1,0.46399998664855957,0.5550000071525574,8.540674209594727,0.2980000078678131,0.39100000262260437,6.540684700012207,0.2980000078678131,0.3884485201686777,6.040692329406738,0.49999237060546875,0.0,-1.9999895095825195,-0.16599997878074646
e16_query_a_merged,e16_distractor_3,0,True,maximum_candidate,0,2,0,0.46399998664855957,0.5550000071525574,8.540674209594727,0.1340000033378601,0.22499999403953552,8.540674209594727,0.1340000033378601,0.40700003197698575,8.540674209594727,0.0,0.0,0.0,-0.32999998331069946
e16_query_a_merged,e16_distractor_3,0,True,maximum_candidate,1,3,2,0.6290000081062317,0.7200000286102295,9.54076099395752,0.6290000081062317,0.7200000286102295,9.54076099395752,0.6290000081062317,0.9020000367453571,9.54076099395752,0.0,0.0,0.0,0.0
e16_query_a_merged,e16_distractor_3,1,False,maximum_candidate,0,1,0,0.2980000078678131,0.39100000262260437,6.540684700012207,0.1340000033378601,0.22499999403953552,8.540674209594727,0.1340000033378601,0.41131930292574403,8.040722846984863,0.4999513626098633,0.0,1.9999895095825195,-0.164000004529953
e16_query_a_merged,e16_distractor_3,1,False,maximum_candidate,1,2,2,0.46399998664855957,0.5550000071525574,8.540674209594727,0.6290000081062317,0.7200000286102295,9.54076099395752,0.6290000081062317,0.9003555282349209,10.040712356567383,-0.4999513626098633,0.0,1.000086784362793,0.16500002145767212
e16_query_a_merged,e16_distractor_5,0,True,maximum_candidate,0,0,0,0.1340000033378601,0.22499999403953552,8.540674209594727,0.1340000033378601,0.22499999403953552,8.540674209594727,0.1340000033378601,0.4069999918793179,8.540674209594727,0.0,0.0,0.0,0.0
e16_query_a_merged,e16_distractor_5,0,True,maximum_candidate,1,1,2,0.29899999499320984,0.38999998569488525,9.54076099395752,0.6290000081062317,0.7200000286102295,9.54076099395752,0.6290000081062317,0.9019999966476895,9.54076099395752,0.0,0.0,0.0,0.33000001311302185
e16_query_a_merged,e16_distractor_5,1,False,maximum_candidate,0,1,0,0.29899999499320984,0.38999998569488525,9.54076099395752,0.1340000033378601,0.22499999403953552,8.540674209594727,0.1340000033378601,0.4069999918793179,8.040773868560791,0.49990034103393555,0.0,-1.000086784362793,-0.16499999165534973
e16_query_a_merged,e16_distractor_5,1,False,maximum_candidate,1,2,2,0.46399998664855957,0.5559999942779541,11.540648460388184,0.6290000081062317,0.7200000286102295,9.54076099395752,0.6290000081062317,0.9050000476114699,10.040661334991455,-0.49990034103393555,0.0,-1.999887466430664,0.16500002145767212
e16_query_a_merged,e16_reference_a,0,True,true_source,0,0,0,0.1340000033378601,0.22499999403953552,8.540674209594727,0.1340000033378601,0.22499999403953552,8.540674209594727,0.1340000033378601,0.22499999403953552,8.540674209594727,0.0,0.0,0.0,0.0
e16_query_a_merged,e16_reference_a,0,True,true_source,1,3,2,0.6290000081062317,0.7200000286102295,9.54076099395752,0.6290000081062317,0.7200000286102295,9.54076099395752,0.6290000081062317,0.7200000286102295,9.54076099395752,0.0,0.0,0.0,0.0
e16_query_a_merged,e16_reference_b,0,True,maximum_candidate,0,2,0,0.46399998664855957,0.5550000071525574,8.540674209594727,0.1340000033378601,0.22499999403953552,8.540674209594727,0.1340000033378601,0.40700003197698575,8.540674209594727,0.0,0.0,0.0,-0.32999998331069946
e16_query_a_merged,e16_reference_b,0,True,maximum_candidate,1,3,2,0.6290000081062317,0.7200000286102295,9.54076099395752,0.6290000081062317,0.7200000286102295,9.54076099395752,0.6290000081062317,0.9020000367453571,9.54076099395752,0.0,0.0,0.0,0.0
e16_query_a_merged,e16_reference_b,1,False,maximum_candidate,0,0,0,0.13300000131130219,0.22599999606609344,6.540684700012207,0.1340000033378601,0.22499999403953552,8.540674209594727,0.13400000333786014,0.27307855284345883,8.040722846984863,0.4999513626098633,-2.7755575615628914e-17,1.9999895095825195,0.0010000020265579224
e16_query_a_merged,e16_reference_b,1,False,maximum_candidate,1,2,2,0.46399998664855957,0.5550000071525574,8.540674209594727,0.6290000081062317,0.7200000286102295,9.54076099395752,0.6290000081062317,0.7650876594017575,10.040712356567383,-0.4999513626098633,2.7755575615628914e-17,1.000086784362793,0.16500002145767212
e16_query_b_delete_two,e16_distractor_0,0,True,maximum_candidate,0,1,0,0.2980000078678131,0.39100000262260437,6.540684700012207,0.13300000131130219,0.22599999606609344,6.540684700012207,0.13300000131130219,0.22600000441433493,6.540684700012207,0.0,0.0,0.0,-0.16500000655651093
e16_query_b_delete_two,e16_distractor_0,0,True,maximum_candidate,1,2,1,0.46399998664855957,0.5559999942779541,11.540648460388184,0.29899999499320984,0.39100000262260437,11.540648460388184,0.29899999499320984,0.391000010881081,11.540648460388184,0.0,0.0,0.0,-0.16499999165534973
e16_query_b_delete_two,e16_distractor_2,0,True,maximum_candidate,0,1,0,0.2980000078678131,0.39100000262260437,6.540684700012207,0.13300000131130219,0.22599999606609344,6.540684700012207,0.13300000131130219,0.1796404802556914,6.540684700012207,0.0,0.0,0.0,-0.16500000655651093
e16_query_b_delete_two,e16_distractor_2,0,True,maximum_candidate,1,3,1,0.6290000081062317,0.7210000157356262,11.540648460388184,0.29899999499320984,0.39100000262260437,11.540648460388184,0.29899999499320984,0.3451389698397795,11.540648460388184,0.0,0.0,0.0,-0.33000001311302185
e16_query_b_delete_two,e16_reference_a,0,True,maximum_candidate,0,1,0,0.2980000078678131,0.39100000262260437,6.540684700012207,0.13300000131130219,0.22599999606609344,6.540684700012207,0.13300000131130219,0.22600000441433493,6.540684700012207,0.0,0.0,0.0,-0.16500000655651093
e16_query_b_delete_two,e16_reference_a,0,True,maximum_candidate,1,2,1,0.46399998664855957,0.5559999942779541,11.540648460388184,0.29899999499320984,0.39100000262260437,11.540648460388184,0.29899999499320984,0.391000010881081,11.540648460388184,0.0,0.0,0.0,-0.16499999165534973
e16_query_b_delete_two,e16_reference_b,0,True,true_source,0,0,0,0.13300000131130219,0.22599999606609344,6.540684700012207,0.13300000131130219,0.22599999606609344,6.540684700012207,0.13300000131130219,0.22599999606609344,6.540684700012207,0.0,0.0,0.0,0.0
e16_query_b_delete_two,e16_reference_b,0,True,true_source,1,1,1,0.29899999499320984,0.39100000262260437,11.540648460388184,0.29899999499320984,0.39100000262260437,11.540648460388184,0.29899999499320984,0.39100000262260437,11.540648460388184,0.0,0.0,0.0,0.0
e16_query_b_merged,e16_distractor_2,0,True,maximum_candidate,0,2,0,0.46399998664855957,0.5550000071525574,8.540674209594727,0.13300000131130219,0.22599999606609344,6.540684700012207,0.13300000131130219,0.4065515462721645,6.540735721588135,-5.1021575927734375e-05,0.0,-1.9999895095825195,-0.3309999853372574
e16_query_b_merged,e16_distractor_2,0,True,maximum_candidate,1,3,2,0.6290000081062317,0.7210000157356262,11.540648460388184,0.6290000081062317,0.7200000286102295,9.54076099395752,0.6290000081062319,0.9055575746215752,9.540709972381592,5.1021575927734375e-05,-2.220446049250313e-16,-1.999887466430664,0.0
e16_query_b_merged,e16_distractor_2,1,False,maximum_candidate,0,1,0,0.2980000078678131,0.39100000262260437,6.540684700012207,0.13300000131130219,0.22599999606609344,6.540684700012207,0.13300000131130219,0.41087954303841867,7.0407280921936035,-0.5000433921813965,0.0,0.0,-0.16500000655651093
e16_query_b_merged,e16_distractor_2,1,False,maximum_candidate,1,2,2,0.46399998664855957,0.5550000071525574,8.540674209594727,0.6290000081062317,0.7200000286102295,9.54076099395752,0.6290000081062317,0.9009037223105418,9.040717601776123,0.5000433921813965,0.0,1.000086784362793,0.16500002145767212
e16_query_b_merged,e16_distractor_2,2,False,maximum_candidate,0,0,0,0.1340000033378601,0.22499999403953552,9.54076099395752,0.13300000131130219,0.22599999606609344,6.540684700012207,0.13300000131130219,0.22418383074881965,7.040779113769531,-0.5000944137573242,0.0,-3.0000762939453125,-0.0010000020265579224
e16_query_b_merged,e16_distractor_2,2,False,maximum_candidate,1,3,2,0.6290000081062317,0.7210000157356262,11.540648460388184,0.6290000081062317,0.7200000286102295,9.54076099395752,0.6290000081062317,0.7211858747117605,9.040666580200195,0.5000944137573242,0.0,-1.999887466430664,0.0
e16_query_b_merged,e16_distractor_3,0,True,maximum_candidate,0,1,0,0.2980000078678131,0.39100000262260437,6.540684700012207,0.13300000131130219,0.22599999606609344,6.540684700012207,0.13300000131130219,0.27235951187649543,6.540684700012207,0.0,0.0,0.0,-0.16500000655651093
e16_query_b_merged,e16_distractor_3,0,True,maximum_candidate,1,3,2,0.6290000081062317,0.7200000286102295,9.54076099395752,0.6290000081062317,0.7200000286102295,9.54076099395752,0.6290000081062317,0.7653625783654773,9.54076099395752,0.0,0.0,0.0,0.0
e16_query_b_merged,e16_distractor_3,1,False,maximum_candidate,0,1,0,0.2980000078678131,0.39100000262260437,6.540684700012207,0.13300000131130219,0.22599999606609344,6.540684700012207,0.13300000131130219,0.41087954303841867,7.0407280921936035,-0.5000433921813965,0.0,0.0,-0.16500000655651093
e16_query_b_merged,e16_distractor_3,1,False,maximum_candidate,1,2,2,0.46399998664855957,0.5550000071525574,8.540674209594727,0.6290000081062317,0.7200000286102295,9.54076099395752,0.6290000081062317,0.9009037223105418,9.040717601776123,0.5000433921813965,0.0,1.000086784362793,0.16500002145767212
e16_query_b_merged,e16_distractor_5,0,True,maximum_candidate,0,0,0,0.1340000033378601,0.22499999403953552,8.540674209594727,0.13300000131130219,0.22599999606609344,6.540684700012207,0.13300000131130219,0.2697757537023966,6.540735721588135,-5.1021575927734375e-05,1.3877787807814457e-17,-1.9999895095825195,-0.0010000020265579224
e16_query_b_merged,e16_distractor_5,0,True,maximum_candidate,1,2,2,0.46399998664855957,0.5559999942779541,11.540648460388184,0.6290000081062317,0.7200000286102295,9.54076099395752,0.6290000081062317,0.7672788163398373,9.540709972381592,5.1021575927734375e-05,-1.3877787807814457e-17,-1.999887466430664,0.16500002145767212
e16_query_b_merged,e16_distractor_5,1,False,maximum_candidate,0,1,0,0.29899999499320984,0.38999998569488525,9.54076099395752,0.13300000131130219,0.22599999606609344,6.540684700012207,0.13300000131130219,0.406551506093491,7.040779113769531,-0.5000944137573242,0.0,-3.0000762939453125,-0.16599999368190765
e16_query_b_merged,e16_distractor_5,1,False,maximum_candidate,1,2,2,0.46399998664855957,0.5559999942779541,11.540648460388184,0.6290000081062317,0.7200000286102295,9.54076099395752,0.6290000081062317,0.9055576245734429,9.040666580200195,0.5000944137573242,0.0,-1.999887466430664,0.16500002145767212
e16_query_b_merged,e16_reference_a,0,True,maximum_candidate,0,1,0,0.2980000078678131,0.39100000262260437,6.540684700012207,0.13300000131130219,0.22599999606609344,6.540684700012207,0.13300000131130219,0.27235951187649543,6.540684700012207,0.0,0.0,0.0,-0.16500000655651093
e16_query_b_merged,e16_reference_a,0,True,maximum_candidate,1,3,2,0.6290000081062317,0.7200000286102295,9.54076099395752,0.6290000081062317,0.7200000286102295,9.54076099395752,0.6290000081062317,0.7653625783654773,9.54076099395752,0.0,0.0,0.0,0.0
e16_query_b_merged,e16_reference_a,1,False,maximum_candidate,0,0,0,0.1340000033378601,0.22499999403953552,8.540674209594727,0.13300000131130219,0.22599999606609344,6.540684700012207,0.13300000131130219,0.2697757537023966,6.540735721588135,-5.1021575927734375e-05,1.3877787807814457e-17,-1.9999895095825195,-0.0010000020265579224
e16_query_b_merged,e16_reference_a,1,False,maximum_candidate,1,2,2,0.46399998664855957,0.5559999942779541,11.540648460388184,0.6290000081062317,0.7200000286102295,9.54076099395752,0.6290000081062317,0.7672788163398373,9.540709972381592,5.1021575927734375e-05,-1.3877787807814457e-17,-1.999887466430664,0.16500002145767212
e16_query_b_merged,e16_reference_b,0,True,true_source,0,0,0,0.13300000131130219,0.22599999606609344,6.540684700012207,0.13300000131130219,0.22599999606609344,6.540684700012207,0.13300000131130219,0.22599999606609344,6.540684700012207,0.0,0.0,0.0,0.0
e16_query_b_merged,e16_reference_b,0,True,true_source,1,3,2,0.6290000081062317,0.7200000286102295,9.54076099395752,0.6290000081062317,0.7200000286102295,9.54076099395752,0.6290000081062317,0.7200000286102295,9.54076099395752,0.0,0.0,0.0,0.0
e16_query_b_merged,e16_reference_b,1,False,true_source,0,0,0,0.13300000131130219,0.22599999606609344,6.540684700012207,0.13300000131130219,0.22599999606609344,6.540684700012207,0.13300000131130219,0.27235951815026777,7.0407280921936035,-0.5000433921813965,-1.3877787807814457e-17,0.0,0.0
e16_query_b_merged,e16_reference_b,1,False,true_source,1,2,2,0.46399998664855957,0.5550000071525574,8.540674209594727,0.6290000081062317,0.7200000286102295,9.54076099395752,0.6290000081062317,0.7653625845043314,9.040717601776123,0.5000433921813965,1.3877787807814457e-17,1.000086784362793,0.16500002145767212
e20_query_a_delete_two,e20_distractor_0,0,True,maximum_candidate,0,0,0,0.13300000131130219,0.22599999606609344,16.35795021057129,0.13300000131130219,0.22599999606609344,16.35795021057129,0.13300000131130219,0.1641249979448115,16.35795021057129,0.0,1.3877787807814457e-17,0.0,0.0
e20_query_a_delete_two,e20_distractor_0,0,True,maximum_candidate,1,3,1,0.6290000081062317,0.7200000286102295,10.357994079589844,0.29899999499320984,0.38999998569488525,10.357994079589844,0.29899999499320984,0.329455645440333,10.357994079589844,0.0,0.0,0.0,-0.33000001311302185
e20_query_a_delete_two,e20_distractor_4,0,True,maximum_candidate,0,2,0,0.46299999952316284,0.5559999942779541,16.35795021057129,0.13300000131130219,0.22599999606609344,16.35795021057129,0.13300000131130224,0.22599998771785346,16.35795021057129,0.0,-5.551115123125783e-17,0.0,-0.32999999821186066
e20_query_a_delete_two,e20_distractor_4,0,True,maximum_candidate,1,3,1,0.6290000081062317,0.7200000286102295,10.357994079589844,0.29899999499320984,0.38999998569488525,10.357994079589844,0.29899999499320984,0.3900000073284975,10.357994079589844,0.0,0.0,0.0,-0.33000001311302185
e20_query_a_delete_two,e20_distractor_5,0,True,maximum_candidate,0,0,0,0.13300000131130219,0.22599999606609344,16.35795021057129,0.13300000131130219,0.22599999606609344,16.35795021057129,0.13300000131130219,0.22599999606609344,16.35795021057129,0.0,0.0,0.0,0.0
e20_query_a_delete_two,e20_distractor_5,0,True,maximum_candidate,1,1,1,0.29899999499320984,0.38999998569488525,10.357994079589844,0.29899999499320984,0.38999998569488525,10.357994079589844,0.29899999499320984,0.38999998569488525,10.357994079589844,0.0,0.0,0.0,0.0
e20_query_a_delete_two,e20_reference_a,0,True,true_source,0,0,0,0.13300000131130219,0.22599999606609344,16.35795021057129,0.13300000131130219,0.22599999606609344,16.35795021057129,0.13300000131130219,0.22599999606609344,16.35795021057129,0.0,0.0,0.0,0.0
e20_query_a_delete_two,e20_reference_a,0,True,true_source,1,1,1,0.29899999499320984,0.38999998569488525,10.357994079589844,0.29899999499320984,0.38999998569488525,10.357994079589844,0.29899999499320984,0.38999998569488525,10.357994079589844,0.0,0.0,0.0,0.0
e20_query_a_delete_two,e20_reference_b,0,True,maximum_candidate,0,0,0,0.13300000131130219,0.22599999606609344,16.35795021057129,0.13300000131130219,0.22599999606609344,16.35795021057129,0.13300000131130219,0.17964048235538124,16.35795021057129,0.0,-1.3877787807814457e-17,0.0,0.0
e20_query_a_delete_two,e20_reference_b,0,True,maximum_candidate,1,2,1,0.46399998664855957,0.5550000071525574,10.357994079589844,0.29899999499320984,0.38999998569488525,10.357994079589844,0.29899999499320984,0.34463746779649573,10.357994079589844,0.0,0.0,0.0,-0.16499999165534973
e20_query_a_merged,e20_distractor_0,0,True,maximum_candidate,0,0,0,0.13300000131130219,0.22599999606609344,16.35795021057129,0.13300000131130219,0.22599999606609344,16.35795021057129,0.13300000131130213,0.4108795180942739,16.35795021057129,0.0,5.551115123125783e-17,0.0,0.0
e20_query_a_merged,e20_distractor_0,0,True,maximum_candidate,1,1,2,0.29899999499320984,0.39100000262260437,6.3578972816467285,0.6290000081062317,0.7210000157356262,6.3578972816467285,0.6290000081062317,0.9038916113960136,6.3578972816467285,0.0,0.0,0.0,0.33000001311302185
e20_query_a_merged,e20_distractor_1,0,True,maximum_candidate,0,2,0,0.46299999952316284,0.5559999942779541,16.35795021057129,0.13300000131130219,0.22599999606609344,16.35795021057129,0.13300000131130219,0.41087949315013383,16.35795021057129,0.0,0.0,0.0,-0.32999999821186066
e20_query_a_merged,e20_distractor_1,0,True,maximum_candidate,1,3,2,0.6290000081062317,0.7210000157356262,6.3578972816467285,0.6290000081062317,0.7210000157356262,6.3578972816467285,0.6290000081062317,0.9038915867200865,6.3578972816467285,0.0,0.0,0.0,0.0
e20_query_a_merged,e20_distractor_2,0,True,maximum_candidate,0,1,0,0.2980000078678131,0.39100000262260437,16.35795021057129,0.13300000131130219,0.22599999606609344,16.35795021057129,0.13300000131130219,0.41087954303841867,16.35795021057129,0.0,0.0,0.0,-0.16500000655651093
e20_query_a_merged,e20_distractor_2,0,True,maximum_candidate,1,2,2,0.46399998664855957,0.5559999942779541,6.3578972816467285,0.6290000081062317,0.7210000157356262,6.3578972816467285,0.6290000081062317,0.9038916360719449,6.3578972816467285,0.0,0.0,0.0,0.16500002145767212
e20_query_a_merged,e20_distractor_5,0,True,maximum_candidate,0,0,0,0.13300000131130219,0.22599999606609344,16.35795021057129,0.13300000131130219,0.22599999606609344,16.35795021057129,0.13300000131130219,0.27235951815026777,16.35795021057129,0.0,-1.3877787807814457e-17,0.0,0.0
e20_query_a_merged,e20_distractor_5,0,True,maximum_candidate,1,2,2,0.46399998664855957,0.5559999942779541,6.3578972816467285,0.6290000081062317,0.7210000157356262,6.3578972816467285,0.6290000081062317,0.7668610547247643,6.3578972816467285,0.0,1.3877787807814457e-17,0.0,0.16500002145767212
e20_query_a_merged,e20_reference_a,0,True,true_source,0,0,0,0.13300000131130219,0.22599999606609344,16.35795021057129,0.13300000131130219,0.22599999606609344,16.35795021057129,0.13300000131130219,0.22599999606609344,16.35795021057129,0.0,0.0,0.0,0.0
e20_query_a_merged,e20_reference_a,0,True,true_source,1,3,2,0.6290000081062317,0.7210000157356262,6.3578972816467285,0.6290000081062317,0.7210000157356262,6.3578972816467285,0.6290000081062317,0.7210000157356262,6.3578972816467285,0.0,0.0,0.0,0.0
e20_query_a_merged,e20_reference_b,0,True,maximum_candidate,0,0,0,0.13300000131130219,0.22599999606609344,16.35795021057129,0.13300000131130219,0.22599999606609344,16.35795021057129,0.13300000131130219,0.22599999606609344,16.35795021057129,0.0,0.0,0.0,0.0
e20_query_a_merged,e20_reference_b,0,True,maximum_candidate,1,3,2,0.6290000081062317,0.7210000157356262,6.3578972816467285,0.6290000081062317,0.7210000157356262,6.3578972816467285,0.6290000081062317,0.7210000157356262,6.3578972816467285,0.0,0.0,0.0,0.0
e20_query_b_delete_two,e20_distractor_0,0,True,maximum_candidate,0,0,0,0.13300000131130219,0.22599999606609344,16.35795021057129,0.13300000131130219,0.22599999606609344,16.35795021057129,0.13300000131130219,0.17964048235538124,16.35795021057129,0.0,-1.3877787807814457e-17,0.0,0.0
e20_query_b_delete_two,e20_distractor_0,0,True,maximum_candidate,1,2,1,0.46399998664855957,0.5559999942779541,14.357961654663086,0.29899999499320984,0.39100000262260437,14.357961654663086,0.29899999499320984,0.34513897191689225,14.357961654663086,0.0,0.0,0.0,-0.16499999165534973
e20_query_b_delete_two,e20_distractor_2,0,True,maximum_candidate,0,1,0,0.2980000078678131,0.39100000262260437,16.35795021057129,0.13300000131130219,0.22599999606609344,16.35795021057129,0.13300000131130219,0.1796404802556914,16.35795021057129,0.0,0.0,0.0,-0.16500000655651093
e20_query_b_delete_two,e20_distractor_2,0,True,maximum_candidate,1,3,1,0.6290000081062317,0.7210000157356262,14.357961654663086,0.29899999499320984,0.39100000262260437,14.357961654663086,0.29899999499320984,0.3451389698397795,14.357961654663086,0.0,0.0,0.0,-0.33000001311302185
e20_query_b_delete_two,e20_distractor_3,0,True,maximum_candidate,0,2,0,0.46299999952316284,0.5559999942779541,16.35795021057129,0.13300000131130219,0.22599999606609344,16.35795021057129,0.13300000131130224,0.22599998771785346,16.35795021057129,0.0,-5.551115123125783e-17,0.0,-0.32999999821186066
e20_query_b_delete_two,e20_distractor_3,0,True,maximum_candidate,1,3,1,0.6290000081062317,0.7210000157356262,14.357961654663086,0.29899999499320984,0.39100000262260437,14.357961654663086,0.29899999499320984,0.39099999436412924,14.357961654663086,0.0,0.0,0.0,-0.33000001311302185
e20_query_b_delete_two,e20_distractor_5,0,True,maximum_candidate,0,0,0,0.13300000131130219,0.22599999606609344,16.35795021057129,0.13300000131130219,0.22599999606609344,16.35795021057129,0.13300000131130219,0.1641249979448115,16.35795021057129,0.0,1.3877787807814457e-17,0.0,0.0
e20_query_b_delete_two,e20_distractor_5,0,True,maximum_candidate,1,3,1,0.6290000081062317,0.7210000157356262,14.357961654663086,0.29899999499320984,0.39100000262260437,14.357961654663086,0.29899999499320984,0.32979031853352614,14.357961654663086,0.0,0.0,0.0,-0.33000001311302185
e20_query_b_delete_two,e20_reference_a,0,True,maximum_candidate,0,0,0,0.13300000131130219,0.22599999606609344,16.35795021057129,0.13300000131130219,0.22599999606609344,16.35795021057129,0.13300000131130219,0.17964048235538124,16.35795021057129,0.0,-1.3877787807814457e-17,0.0,0.0
e20_query_b_delete_two,e20_reference_a,0,True,maximum_candidate,1,2,1,0.46399998664855957,0.5559999942779541,14.357961654663086,0.29899999499320984,0.39100000262260437,14.357961654663086,0.29899999499320984,0.34513897191689225,14.357961654663086,0.0,0.0,0.0,-0.16499999165534973
e20_query_b_delete_two,e20_reference_b,0,True,true_source,0,0,0,0.13300000131130219,0.22599999606609344,16.35795021057129,0.13300000131130219,0.22599999606609344,16.35795021057129,0.13300000131130219,0.22599999606609344,16.35795021057129,0.0,0.0,0.0,0.0
e20_query_b_delete_two,e20_reference_b,0,True,true_source,1,1,1,0.29899999499320984,0.39100000262260437,14.357961654663086,0.29899999499320984,0.39100000262260437,14.357961654663086,0.29899999499320984,0.39100000262260437,14.357961654663086,0.0,0.0,0.0,0.0
e20_query_b_merged,e20_distractor_0,0,True,maximum_candidate,0,0,0,0.13300000131130219,0.22599999606609344,16.35795021057129,0.13300000131130219,0.22599999606609344,16.35795021057129,0.13300000131130213,0.4108795180942739,16.35795021057129,0.0,5.551115123125783e-17,0.0,0.0
e20_query_b_merged,e20_distractor_0,0,True,maximum_candidate,1,1,2,0.29899999499320984,0.39100000262260437,6.3578972816467285,0.6290000081062317,0.7210000157356262,6.3578972816467285,0.6290000081062317,0.9038916113960136,6.3578972816467285,0.0,0.0,0.0,0.33000001311302185
e20_query_b_merged,e20_distractor_1,0,True,maximum_candidate,0,2,0,0.46299999952316284,0.5559999942779541,16.35795021057129,0.13300000131130219,0.22599999606609344,16.35795021057129,0.13300000131130219,0.41087949315013383,16.35795021057129,0.0,0.0,0.0,-0.32999999821186066
e20_query_b_merged,e20_distractor_1,0,True,maximum_candidate,1,3,2,0.6290000081062317,0.7210000157356262,6.3578972816467285,0.6290000081062317,0.7210000157356262,6.3578972816467285,0.6290000081062317,0.9038915867200865,6.3578972816467285,0.0,0.0,0.0,0.0
e20_query_b_merged,e20_distractor_2,0,True,maximum_candidate,0,1,0,0.2980000078678131,0.39100000262260437,16.35795021057129,0.13300000131130219,0.22599999606609344,16.35795021057129,0.13300000131130219,0.41087954303841867,16.35795021057129,0.0,0.0,0.0,-0.16500000655651093
e20_query_b_merged,e20_distractor_2,0,True,maximum_candidate,1,2,2,0.46399998664855957,0.5559999942779541,6.3578972816467285,0.6290000081062317,0.7210000157356262,6.3578972816467285,0.6290000081062317,0.9038916360719449,6.3578972816467285,0.0,0.0,0.0,0.16500002145767212
e20_query_b_merged,e20_distractor_5,0,True,maximum_candidate,0,0,0,0.13300000131130219,0.22599999606609344,16.35795021057129,0.13300000131130219,0.22599999606609344,16.35795021057129,0.13300000131130219,0.27235951815026777,16.35795021057129,0.0,-1.3877787807814457e-17,0.0,0.0
e20_query_b_merged,e20_distractor_5,0,True,maximum_candidate,1,2,2,0.46399998664855957,0.5559999942779541,6.3578972816467285,0.6290000081062317,0.7210000157356262,6.3578972816467285,0.6290000081062317,0.7668610547247643,6.3578972816467285,0.0,1.3877787807814457e-17,0.0,0.16500002145767212
e20_query_b_merged,e20_reference_a,0,True,maximum_candidate,0,0,0,0.13300000131130219,0.22599999606609344,16.35795021057129,0.13300000131130219,0.22599999606609344,16.35795021057129,0.13300000131130219,0.22599999606609344,16.35795021057129,0.0,0.0,0.0,0.0
e20_query_b_merged,e20_reference_a,0,True,maximum_candidate,1,3,2,0.6290000081062317,0.7210000157356262,6.3578972816467285,0.6290000081062317,0.7210000157356262,6.3578972816467285,0.6290000081062317,0.7210000157356262,6.3578972816467285,0.0,0.0,0.0,0.0
e20_query_b_merged,e20_reference_b,0,True,true_source,0,0,0,0.13300000131130219,0.22599999606609344,16.35795021057129,0.13300000131130219,0.22599999606609344,16.35795021057129,0.13300000131130219,0.22599999606609344,16.35795021057129,0.0,0.0,0.0,0.0
e20_query_b_merged,e20_reference_b,0,True,true_source,1,3,2,0.6290000081062317,0.7210000157356262,6.3578972816467285,0.6290000081062317,0.7210000157356262,6.3578972816467285,0.6290000081062317,0.7210000157356262,6.3578972816467285,0.0,0.0,0.0,0.0
e21_query_a_merged,e21_distractor_3,0,True,maximum_candidate,0,0,0,0.1340000033378601,0.22599999606609344,17.359695434570312,0.1340000033378601,0.22599999606609344,17.359695434570312,0.1340000033378601,0.22599999606609344,17.359695434570312,0.0,0.0,0.0,0.0
e21_query_a_merged,e21_distractor_3,0,True,maximum_candidate,1,1,1,0.29899999499320984,0.38999998569488525,5.359889507293701,0.29899999499320984,0.38999998569488525,5.359889507293701,0.29899999499320984,0.38999998569488525,5.359889507293701,0.0,0.0,0.0,0.0
e21_query_a_merged,e21_distractor_3,0,True,maximum_candidate,2,4,3,0.7929999828338623,0.8849999904632568,8.359827041625977,0.7929999828338623,0.8849999904632568,8.359827041625977,0.7929999828338623,0.8849999904632568,8.359827041625977,0.0,0.0,0.0,0.0
e21_query_a_merged,e21_distractor_3,0,True,maximum_candidate,3,5,4,0.9589999914169312,1.0509999990463257,14.35970401763916,0.9589999914169312,1.0509999990463257,14.35970401763916,0.9589999914169312,1.0509999990463257,14.35970401763916,0.0,0.0,0.0,0.0
e21_query_a_merged,e21_reference_a,0,True,true_source,0,0,0,0.1340000033378601,0.22599999606609344,17.359695434570312,0.1340000033378601,0.22599999606609344,17.359695434570312,0.1340000033378601,0.22599999606609344,17.359695434570312,0.0,0.0,0.0,0.0
e21_query_a_merged,e21_reference_a,0,True,true_source,1,1,1,0.29899999499320984,0.38999998569488525,5.359889507293701,0.29899999499320984,0.38999998569488525,5.359889507293701,0.29899999499320984,0.38999998569488525,5.359889507293701,0.0,0.0,0.0,0.0
e21_query_a_merged,e21_reference_a,0,True,true_source,2,4,3,0.7929999828338623,0.8849999904632568,8.359827041625977,0.7929999828338623,0.8849999904632568,8.359827041625977,0.7929999828338623,0.8849999904632568,8.359827041625977,0.0,0.0,0.0,0.0
e21_query_a_merged,e21_reference_a,0,True,true_source,3,5,4,0.9589999914169312,1.0509999990463257,14.35970401763916,0.9589999914169312,1.0509999990463257,14.35970401763916,0.9589999914169312,1.0509999990463257,14.35970401763916,0.0,0.0,0.0,0.0
