model,cell,condition,bin,count,mean_confidence,accuracy
fixed/absolute,detached,intact,3,16,0.37464499999999995,0.3125
fixed/absolute,duration,intact,3,16,0.37464499999999995,0.3125
fixed/absolute,joint,ambiguous,3,16,0.37464499999999995,0.3125
fixed/absolute,joint,intact,3,16,0.37464499999999995,0.3125
fixed/absolute,joint,removal,3,16,0.37464499999999995,0.3125
fixed/absolute,joint,reset,3,16,0.37464499999999995,0.3125
fixed/absolute,joint,shuffle,3,16,0.37464499999999995,0.3125
fixed/absolute,joint,swap,3,16,0.37464499999999995,0.3125
fixed/absolute,legato,intact,3,16,0.37464499999999995,0.3125
fixed/present,detached,intact,3,16,0.37464499999999995,0.3125
fixed/present,duration,intact,3,16,0.37464499999999995,0.3125
fixed/present,joint,ambiguous,3,16,0.37464499999999995,0.3125
fixed/present,joint,intact,3,16,0.37464499999999995,0.3125
fixed/present,joint,removal,3,16,0.37464499999999995,0.3125
fixed/present,joint,reset,3,16,0.37464499999999995,0.3125
fixed/present,joint,shuffle,3,16,0.37464499999999995,0.3125
fixed/present,joint,swap,3,16,0.37464499999999995,0.3125
fixed/present,legato,intact,3,16,0.37464499999999995,0.3125
fixed/recency,detached,intact,3,7,0.35725,0.42857142857142855
fixed/recency,detached,intact,9,9,0.9509999999987221,0.0
fixed/recency,duration,intact,3,7,0.35725,0.2857142857142857
fixed/recency,duration,intact,9,9,0.951,0.0
fixed/recency,joint,ambiguous,3,10,0.35724999999999996,0.3
fixed/recency,joint,ambiguous,9,6,0.951,0.0
fixed/recency,joint,intact,3,10,0.35724999999999996,0.3
fixed/recency,joint,intact,9,6,0.951,0.0
fixed/recency,joint,removal,3,10,0.35724999999999996,0.3
fixed/recency,joint,removal,9,6,0.951,0.0
fixed/recency,joint,reset,3,12,0.35725,0.3333333333333333
fixed/recency,joint,reset,9,4,0.951,0.0
fixed/recency,joint,shuffle,3,8,0.35724999999999996,0.375
fixed/recency,joint,shuffle,9,8,0.951,0.0
fixed/recency,joint,swap,3,10,0.35724999999999996,0.3
fixed/recency,joint,swap,9,6,0.951,0.0
fixed/recency,legato,intact,3,4,0.35724999999999996,0.5
fixed/recency,legato,intact,9,12,0.9510000000000001,0.0
fixed/reference,detached,intact,3,16,0.37464499999999995,0.3125
fixed/reference,duration,intact,3,16,0.37464499999999995,0.3125
fixed/reference,joint,ambiguous,3,16,0.37464499999999995,0.3125
fixed/reference,joint,intact,3,16,0.37464499999999995,0.3125
fixed/reference,joint,removal,3,16,0.37464499999999995,0.3125
fixed/reference,joint,reset,3,16,0.37464499999999995,0.3125
fixed/reference,joint,shuffle,3,16,0.37464499999999995,0.3125
fixed/reference,joint,swap,3,16,0.37464499999999995,0.3125
fixed/reference,legato,intact,3,16,0.37464499999999995,0.3125
fixed/transition1,detached,intact,3,7,0.374645,0.42857142857142855
fixed/transition1,detached,intact,5,5,0.5189981424825949,0.0
fixed/transition1,detached,intact,9,4,0.9990199999969764,0.0
fixed/transition1,duration,intact,3,16,0.37464499999999995,0.3125
fixed/transition1,joint,ambiguous,3,14,0.374645,0.2857142857142857
fixed/transition1,joint,ambiguous,9,2,0.99902,0.0
fixed/transition1,joint,intact,3,14,0.374645,0.2857142857142857
fixed/transition1,joint,intact,9,2,0.99902,0.0
fixed/transition1,joint,removal,3,14,0.374645,0.2857142857142857
fixed/transition1,joint,removal,9,2,0.99902,0.0
fixed/transition1,joint,reset,3,14,0.374645,0.2857142857142857
fixed/transition1,joint,reset,9,2,0.99902,0.0
fixed/transition1,joint,shuffle,3,14,0.374645,0.2857142857142857
fixed/transition1,joint,shuffle,9,2,0.99902,0.0
fixed/transition1,joint,swap,3,14,0.374645,0.2857142857142857
fixed/transition1,joint,swap,9,2,0.99902,0.0
fixed/transition1,legato,intact,3,4,0.37464499999999995,0.5
fixed/transition1,legato,intact,5,3,0.5015431038416048,0.0
fixed/transition1,legato,intact,7,1,0.7033698075681202,0.0
fixed/transition1,legato,intact,9,8,0.99902,0.0
fixed/transition2,detached,intact,3,16,0.37464499999999995,0.3125
fixed/transition2,duration,intact,3,16,0.37464499999999995,0.3125
fixed/transition2,joint,ambiguous,3,16,0.37464499999999995,0.3125
fixed/transition2,joint,intact,3,16,0.37464499999999995,0.3125
fixed/transition2,joint,removal,3,16,0.37464499999999995,0.3125
fixed/transition2,joint,reset,3,16,0.37464499999999995,0.3125
fixed/transition2,joint,shuffle,3,16,0.37464499999999995,0.3125
fixed/transition2,joint,swap,3,16,0.37464499999999995,0.3125
fixed/transition2,legato,intact,3,16,0.37464499999999995,0.3125
fixed/transition3,detached,intact,3,16,0.37464499999999995,0.3125
fixed/transition3,duration,intact,3,16,0.37464499999999995,0.3125
fixed/transition3,joint,ambiguous,3,16,0.37464499999999995,0.3125
fixed/transition3,joint,intact,3,16,0.37464499999999995,0.3125
fixed/transition3,joint,removal,3,16,0.37464499999999995,0.3125
fixed/transition3,joint,reset,3,16,0.37464499999999995,0.3125
fixed/transition3,joint,shuffle,3,16,0.37464499999999995,0.3125
fixed/transition3,joint,swap,3,16,0.37464499999999995,0.3125
fixed/transition3,legato,intact,3,16,0.37464499999999995,0.3125
map/absolute,detached,intact,3,1,0.37464499999999995,1.0
map/absolute,detached,intact,9,15,0.9990199999999999,1.0
map/absolute,duration,intact,3,2,0.37464499999999995,0.5
map/absolute,duration,intact,9,14,0.9990199999999999,1.0
map/absolute,joint,ambiguous,5,12,0.5230008910995871,0.5
map/absolute,joint,ambiguous,9,4,0.9990199999999998,0.5
map/absolute,joint,intact,3,2,0.37464499999999995,0.5
map/absolute,joint,intact,9,14,0.9990199999999999,1.0
map/absolute,joint,removal,3,16,0.37464499999999995,0.3125
map/absolute,joint,reset,3,16,0.37464499999999995,0.3125
map/absolute,joint,shuffle,3,2,0.37464499999999995,0.5
map/absolute,joint,shuffle,9,14,0.9990199999999999,1.0
map/absolute,joint,swap,3,2,0.37464499999999995,0.5
map/absolute,joint,swap,9,14,0.9990199999999999,1.0
map/absolute,legato,intact,3,2,0.37464499999999995,0.5
map/absolute,legato,intact,9,14,0.9990199999999999,1.0
map/present,detached,intact,3,16,0.37464499999999995,0.3125
map/present,duration,intact,3,16,0.37464499999999995,0.3125
map/present,joint,ambiguous,3,16,0.37464499999999995,0.3125
map/present,joint,intact,3,16,0.37464499999999995,0.3125
map/present,joint,removal,3,16,0.37464499999999995,0.3125
map/present,joint,reset,3,16,0.37464499999999995,0.3125
map/present,joint,shuffle,3,16,0.37464499999999995,0.3125
map/present,joint,swap,3,16,0.37464499999999995,0.3125
map/present,legato,intact,3,16,0.37464499999999995,0.3125
map/recency,detached,intact,9,16,0.951,0.4375
map/recency,duration,intact,9,16,0.951,0.5
map/recency,joint,ambiguous,9,16,0.951,0.5
map/recency,joint,intact,9,16,0.951,0.5
map/recency,joint,removal,3,16,0.35724999999999996,0.3125
map/recency,joint,reset,3,16,0.35724999999999996,0.3125
map/recency,joint,shuffle,9,16,0.951,0.625
map/recency,joint,swap,9,16,0.951,0.5
map/recency,legato,intact,9,16,0.951,0.5
map/reference,detached,intact,3,1,0.37464499999999995,1.0
map/reference,detached,intact,9,15,0.9990199999999999,1.0
map/reference,duration,intact,3,2,0.37464499999999995,0.5
map/reference,duration,intact,9,14,0.9990199999999999,1.0
map/reference,joint,ambiguous,5,12,0.5151133476873418,0.5
map/reference,joint,ambiguous,9,4,0.9990199999999998,0.5
map/reference,joint,intact,3,2,0.37464499999999995,0.5
map/reference,joint,intact,9,14,0.9990199999999999,1.0
map/reference,joint,removal,3,16,0.37464499999999995,0.3125
map/reference,joint,reset,3,16,0.37464499999999995,0.3125
map/reference,joint,shuffle,3,2,0.37464499999999995,0.5
map/reference,joint,shuffle,9,14,0.9990199999999999,1.0
map/reference,joint,swap,3,2,0.37464499999999995,0.5
map/reference,joint,swap,9,14,0.9990199999999999,1.0
map/reference,legato,intact,3,2,0.37464499999999995,0.5
map/reference,legato,intact,9,14,0.9990199999999999,1.0
map/transition1,detached,intact,5,14,0.5157071906147553,0.42857142857142855
map/transition1,detached,intact,9,2,0.99902,0.5
map/transition1,duration,intact,5,10,0.5457499956047714,0.7
map/transition1,duration,intact,6,1,0.6225354715481707,1.0
map/transition1,duration,intact,7,1,0.7025005433206446,1.0
map/transition1,duration,intact,9,4,0.9990199999999998,0.5
map/transition1,joint,ambiguous,4,2,0.49987636486560283,0.5
map/transition1,joint,ambiguous,5,10,0.5189164056097133,0.5
map/transition1,joint,ambiguous,9,4,0.9990199999999998,0.5
map/transition1,joint,intact,5,9,0.5268136330511344,0.7777777777777778
map/transition1,joint,intact,7,1,0.7025005433206446,1.0
map/transition1,joint,intact,9,6,0.9990199999999998,0.6666666666666666
map/transition1,joint,removal,3,16,0.37464499999999995,0.3125
map/transition1,joint,reset,3,16,0.37464499999999995,0.3125
map/transition1,joint,shuffle,5,8,0.5307404358411462,0.375
map/transition1,joint,shuffle,6,2,0.6474195804305803,1.0
map/transition1,joint,shuffle,9,6,0.9990199999999998,0.6666666666666666
map/transition1,joint,swap,5,9,0.5268136330511344,0.7777777777777778
map/transition1,joint,swap,7,1,0.7025005433206446,1.0
map/transition1,joint,swap,9,6,0.9990199999999998,0.6666666666666666
map/transition1,legato,intact,5,9,0.5520517088913522,0.7777777777777778
map/transition1,legato,intact,6,3,0.6100821470517018,0.3333333333333333
map/transition1,legato,intact,9,4,0.9990199999999998,0.5
map/transition2,detached,intact,3,1,0.37464499999999995,1.0
map/transition2,detached,intact,9,15,0.9990199999999999,1.0
map/transition2,duration,intact,3,2,0.37464499999999995,0.5
map/transition2,duration,intact,9,14,0.9990199999999999,1.0
map/transition2,joint,ambiguous,4,2,0.49987636486560283,0.5
map/transition2,joint,ambiguous,5,10,0.525783718110428,0.5
map/transition2,joint,ambiguous,9,4,0.9990199999999998,0.5
map/transition2,joint,intact,3,2,0.37464499999999995,0.5
map/transition2,joint,intact,9,14,0.9990199999999999,1.0
map/transition2,joint,removal,3,16,0.37464499999999995,0.3125
map/transition2,joint,reset,3,16,0.37464499999999995,0.3125
map/transition2,joint,shuffle,3,2,0.37464499999999995,0.5
map/transition2,joint,shuffle,9,14,0.9990199999999999,1.0
map/transition2,joint,swap,3,2,0.37464499999999995,0.5
map/transition2,joint,swap,9,14,0.9990199999999999,1.0
map/transition2,legato,intact,3,2,0.37464499999999995,0.5
map/transition2,legato,intact,9,14,0.9990199999999999,1.0
map/transition3,detached,intact,3,1,0.37464499999999995,1.0
map/transition3,detached,intact,9,15,0.9990199999999999,1.0
map/transition3,duration,intact,3,2,0.37464499999999995,0.5
map/transition3,duration,intact,9,14,0.9990199999999999,1.0
map/transition3,joint,ambiguous,5,12,0.5230008910995871,0.5
map/transition3,joint,ambiguous,9,4,0.9990199999999998,0.5
map/transition3,joint,intact,3,2,0.37464499999999995,0.5
map/transition3,joint,intact,9,14,0.9990199999999999,1.0
map/transition3,joint,removal,3,16,0.37464499999999995,0.3125
map/transition3,joint,reset,3,16,0.37464499999999995,0.3125
map/transition3,joint,shuffle,3,2,0.37464499999999995,0.5
map/transition3,joint,shuffle,9,14,0.9990199999999999,1.0
map/transition3,joint,swap,3,2,0.37464499999999995,0.5
map/transition3,joint,swap,9,14,0.9990199999999999,1.0
map/transition3,legato,intact,3,2,0.37464499999999995,0.5
map/transition3,legato,intact,9,14,0.9990199999999999,1.0
mixture/absolute,detached,intact,8,1,0.8296023063574745,1.0
mixture/absolute,detached,intact,9,15,0.9828074361456092,0.8666666666666667
mixture/absolute,duration,intact,5,2,0.5201815220701016,1.0
mixture/absolute,duration,intact,6,3,0.6708454158025142,1.0
mixture/absolute,duration,intact,7,4,0.7222784318045933,0.5
mixture/absolute,duration,intact,8,3,0.8534540354834227,1.0
mixture/absolute,duration,intact,9,4,0.9680363933708713,0.5
mixture/absolute,joint,ambiguous,3,4,0.396045528354242,0.5
mixture/absolute,joint,ambiguous,4,8,0.466164691762766,0.25
mixture/absolute,joint,ambiguous,6,2,0.6522299452652967,0.0
mixture/absolute,joint,ambiguous,9,2,1.0,0.0
mixture/absolute,joint,intact,5,4,0.5278916258654562,1.0
mixture/absolute,joint,intact,6,6,0.6774504749377385,0.6666666666666666
mixture/absolute,joint,intact,8,4,0.8217436144489444,1.0
mixture/absolute,joint,intact,9,2,1.0,0.0
mixture/absolute,joint,removal,2,2,0.29790529824594125,0.5
mixture/absolute,joint,removal,3,14,0.3229999799705473,0.21428571428571427
mixture/absolute,joint,reset,3,16,0.36873745992068324,0.3125
mixture/absolute,joint,shuffle,5,3,0.5587118899003457,0.3333333333333333
mixture/absolute,joint,shuffle,6,5,0.644064332021409,0.6
mixture/absolute,joint,shuffle,7,2,0.794324642369655,1.0
mixture/absolute,joint,shuffle,8,4,0.849376247055049,1.0
mixture/absolute,joint,shuffle,9,2,1.0,0.0
mixture/absolute,joint,swap,5,4,0.5278916258654562,1.0
mixture/absolute,joint,swap,6,6,0.6774504749377385,0.6666666666666666
mixture/absolute,joint,swap,8,4,0.8217436144489445,1.0
mixture/absolute,joint,swap,9,2,1.0,0.0
mixture/absolute,legato,intact,6,2,0.6498514578154555,1.0
mixture/absolute,legato,intact,8,8,0.8456449735615583,0.75
mixture/absolute,legato,intact,9,6,0.9572287404921482,0.6666666666666666
mixture/present,detached,intact,3,14,0.36354017900305674,0.2857142857142857
mixture/present,detached,intact,9,2,1.0,0.0
mixture/present,duration,intact,2,2,0.27295018814470084,0.0
mixture/present,duration,intact,3,8,0.32440495831455174,0.125
mixture/present,duration,intact,4,2,0.4622325139947667,0.0
mixture/present,duration,intact,7,2,0.7167139804522806,0.0
mixture/present,duration,intact,9,2,1.0,0.0
mixture/present,joint,ambiguous,2,6,0.2813736232224258,0.16666666666666666
mixture/present,joint,ambiguous,3,2,0.33651204214139735,0.0
mixture/present,joint,ambiguous,4,4,0.46827453380347867,0.0
mixture/present,joint,ambiguous,6,2,0.6522299452652967,0.0
mixture/present,joint,ambiguous,9,2,1.0,0.0
mixture/present,joint,intact,3,9,0.31999643529698907,0.0
mixture/present,joint,intact,4,3,0.46906545436686686,0.0
mixture/present,joint,intact,6,2,0.6772790572530145,0.0
mixture/present,joint,intact,9,2,1.0,0.0
mixture/present,joint,removal,2,2,0.29790529824594125,0.5
mixture/present,joint,removal,3,14,0.3229999799705473,0.21428571428571427
mixture/present,joint,reset,3,16,0.36873745992068324,0.3125
mixture/present,joint,shuffle,2,2,0.2978816796866724,0.0
mixture/present,joint,shuffle,3,7,0.3234433023312654,0.0
mixture/present,joint,shuffle,4,1,0.44239219292599563,0.0
mixture/present,joint,shuffle,5,2,0.5595315884140539,0.0
mixture/present,joint,shuffle,6,2,0.6251673854234714,0.0
mixture/present,joint,shuffle,9,2,1.0,0.0
mixture/present,joint,swap,3,9,0.31999643529698907,0.0
mixture/present,joint,swap,4,3,0.46906545436686686,0.0
mixture/present,joint,swap,6,2,0.6772790572530145,0.0
mixture/present,joint,swap,9,2,1.0,0.0
mixture/present,legato,intact,2,2,0.29182032978365835,0.0
mixture/present,legato,intact,3,10,0.33597189250976756,0.2
mixture/present,legato,intact,8,2,0.835086537934733,0.0
mixture/present,legato,intact,9,2,1.0,0.0
mixture/recency,detached,intact,7,1,0.7897257245560233,0.0
mixture/recency,detached,intact,8,3,0.8732117063445899,0.6666666666666666
mixture/recency,detached,intact,9,12,0.9591666666666668,0.3333333333333333
mixture/recency,duration,intact,4,1,0.49366941050874236,0.0
mixture/recency,duration,intact,5,2,0.5660527085230591,0.5
mixture/recency,duration,intact,6,4,0.6769789740464286,0.5
mixture/recency,duration,intact,7,2,0.7169916063039545,0.0
mixture/recency,duration,intact,8,5,0.8499595001775407,0.6
mixture/recency,duration,intact,9,2,1.0,0.0
mixture/recency,joint,ambiguous,4,2,0.4936618215389603,0.0
mixture/recency,joint,ambiguous,5,2,0.5293524466132801,0.5
mixture/recency,joint,ambiguous,6,4,0.6434824378552269,0.25
mixture/recency,joint,ambiguous,7,4,0.7200004848556769,0.5
mixture/recency,joint,ambiguous,8,2,0.8542031845519595,0.5
mixture/recency,joint,ambiguous,9,2,1.0,0.0
mixture/recency,joint,intact,4,2,0.4928008747324484,0.0
mixture/recency,joint,intact,5,3,0.5683844092609923,0.3333333333333333
mixture/recency,joint,intact,6,5,0.6741251263170974,0.6
mixture/recency,joint,intact,7,2,0.779506535426272,0.0
mixture/recency,joint,intact,8,2,0.819959902600321,1.0
mixture/recency,joint,intact,9,2,1.0,0.0
mixture/recency,joint,removal,2,4,0.28845030751390865,0.25
mixture/recency,joint,removal,3,12,0.31550940839891845,0.25
mixture/recency,joint,reset,3,16,0.35161675067507664,0.3125
mixture/recency,joint,shuffle,3,1,0.38801512515263403,0.0
mixture/recency,joint,shuffle,4,1,0.4035016698335374,0.0
mixture/recency,joint,shuffle,5,3,0.5500740475405034,0.3333333333333333
mixture/recency,joint,shuffle,6,4,0.6309874833182105,0.25
mixture/recency,joint,shuffle,7,2,0.7561437557742007,0.0
mixture/recency,joint,shuffle,8,3,0.832666620648664,0.6666666666666666
mixture/recency,joint,shuffle,9,2,1.0,0.0
mixture/recency,joint,swap,4,2,0.4928008747324484,0.0
mixture/recency,joint,swap,5,3,0.5683844092609923,0.3333333333333333
mixture/recency,joint,swap,6,5,0.6741251263170974,0.6
mixture/recency,joint,swap,7,2,0.779506535426272,0.0
mixture/recency,joint,swap,8,2,0.819959902600321,1.0
mixture/recency,joint,swap,9,2,1.0,0.0
mixture/recency,legato,intact,6,2,0.6734923362224655,0.0
mixture/recency,legato,intact,8,11,0.8407106348790354,0.45454545454545453
mixture/recency,legato,intact,9,3,0.9836666666666667,0.3333333333333333
mixture/reference,detached,intact,8,1,0.8296023063574745,1.0
mixture/reference,detached,intact,9,15,0.9828074361456092,0.8666666666666667
mixture/reference,duration,intact,5,2,0.5201815220701016,1.0
mixture/reference,duration,intact,6,3,0.6708454158025142,1.0
mixture/reference,duration,intact,7,4,0.7222784318045933,0.5
mixture/reference,duration,intact,8,3,0.8534540354834227,1.0
mixture/reference,duration,intact,9,4,0.9680363933708713,0.5
mixture/reference,joint,ambiguous,3,4,0.3939294130247554,0.5
mixture/reference,joint,ambiguous,4,8,0.46158238103563287,0.25
mixture/reference,joint,ambiguous,6,2,0.6522299452652967,0.0
mixture/reference,joint,ambiguous,9,2,1.0,0.0
mixture/reference,joint,intact,5,4,0.5278916258654562,1.0
mixture/reference,joint,intact,6,6,0.6774504749377385,0.6666666666666666
mixture/reference,joint,intact,8,4,0.8217436144489444,1.0
mixture/reference,joint,intact,9,2,1.0,0.0
mixture/reference,joint,removal,2,2,0.29790529824594125,0.5
mixture/reference,joint,removal,3,14,0.3229999799705473,0.21428571428571427
mixture/reference,joint,reset,3,16,0.36873745992068324,0.3125
mixture/reference,joint,shuffle,5,3,0.5587118899003457,0.3333333333333333
mixture/reference,joint,shuffle,6,5,0.644064332021409,0.6
mixture/reference,joint,shuffle,7,2,0.794324642369655,1.0
mixture/reference,joint,shuffle,8,4,0.849376247055049,1.0
mixture/reference,joint,shuffle,9,2,1.0,0.0
mixture/reference,joint,swap,5,4,0.5278916258654562,1.0
mixture/reference,joint,swap,6,6,0.6774504749377385,0.6666666666666666
mixture/reference,joint,swap,8,4,0.8217436144489445,1.0
mixture/reference,joint,swap,9,2,1.0,0.0
mixture/reference,legato,intact,6,2,0.6518629291791809,1.0
mixture/reference,legato,intact,8,8,0.8456449735615583,0.75
mixture/reference,legato,intact,9,6,0.9572287404921482,0.6666666666666666
mixture/transition1,detached,intact,4,2,0.4639603765871112,0.0
mixture/transition1,detached,intact,5,10,0.5080771698582518,0.4
mixture/transition1,detached,intact,6,2,0.6873441148505541,1.0
mixture/transition1,detached,intact,9,2,1.0,0.0
mixture/transition1,duration,intact,3,4,0.3736134555285804,0.5
mixture/transition1,duration,intact,4,3,0.4455176862312395,0.0
mixture/transition1,duration,intact,5,2,0.5612257648884874,0.5
mixture/transition1,duration,intact,6,3,0.651006009033478,1.0
mixture/transition1,duration,intact,7,2,0.7167139804522806,0.0
mixture/transition1,duration,intact,9,2,1.0,0.0
mixture/transition1,joint,ambiguous,3,2,0.3748807504459929,0.5
mixture/transition1,joint,ambiguous,4,10,0.45429799708263924,0.3
mixture/transition1,joint,ambiguous,6,2,0.6522299452652967,0.0
mixture/transition1,joint,ambiguous,9,2,1.0,0.0
mixture/transition1,joint,intact,3,4,0.3765364250792469,0.25
mixture/transition1,joint,intact,4,5,0.4614279242886747,0.2
mixture/transition1,joint,intact,5,1,0.5573589673538082,1.0
mixture/transition1,joint,intact,6,4,0.6543086403820892,0.5
mixture/transition1,joint,intact,9,2,1.0,0.0
mixture/transition1,joint,removal,2,2,0.29790529824594125,0.5
mixture/transition1,joint,removal,3,14,0.3229999799705473,0.21428571428571427
mixture/transition1,joint,reset,3,16,0.36873745992068324,0.3125
mixture/transition1,joint,shuffle,3,2,0.37129952806957756,0.5
mixture/transition1,joint,shuffle,4,5,0.4513759883893627,0.4
mixture/transition1,joint,shuffle,5,4,0.5677418714746879,0.5
mixture/transition1,joint,shuffle,6,3,0.6314843885685414,0.3333333333333333
mixture/transition1,joint,shuffle,9,2,1.0,0.0
mixture/transition1,joint,swap,3,4,0.3765364250792469,0.25
mixture/transition1,joint,swap,4,5,0.4614279242886747,0.2
mixture/transition1,joint,swap,5,1,0.5573589673538082,1.0
mixture/transition1,joint,swap,6,4,0.6543086403820892,0.5
mixture/transition1,joint,swap,9,2,1.0,0.0
mixture/transition1,legato,intact,3,1,0.3543151218529271,0.0
mixture/transition1,legato,intact,4,5,0.4726226676037212,0.8
mixture/transition1,legato,intact,5,4,0.5457408976221272,0.5
mixture/transition1,legato,intact,6,2,0.6341021738534902,1.0
mixture/transition1,legato,intact,8,2,0.835086537934733,0.0
mixture/transition1,legato,intact,9,2,1.0,0.0
mixture/transition2,detached,intact,8,1,0.8296023063574745,1.0
mixture/transition2,detached,intact,9,15,0.9828074361456092,0.8666666666666667
mixture/transition2,duration,intact,5,2,0.5201815220701016,1.0
mixture/transition2,duration,intact,6,3,0.6708454158025142,1.0
mixture/transition2,duration,intact,7,4,0.7222784318045933,0.5
mixture/transition2,duration,intact,8,3,0.8534540354834227,1.0
mixture/transition2,duration,intact,9,4,0.9680363933708713,0.5
mixture/transition2,joint,ambiguous,3,4,0.39646450979208747,0.5
mixture/transition2,joint,ambiguous,4,8,0.46771865794431405,0.25
mixture/transition2,joint,ambiguous,6,2,0.6522299452652967,0.0
mixture/transition2,joint,ambiguous,9,2,1.0,0.0
mixture/transition2,joint,intact,5,4,0.5278916258654562,1.0
mixture/transition2,joint,intact,6,5,0.6734188723827144,0.6
mixture/transition2,joint,intact,7,1,0.7331799044169239,1.0
mixture/transition2,joint,intact,8,4,0.832145117275189,1.0
mixture/transition2,joint,intact,9,2,1.0,0.0
mixture/transition2,joint,removal,2,2,0.29790529824594125,0.5
mixture/transition2,joint,removal,3,14,0.3229999799705473,0.21428571428571427
mixture/transition2,joint,reset,3,16,0.36873745992068324,0.3125
mixture/transition2,joint,shuffle,5,3,0.5587118899003457,0.3333333333333333
mixture/transition2,joint,shuffle,6,4,0.6304549263489968,0.5
mixture/transition2,joint,shuffle,7,3,0.7739417776836947,1.0
mixture/transition2,joint,shuffle,8,4,0.859515089330516,1.0
mixture/transition2,joint,shuffle,9,2,1.0,0.0
mixture/transition2,joint,swap,5,4,0.5278916258654562,1.0
mixture/transition2,joint,swap,6,5,0.6734188723827144,0.6
mixture/transition2,joint,swap,7,1,0.7331799044169239,1.0
mixture/transition2,joint,swap,8,4,0.8321451172751891,1.0
mixture/transition2,joint,swap,9,2,1.0,0.0
mixture/transition2,legato,intact,7,2,0.7074998041356124,1.0
mixture/transition2,legato,intact,8,8,0.8607190218974332,0.75
mixture/transition2,legato,intact,9,6,0.9572287404921482,0.6666666666666666
mixture/transition3,detached,intact,8,1,0.8296023063574745,1.0
mixture/transition3,detached,intact,9,15,0.9828074361456092,0.8666666666666667
mixture/transition3,duration,intact,5,2,0.5201815220701016,1.0
mixture/transition3,duration,intact,6,3,0.6708454158025142,1.0
mixture/transition3,duration,intact,7,4,0.7222784318045933,0.5
mixture/transition3,duration,intact,8,3,0.8534540354834227,1.0
mixture/transition3,duration,intact,9,4,0.9680363933708713,0.5
mixture/transition3,joint,ambiguous,3,4,0.396045528354242,0.5
mixture/transition3,joint,ambiguous,4,8,0.466164691762766,0.25
mixture/transition3,joint,ambiguous,6,2,0.6522299452652967,0.0
mixture/transition3,joint,ambiguous,9,2,1.0,0.0
mixture/transition3,joint,intact,5,4,0.5278916258654562,1.0
mixture/transition3,joint,intact,6,6,0.6774504749377385,0.6666666666666666
mixture/transition3,joint,intact,8,4,0.8217436144489444,1.0
mixture/transition3,joint,intact,9,2,1.0,0.0
mixture/transition3,joint,removal,2,2,0.29790529824594125,0.5
mixture/transition3,joint,removal,3,14,0.3229999799705473,0.21428571428571427
mixture/transition3,joint,reset,3,16,0.36873745992068324,0.3125
mixture/transition3,joint,shuffle,5,3,0.5587118899003457,0.3333333333333333
mixture/transition3,joint,shuffle,6,5,0.644064332021409,0.6
mixture/transition3,joint,shuffle,7,2,0.794324642369655,1.0
mixture/transition3,joint,shuffle,8,4,0.849376247055049,1.0
mixture/transition3,joint,shuffle,9,2,1.0,0.0
mixture/transition3,joint,swap,5,4,0.5278916258654562,1.0
mixture/transition3,joint,swap,6,6,0.6774504749377385,0.6666666666666666
mixture/transition3,joint,swap,8,4,0.8217436144489445,1.0
mixture/transition3,joint,swap,9,2,1.0,0.0
mixture/transition3,legato,intact,6,2,0.6498514578154555,1.0
mixture/transition3,legato,intact,8,8,0.8456449735615583,0.75
mixture/transition3,legato,intact,9,6,0.9572287404921482,0.6666666666666666
oracle-boundary/absolute,detached,intact,9,16,0.9990199999999999,1.0
oracle-boundary/absolute,duration,intact,9,16,0.9990199999999999,1.0
oracle-boundary/absolute,joint,ambiguous,4,16,0.49951999999999996,0.5
oracle-boundary/absolute,joint,intact,9,16,0.9990199999999999,1.0
oracle-boundary/absolute,joint,removal,3,16,0.37464499999999995,0.3125
oracle-boundary/absolute,joint,reset,3,16,0.37464499999999995,0.3125
oracle-boundary/absolute,joint,shuffle,9,16,0.9990199999999999,1.0
oracle-boundary/absolute,joint,swap,9,16,0.9990199999999999,1.0
oracle-boundary/absolute,legato,intact,9,16,0.9990199999999999,1.0
oracle-boundary/present,detached,intact,3,16,0.37464499999999995,0.3125
oracle-boundary/present,duration,intact,3,16,0.37464499999999995,0.3125
oracle-boundary/present,joint,ambiguous,3,16,0.37464499999999995,0.3125
oracle-boundary/present,joint,intact,3,16,0.37464499999999995,0.3125
oracle-boundary/present,joint,removal,3,16,0.37464499999999995,0.3125
oracle-boundary/present,joint,reset,3,16,0.37464499999999995,0.3125
oracle-boundary/present,joint,shuffle,3,16,0.37464499999999995,0.3125
oracle-boundary/present,joint,swap,3,16,0.37464499999999995,0.3125
oracle-boundary/present,legato,intact,3,16,0.37464499999999995,0.3125
oracle-boundary/recency,detached,intact,9,16,0.951,0.5
oracle-boundary/recency,duration,intact,9,16,0.951,0.5
oracle-boundary/recency,joint,ambiguous,9,16,0.951,0.5
oracle-boundary/recency,joint,intact,9,16,0.951,0.5
oracle-boundary/recency,joint,removal,3,16,0.35724999999999996,0.3125
oracle-boundary/recency,joint,reset,3,16,0.35724999999999996,0.3125
oracle-boundary/recency,joint,shuffle,9,16,0.951,0.5
oracle-boundary/recency,joint,swap,9,16,0.951,0.5
oracle-boundary/recency,legato,intact,9,16,0.951,0.5
oracle-boundary/reference,detached,intact,9,16,0.9990199999999999,1.0
oracle-boundary/reference,duration,intact,9,16,0.9990199999999999,1.0
oracle-boundary/reference,joint,ambiguous,4,16,0.49951999999999996,0.5
oracle-boundary/reference,joint,intact,9,16,0.9990199999999999,1.0
oracle-boundary/reference,joint,removal,3,16,0.37464499999999995,0.3125
oracle-boundary/reference,joint,reset,3,16,0.37464499999999995,0.3125
oracle-boundary/reference,joint,shuffle,9,16,0.9990199999999999,1.0
oracle-boundary/reference,joint,swap,9,16,0.9990199999999999,1.0
oracle-boundary/reference,legato,intact,9,16,0.9990199999999999,1.0
oracle-boundary/transition1,detached,intact,4,16,0.49951999999999996,0.5
oracle-boundary/transition1,duration,intact,4,16,0.49951999999999996,0.5
oracle-boundary/transition1,joint,ambiguous,4,16,0.49951999999999996,0.5
oracle-boundary/transition1,joint,intact,4,16,0.49951999999999996,0.5
oracle-boundary/transition1,joint,removal,3,16,0.37464499999999995,0.3125
oracle-boundary/transition1,joint,reset,3,16,0.37464499999999995,0.3125
oracle-boundary/transition1,joint,shuffle,4,16,0.49951999999999996,0.5
oracle-boundary/transition1,joint,swap,4,16,0.49951999999999996,0.5
oracle-boundary/transition1,legato,intact,4,16,0.49951999999999996,0.5
oracle-boundary/transition2,detached,intact,9,16,0.9990199999999999,1.0
oracle-boundary/transition2,duration,intact,9,16,0.9990199999999999,1.0
oracle-boundary/transition2,joint,ambiguous,4,16,0.49951999999999996,0.5
oracle-boundary/transition2,joint,intact,9,16,0.9990199999999999,1.0
oracle-boundary/transition2,joint,removal,3,16,0.37464499999999995,0.3125
oracle-boundary/transition2,joint,reset,3,16,0.37464499999999995,0.3125
oracle-boundary/transition2,joint,shuffle,9,16,0.9990199999999999,1.0
oracle-boundary/transition2,joint,swap,9,16,0.9990199999999999,1.0
oracle-boundary/transition2,legato,intact,9,16,0.9990199999999999,1.0
oracle-boundary/transition3,detached,intact,9,16,0.9990199999999999,1.0
oracle-boundary/transition3,duration,intact,9,16,0.9990199999999999,1.0
oracle-boundary/transition3,joint,ambiguous,4,16,0.49951999999999996,0.5
oracle-boundary/transition3,joint,intact,9,16,0.9990199999999999,1.0
oracle-boundary/transition3,joint,removal,3,16,0.37464499999999995,0.3125
oracle-boundary/transition3,joint,reset,3,16,0.37464499999999995,0.3125
oracle-boundary/transition3,joint,shuffle,9,16,0.9990199999999999,1.0
oracle-boundary/transition3,joint,swap,9,16,0.9990199999999999,1.0
oracle-boundary/transition3,legato,intact,9,16,0.9990199999999999,1.0
repaired/absolute,detached,intact,9,16,0.9990199999999999,1.0
repaired/absolute,duration,intact,3,1,0.37464499999999995,0.0
repaired/absolute,duration,intact,9,15,0.9990199999999998,1.0
repaired/absolute,joint,ambiguous,5,12,0.5296522594881689,0.5
repaired/absolute,joint,ambiguous,6,2,0.6281783489250751,0.5
repaired/absolute,joint,ambiguous,9,2,0.9990199999999998,0.5
repaired/absolute,joint,intact,3,1,0.37464499999999995,0.0
repaired/absolute,joint,intact,9,15,0.9990199999999998,1.0
repaired/absolute,joint,removal,3,16,0.37464499999999995,0.3125
repaired/absolute,joint,reset,3,16,0.37464499999999995,0.3125
repaired/absolute,joint,shuffle,3,1,0.37464499999999995,0.0
repaired/absolute,joint,shuffle,9,15,0.9990199999999998,1.0
repaired/absolute,joint,swap,3,1,0.37464499999999995,0.0
repaired/absolute,joint,swap,9,15,0.9990199999999999,1.0
repaired/absolute,legato,intact,3,1,0.37464499999999995,0.0
repaired/absolute,legato,intact,9,15,0.9990199999999998,1.0
repaired/present,detached,intact,3,16,0.37464499999999995,0.3125
repaired/present,duration,intact,3,16,0.37464499999999995,0.3125
repaired/present,joint,ambiguous,3,16,0.37464499999999995,0.3125
repaired/present,joint,intact,3,16,0.37464499999999995,0.3125
repaired/present,joint,removal,3,16,0.37464499999999995,0.3125
repaired/present,joint,reset,3,16,0.37464499999999995,0.3125
repaired/present,joint,shuffle,3,16,0.37464499999999995,0.3125
repaired/present,joint,swap,3,16,0.37464499999999995,0.3125
repaired/present,legato,intact,3,16,0.37464499999999995,0.3125
repaired/recency,detached,intact,9,16,0.951,0.5
repaired/recency,duration,intact,9,16,0.951,0.5625
repaired/recency,joint,ambiguous,9,16,0.951,0.5
repaired/recency,joint,intact,9,16,0.951,0.5625
repaired/recency,joint,removal,3,16,0.35724999999999996,0.3125
repaired/recency,joint,reset,3,16,0.35724999999999996,0.3125
repaired/recency,joint,shuffle,9,16,0.951,0.5625
repaired/recency,joint,swap,9,16,0.951,0.5625
repaired/recency,legato,intact,9,16,0.951,0.5625
repaired/reference,detached,intact,9,16,0.9990199999999999,1.0
repaired/reference,duration,intact,3,1,0.37464499999999995,0.0
repaired/reference,duration,intact,9,15,0.9990199999999998,1.0
repaired/reference,joint,ambiguous,4,2,0.4999620576672555,0.5
repaired/reference,joint,ambiguous,5,12,0.5336217553823989,0.5
repaired/reference,joint,ambiguous,9,2,0.9990199999999998,0.5
repaired/reference,joint,intact,3,1,0.37464499999999995,0.0
repaired/reference,joint,intact,9,15,0.9990199999999998,1.0
repaired/reference,joint,removal,3,16,0.37464499999999995,0.3125
repaired/reference,joint,reset,3,16,0.37464499999999995,0.3125
repaired/reference,joint,shuffle,3,1,0.37464499999999995,0.0
repaired/reference,joint,shuffle,9,15,0.9990199999999998,1.0
repaired/reference,joint,swap,3,1,0.37464499999999995,0.0
repaired/reference,joint,swap,9,15,0.9990199999999999,1.0
repaired/reference,legato,intact,3,1,0.37464499999999995,0.0
repaired/reference,legato,intact,9,15,0.9990199999999998,1.0
repaired/transition1,detached,intact,4,2,0.49983479770604006,1.0
repaired/transition1,detached,intact,5,10,0.5127864929441792,0.5
repaired/transition1,detached,intact,6,1,0.6503424325151765,1.0
repaired/transition1,detached,intact,7,1,0.7409716418897531,1.0
repaired/transition1,detached,intact,9,2,0.9990199999999999,1.0
repaired/transition1,duration,intact,4,6,0.49976433939242576,0.6666666666666666
repaired/transition1,duration,intact,5,6,0.5270354471660871,0.6666666666666666
repaired/transition1,duration,intact,9,4,0.9990199999999998,0.75
repaired/transition1,joint,ambiguous,4,4,0.49967147265791867,0.5
repaired/transition1,joint,ambiguous,5,10,0.5177833066101238,0.5
repaired/transition1,joint,ambiguous,9,2,0.9990199999999998,0.5
repaired/transition1,joint,intact,4,4,0.4997322546627805,0.5
repaired/transition1,joint,intact,5,8,0.520477083696383,0.75
repaired/transition1,joint,intact,9,4,0.9990199999999998,0.75
repaired/transition1,joint,removal,3,16,0.37464499999999995,0.3125
repaired/transition1,joint,reset,3,16,0.37464499999999995,0.3125
repaired/transition1,joint,shuffle,4,3,0.49982478185485285,1.0
repaired/transition1,joint,shuffle,5,9,0.5173297790146667,0.3333333333333333
repaired/transition1,joint,shuffle,9,4,0.9990199999999998,0.75
repaired/transition1,joint,swap,4,4,0.4997322546627805,0.5
repaired/transition1,joint,swap,5,8,0.520477083696383,0.75
repaired/transition1,joint,swap,9,4,0.9990199999999998,0.75
repaired/transition1,legato,intact,4,3,0.4996608317035393,0.3333333333333333
repaired/transition1,legato,intact,5,8,0.511785324969587,1.0
repaired/transition1,legato,intact,6,1,0.6547127102837654,1.0
repaired/transition1,legato,intact,9,4,0.9990199999999998,0.75
repaired/transition2,detached,intact,9,16,0.9990199999999999,1.0
repaired/transition2,duration,intact,3,1,0.37464499999999995,0.0
repaired/transition2,duration,intact,9,15,0.9990199999999998,1.0
repaired/transition2,joint,ambiguous,4,2,0.4996002171634707,0.5
repaired/transition2,joint,ambiguous,5,10,0.5174000738230312,0.5
repaired/transition2,joint,ambiguous,6,2,0.6308870326572028,0.5
repaired/transition2,joint,ambiguous,9,2,0.9990199999999998,0.5
repaired/transition2,joint,intact,3,1,0.37464499999999995,0.0
repaired/transition2,joint,intact,9,15,0.9990199999999998,1.0
repaired/transition2,joint,removal,3,16,0.37464499999999995,0.3125
repaired/transition2,joint,reset,3,16,0.37464499999999995,0.3125
repaired/transition2,joint,shuffle,3,1,0.37464499999999995,0.0
repaired/transition2,joint,shuffle,9,15,0.9990199999999998,1.0
repaired/transition2,joint,swap,3,1,0.37464499999999995,0.0
repaired/transition2,joint,swap,9,15,0.9990199999999999,1.0
repaired/transition2,legato,intact,3,1,0.37464499999999995,0.0
repaired/transition2,legato,intact,9,15,0.9990199999999998,1.0
repaired/transition3,detached,intact,9,16,0.9990199999999999,1.0
repaired/transition3,duration,intact,3,1,0.37464499999999995,0.0
repaired/transition3,duration,intact,9,15,0.9990199999999998,1.0
repaired/transition3,joint,ambiguous,5,12,0.5296522594881689,0.5
repaired/transition3,joint,ambiguous,6,2,0.6281783489250751,0.5
repaired/transition3,joint,ambiguous,9,2,0.9990199999999998,0.5
repaired/transition3,joint,intact,3,1,0.37464499999999995,0.0
repaired/transition3,joint,intact,9,15,0.9990199999999998,1.0
repaired/transition3,joint,removal,3,16,0.37464499999999995,0.3125
repaired/transition3,joint,reset,3,16,0.37464499999999995,0.3125
repaired/transition3,joint,shuffle,3,1,0.37464499999999995,0.0
repaired/transition3,joint,shuffle,9,15,0.9990199999999998,1.0
repaired/transition3,joint,swap,3,1,0.37464499999999995,0.0
repaired/transition3,joint,swap,9,15,0.9990199999999999,1.0
repaired/transition3,legato,intact,3,1,0.37464499999999995,0.0
repaired/transition3,legato,intact,9,15,0.9990199999999998,1.0
streaming/absolute,detached,intact,3,7,0.374645,0.42857142857142855
streaming/absolute,detached,intact,9,9,0.99902,1.0
streaming/absolute,duration,intact,3,16,0.37464499999999995,0.3125
streaming/absolute,joint,ambiguous,3,14,0.374645,0.2857142857142857
streaming/absolute,joint,ambiguous,9,2,0.9990199999999998,0.5
streaming/absolute,joint,intact,3,15,0.374645,0.26666666666666666
streaming/absolute,joint,intact,9,1,0.9990199999999998,1.0
streaming/absolute,joint,removal,3,16,0.37464499999999995,0.3125
streaming/absolute,joint,reset,3,16,0.37464499999999995,0.3125
streaming/absolute,joint,shuffle,3,15,0.374645,0.26666666666666666
streaming/absolute,joint,shuffle,9,1,0.9990199999999998,1.0
streaming/absolute,joint,swap,3,15,0.374645,0.26666666666666666
streaming/absolute,joint,swap,9,1,0.9990199999999998,1.0
streaming/absolute,legato,intact,3,16,0.37464499999999995,0.3125
streaming/present,detached,intact,3,16,0.37464499999999995,0.3125
streaming/present,duration,intact,3,16,0.37464499999999995,0.3125
streaming/present,joint,ambiguous,3,16,0.37464499999999995,0.3125
streaming/present,joint,intact,3,16,0.37464499999999995,0.3125
streaming/present,joint,removal,3,16,0.37464499999999995,0.3125
streaming/present,joint,reset,3,16,0.37464499999999995,0.3125
streaming/present,joint,shuffle,3,16,0.37464499999999995,0.3125
streaming/present,joint,swap,3,16,0.37464499999999995,0.3125
streaming/present,legato,intact,3,16,0.37464499999999995,0.3125
streaming/recency,detached,intact,9,16,0.951,0.5
streaming/recency,duration,intact,3,8,0.35724999999999996,0.375
streaming/recency,duration,intact,9,8,0.951,0.5
streaming/recency,joint,ambiguous,3,6,0.35725,0.3333333333333333
streaming/recency,joint,ambiguous,9,10,0.951,0.5
streaming/recency,joint,intact,3,8,0.35724999999999996,0.25
streaming/recency,joint,intact,9,8,0.951,0.5
streaming/recency,joint,removal,3,16,0.35724999999999996,0.3125
streaming/recency,joint,reset,3,16,0.35724999999999996,0.3125
streaming/recency,joint,shuffle,3,8,0.35724999999999996,0.5
streaming/recency,joint,shuffle,9,8,0.951,0.5
streaming/recency,joint,swap,3,8,0.35724999999999996,0.25
streaming/recency,joint,swap,9,8,0.951,0.5
streaming/recency,legato,intact,3,7,0.35725,0.2857142857142857
streaming/recency,legato,intact,9,9,0.951,0.3333333333333333
streaming/reference,detached,intact,3,5,0.37464499999999995,0.4
streaming/reference,detached,intact,9,11,0.9990199999999999,1.0
streaming/reference,duration,intact,3,16,0.37464499999999995,0.3125
streaming/reference,joint,ambiguous,3,14,0.374645,0.2857142857142857
streaming/reference,joint,ambiguous,9,2,0.9990199999999998,0.5
streaming/reference,joint,intact,3,15,0.374645,0.26666666666666666
streaming/reference,joint,intact,9,1,0.9990199999999998,1.0
streaming/reference,joint,removal,3,16,0.37464499999999995,0.3125
streaming/reference,joint,reset,3,16,0.37464499999999995,0.3125
streaming/reference,joint,shuffle,3,15,0.374645,0.26666666666666666
streaming/reference,joint,shuffle,9,1,0.9990199999999998,1.0
streaming/reference,joint,swap,3,15,0.374645,0.26666666666666666
streaming/reference,joint,swap,9,1,0.9990199999999998,1.0
streaming/reference,legato,intact,3,15,0.374645,0.26666666666666666
streaming/reference,legato,intact,9,1,0.9990199999999998,1.0
streaming/transition1,detached,intact,3,3,0.37464499999999995,0.0
streaming/transition1,detached,intact,5,1,0.5120097702429096,1.0
streaming/transition1,detached,intact,6,2,0.6426180212652596,0.5
streaming/transition1,detached,intact,7,1,0.7528520594361565,0.0
streaming/transition1,detached,intact,8,2,0.8528450122029346,0.5
streaming/transition1,detached,intact,9,7,0.9990199999999999,0.42857142857142855
streaming/transition1,duration,intact,3,16,0.37464499999999995,0.3125
streaming/transition1,joint,ambiguous,3,14,0.374645,0.2857142857142857
streaming/transition1,joint,ambiguous,9,2,0.9990199999999998,0.5
streaming/transition1,joint,intact,3,14,0.374645,0.2857142857142857
streaming/transition1,joint,intact,9,2,0.9990199999999998,0.5
streaming/transition1,joint,removal,3,16,0.37464499999999995,0.3125
streaming/transition1,joint,reset,3,16,0.37464499999999995,0.3125
streaming/transition1,joint,shuffle,3,15,0.374645,0.26666666666666666
streaming/transition1,joint,shuffle,9,1,0.9990199999999998,1.0
streaming/transition1,joint,swap,3,14,0.374645,0.2857142857142857
streaming/transition1,joint,swap,9,2,0.9990199999999998,0.5
streaming/transition1,legato,intact,3,16,0.37464499999999995,0.3125
streaming/transition2,detached,intact,3,7,0.374645,0.42857142857142855
streaming/transition2,detached,intact,9,9,0.99902,1.0
streaming/transition2,duration,intact,3,16,0.37464499999999995,0.3125
streaming/transition2,joint,ambiguous,3,14,0.374645,0.2857142857142857
streaming/transition2,joint,ambiguous,9,2,0.9990199999999998,0.5
streaming/transition2,joint,intact,3,15,0.374645,0.26666666666666666
streaming/transition2,joint,intact,9,1,0.9990199999999998,1.0
streaming/transition2,joint,removal,3,16,0.37464499999999995,0.3125
streaming/transition2,joint,reset,3,16,0.37464499999999995,0.3125
streaming/transition2,joint,shuffle,3,15,0.374645,0.26666666666666666
streaming/transition2,joint,shuffle,9,1,0.9990199999999998,1.0
streaming/transition2,joint,swap,3,15,0.374645,0.26666666666666666
streaming/transition2,joint,swap,9,1,0.9990199999999998,1.0
streaming/transition2,legato,intact,3,16,0.37464499999999995,0.3125
streaming/transition3,detached,intact,3,7,0.374645,0.42857142857142855
streaming/transition3,detached,intact,9,9,0.99902,1.0
streaming/transition3,duration,intact,3,16,0.37464499999999995,0.3125
streaming/transition3,joint,ambiguous,3,14,0.374645,0.2857142857142857
streaming/transition3,joint,ambiguous,9,2,0.9990199999999998,0.5
streaming/transition3,joint,intact,3,15,0.374645,0.26666666666666666
streaming/transition3,joint,intact,9,1,0.9990199999999998,1.0
streaming/transition3,joint,removal,3,16,0.37464499999999995,0.3125
streaming/transition3,joint,reset,3,16,0.37464499999999995,0.3125
streaming/transition3,joint,shuffle,3,15,0.374645,0.26666666666666666
streaming/transition3,joint,shuffle,9,1,0.9990199999999998,1.0
streaming/transition3,joint,swap,3,15,0.374645,0.26666666666666666
streaming/transition3,joint,swap,9,1,0.9990199999999998,1.0
streaming/transition3,legato,intact,3,16,0.37464499999999995,0.3125
