group,cell,condition,variant,window_count,valid_count,candidate_count,cluster_count,concentration,disagreement,unknown_mass,available
cea-08,detached,intact,0,12,12,1,1,1.0,0.0,0.0,1
cea-08,detached,intact,0,12,12,1,1,1.0,0.0,0.0,1
cea-08,detached,intact,0,12,10,1,1,0.830416114149341,0.16958388585065898,0.16958388585065898,1
cea-08,detached,intact,0,4,4,1,1,1.0,0.0,0.0,1
cea-08,detached,intact,0,12,12,1,1,1.0,0.0,0.0,1
cea-08,detached,intact,0,12,12,1,1,1.0,0.0,0.0,1
cea-08,detached,intact,0,10,10,1,1,1.0,0.0,0.0,1
cea-08,detached,intact,0,8,8,1,1,1.0,0.0,0.0,1
cea-08,detached,intact,0,12,12,1,1,1.0,0.0,0.0,1
cea-08,detached,intact,0,12,12,1,1,1.0,0.0,0.0,1
cea-08,detached,intact,0,6,6,1,1,1.0,0.0,0.0,1
cea-08,detached,intact,1,12,12,1,1,1.0,0.0,0.0,1
cea-08,detached,intact,1,12,12,1,1,1.0,0.0,0.0,1
cea-08,detached,intact,1,10,10,1,1,1.0,0.0,0.0,1
cea-08,detached,intact,1,8,8,1,1,1.0,0.0,0.0,1
cea-08,detached,intact,1,12,12,1,1,1.0,0.0,0.0,1
cea-08,detached,intact,1,12,12,1,1,1.0,0.0,0.0,1
cea-08,detached,intact,1,12,11,1,1,0.9148704418298937,0.08512955817010626,0.08512955817010626,1
cea-08,detached,intact,1,4,4,1,1,1.0,0.0,0.0,1
cea-08,detached,intact,1,12,12,1,1,1.0,0.0,0.0,1
cea-08,detached,intact,1,12,12,1,1,1.0,0.0,0.0,1
cea-08,detached,intact,1,6,6,1,1,1.0,0.0,0.0,1
cea-08,legato,intact,0,14,13,2,2,0.8639810195362595,0.1360189804637405,0.07210479815859583,1
cea-08,legato,intact,0,12,10,1,1,0.8332387583391526,0.16676124166084738,0.16676124166084738,1
cea-08,legato,intact,0,10,10,1,1,1.0,0.0,0.0,1
cea-08,legato,intact,0,6,6,1,1,1.0,0.0,0.0,1
cea-08,legato,intact,0,14,14,1,1,1.0,0.0,0.0,1
cea-08,legato,intact,0,12,11,2,2,0.8399676465683001,0.16003235343169986,0.08402472858146193,1
cea-08,legato,intact,0,8,8,1,1,1.0,0.0,0.0,1
cea-08,legato,intact,0,10,10,1,1,1.0,0.0,0.0,1
cea-08,legato,intact,0,14,14,2,2,0.9339583524372834,0.06604164756271658,0.0,1
cea-08,legato,intact,0,10,10,1,1,1.0,0.0,0.0,1
cea-08,legato,intact,0,6,6,1,1,1.0,0.0,0.0,1
cea-08,legato,intact,1,14,13,2,2,0.8639810195362595,0.1360189804637405,0.07210479815859583,1
cea-08,legato,intact,1,12,10,1,1,0.8332387583391526,0.16676124166084738,0.16676124166084738,1
cea-08,legato,intact,1,8,8,1,1,1.0,0.0,0.0,1
cea-08,legato,intact,1,10,10,1,1,1.0,0.0,0.0,1
cea-08,legato,intact,1,14,14,1,1,1.0,0.0,0.0,1
cea-08,legato,intact,1,12,11,2,2,0.8399676465683001,0.16003235343169986,0.08402472858146193,1
cea-08,legato,intact,1,8,8,1,1,1.0,0.0,0.0,1
cea-08,legato,intact,1,6,6,1,1,1.0,0.0,0.0,1
cea-08,legato,intact,1,14,14,2,2,0.9339583524372834,0.06604164756271658,0.0,1
cea-08,legato,intact,1,10,10,1,1,1.0,0.0,0.0,1
cea-08,legato,intact,1,6,6,1,1,1.0,0.0,0.0,1
cea-08,duration,intact,0,14,12,1,1,0.8569623251624966,0.1430376748375034,0.1430376748375034,1
cea-08,duration,intact,0,12,12,1,1,1.0,0.0,0.0,1
cea-08,duration,intact,0,10,8,1,1,0.7998916296423463,0.20010837035765372,0.20010837035765372,1
cea-08,duration,intact,0,6,6,1,1,1.0,0.0,0.0,1
cea-08,duration,intact,0,14,13,1,1,0.92789013389951,0.07210986610048997,0.07210986610048997,1
cea-08,duration,intact,0,12,12,1,1,1.0,0.0,0.0,1
cea-08,duration,intact,0,10,8,1,1,0.7968548842185519,0.20314511578144812,0.20314511578144812,1
cea-08,duration,intact,0,8,8,1,1,1.0,0.0,0.0,1
cea-08,duration,intact,0,14,14,1,1,1.0,0.0,0.0,1
cea-08,duration,intact,0,14,14,1,1,1.0,0.0,0.0,1
cea-08,duration,intact,0,6,6,1,1,1.0,0.0,0.0,1
cea-08,duration,intact,1,14,12,1,1,0.8569623251624966,0.1430376748375034,0.1430376748375034,1
cea-08,duration,intact,1,12,12,1,1,1.0,0.0,0.0,1
cea-08,duration,intact,1,10,9,2,2,0.8120488680124768,0.18795113198752322,0.10157486939912819,1
cea-08,duration,intact,1,8,8,1,1,1.0,0.0,0.0,1
cea-08,duration,intact,1,14,13,1,1,0.92789013389951,0.07210986610048997,0.07210986610048997,1
cea-08,duration,intact,1,12,12,1,1,1.0,0.0,0.0,1
cea-08,duration,intact,1,10,8,1,1,0.7960816305481451,0.20391836945185493,0.20391836945185493,1
cea-08,duration,intact,1,6,6,1,1,1.0,0.0,0.0,1
cea-08,duration,intact,1,14,14,1,1,1.0,0.0,0.0,1
cea-08,duration,intact,1,14,14,1,1,1.0,0.0,0.0,1
cea-08,duration,intact,1,6,6,1,1,1.0,0.0,0.0,1
cea-08,joint,intact,0,14,12,1,1,0.8569623251624966,0.1430376748375034,0.1430376748375034,1
cea-08,joint,intact,0,12,12,1,1,1.0,0.0,0.0,1
cea-08,joint,intact,0,10,8,1,1,0.7998916296423463,0.20010837035765372,0.20010837035765372,1
cea-08,joint,intact,0,6,6,1,1,1.0,0.0,0.0,1
cea-08,joint,intact,0,14,13,1,1,0.92789013389951,0.07210986610048997,0.07210986610048997,1
cea-08,joint,intact,0,12,12,1,1,1.0,0.0,0.0,1
cea-08,joint,intact,0,10,8,1,1,0.7968548842185519,0.20314511578144812,0.20314511578144812,1
cea-08,joint,intact,0,8,8,1,1,1.0,0.0,0.0,1
cea-08,joint,intact,0,14,14,1,1,1.0,0.0,0.0,1
cea-08,joint,intact,0,14,14,1,1,1.0,0.0,0.0,1
cea-08,joint,intact,0,6,6,1,1,1.0,0.0,0.0,1
cea-08,joint,intact,1,14,12,1,1,0.8569623251624966,0.1430376748375034,0.1430376748375034,1
cea-08,joint,intact,1,12,12,1,1,1.0,0.0,0.0,1
cea-08,joint,intact,1,10,9,2,2,0.8120488680124768,0.18795113198752322,0.10157486939912819,1
cea-08,joint,intact,1,8,8,1,1,1.0,0.0,0.0,1
cea-08,joint,intact,1,14,13,1,1,0.92789013389951,0.07210986610048997,0.07210986610048997,1
cea-08,joint,intact,1,12,12,1,1,1.0,0.0,0.0,1
cea-08,joint,intact,1,10,8,1,1,0.7960816305481451,0.20391836945185493,0.20391836945185493,1
cea-08,joint,intact,1,6,6,1,1,1.0,0.0,0.0,1
cea-08,joint,intact,1,14,14,1,1,1.0,0.0,0.0,1
cea-08,joint,intact,1,14,14,1,1,1.0,0.0,0.0,1
cea-08,joint,intact,1,6,6,1,1,1.0,0.0,0.0,1
cea-08,joint,reset,0,14,14,1,1,1.0,0.0,0.0,1
cea-08,joint,reset,0,14,14,1,1,1.0,0.0,0.0,1
cea-08,joint,reset,0,6,6,1,1,1.0,0.0,0.0,1
cea-08,joint,reset,1,14,14,1,1,1.0,0.0,0.0,1
cea-08,joint,reset,1,14,14,1,1,1.0,0.0,0.0,1
cea-08,joint,reset,1,6,6,1,1,1.0,0.0,0.0,1
cea-08,joint,removal,0,14,12,1,1,0.8569623251624966,0.1430376748375034,0.1430376748375034,1
cea-08,joint,removal,0,12,12,1,1,1.0,0.0,0.0,1
cea-08,joint,removal,0,4,4,1,1,1.0,0.0,0.0,1
cea-08,joint,removal,0,14,13,1,1,0.92789013389951,0.07210986610048997,0.07210986610048997,1
cea-08,joint,removal,0,12,12,1,1,1.0,0.0,0.0,1
cea-08,joint,removal,0,4,4,1,1,1.0,0.0,0.0,1
cea-08,joint,removal,0,14,14,1,1,1.0,0.0,0.0,1
cea-08,joint,removal,0,14,14,1,1,1.0,0.0,0.0,1
cea-08,joint,removal,0,6,6,1,1,1.0,0.0,0.0,1
cea-08,joint,removal,1,14,12,1,1,0.8569623251624966,0.1430376748375034,0.1430376748375034,1
cea-08,joint,removal,1,12,12,1,1,1.0,0.0,0.0,1
cea-08,joint,removal,1,4,4,1,1,1.0,0.0,0.0,1
cea-08,joint,removal,1,14,13,1,1,0.92789013389951,0.07210986610048997,0.07210986610048997,1
cea-08,joint,removal,1,12,12,1,1,1.0,0.0,0.0,1
cea-08,joint,removal,1,4,4,1,1,1.0,0.0,0.0,1
cea-08,joint,removal,1,14,14,1,1,1.0,0.0,0.0,1
cea-08,joint,removal,1,14,14,1,1,1.0,0.0,0.0,1
cea-08,joint,removal,1,6,6,1,1,1.0,0.0,0.0,1
cea-08,joint,swap,0,14,12,1,1,0.8569623251624966,0.1430376748375034,0.1430376748375034,1
cea-08,joint,swap,0,12,12,1,1,1.0,0.0,0.0,1
cea-08,joint,swap,0,10,9,2,2,0.8120488680124768,0.18795113198752322,0.10157486939912819,1
cea-08,joint,swap,0,8,8,1,1,1.0,0.0,0.0,1
cea-08,joint,swap,0,14,13,1,1,0.92789013389951,0.07210986610048997,0.07210986610048997,1
cea-08,joint,swap,0,12,12,1,1,1.0,0.0,0.0,1
cea-08,joint,swap,0,10,8,1,1,0.7960816305481451,0.20391836945185493,0.20391836945185493,1
cea-08,joint,swap,0,6,6,1,1,1.0,0.0,0.0,1
cea-08,joint,swap,0,14,14,1,1,1.0,0.0,0.0,1
cea-08,joint,swap,0,14,14,1,1,1.0,0.0,0.0,1
cea-08,joint,swap,0,6,6,1,1,1.0,0.0,0.0,1
cea-08,joint,swap,1,14,12,1,1,0.8569623251624966,0.1430376748375034,0.1430376748375034,1
cea-08,joint,swap,1,12,12,1,1,1.0,0.0,0.0,1
cea-08,joint,swap,1,10,8,1,1,0.7998916296423463,0.20010837035765372,0.20010837035765372,1
cea-08,joint,swap,1,6,6,1,1,1.0,0.0,0.0,1
cea-08,joint,swap,1,14,13,1,1,0.92789013389951,0.07210986610048997,0.07210986610048997,1
cea-08,joint,swap,1,12,12,1,1,1.0,0.0,0.0,1
cea-08,joint,swap,1,10,8,1,1,0.7968548842185519,0.20314511578144812,0.20314511578144812,1
cea-08,joint,swap,1,8,8,1,1,1.0,0.0,0.0,1
cea-08,joint,swap,1,14,14,1,1,1.0,0.0,0.0,1
cea-08,joint,swap,1,14,14,1,1,1.0,0.0,0.0,1
cea-08,joint,swap,1,6,6,1,1,1.0,0.0,0.0,1
cea-08,joint,shuffle,0,14,12,1,1,0.8569623251624966,0.1430376748375034,0.1430376748375034,1
cea-08,joint,shuffle,0,14,12,1,1,0.8571032532646846,0.14289674673531538,0.14289674673531538,1
cea-08,joint,shuffle,0,8,7,1,1,0.873071231865653,0.12692876813434695,0.12692876813434695,1
cea-08,joint,shuffle,0,8,8,1,1,1.0,0.0,0.0,1
cea-08,joint,shuffle,0,14,13,1,1,0.9279040412761003,0.07209595872389973,0.07209595872389973,1
cea-08,joint,shuffle,0,12,12,1,1,1.0,0.0,0.0,1
cea-08,joint,shuffle,0,10,8,1,1,0.7960816305481451,0.20391836945185493,0.20391836945185493,1
cea-08,joint,shuffle,0,6,6,1,1,1.0,0.0,0.0,1
cea-08,joint,shuffle,0,14,14,1,1,1.0,0.0,0.0,1
cea-08,joint,shuffle,0,14,14,1,1,1.0,0.0,0.0,1
cea-08,joint,shuffle,0,6,6,1,1,1.0,0.0,0.0,1
cea-08,joint,shuffle,1,14,12,1,1,0.8569623251624966,0.1430376748375034,0.1430376748375034,1
cea-08,joint,shuffle,1,14,12,1,1,0.8571032532646846,0.14289674673531538,0.14289674673531538,1
cea-08,joint,shuffle,1,8,6,1,1,0.7498709293233563,0.2501290706766437,0.2501290706766437,1
cea-08,joint,shuffle,1,6,6,1,1,1.0,0.0,0.0,1
cea-08,joint,shuffle,1,14,13,1,1,0.9279040412761003,0.07209595872389973,0.07209595872389973,1
cea-08,joint,shuffle,1,12,12,1,1,1.0,0.0,0.0,1
cea-08,joint,shuffle,1,10,8,1,1,0.7968548842185519,0.20314511578144812,0.20314511578144812,1
cea-08,joint,shuffle,1,8,8,1,1,1.0,0.0,0.0,1
cea-08,joint,shuffle,1,14,14,1,1,1.0,0.0,0.0,1
cea-08,joint,shuffle,1,14,14,1,1,1.0,0.0,0.0,1
cea-08,joint,shuffle,1,6,6,1,1,1.0,0.0,0.0,1
cea-08,joint,ambiguous,0,14,12,1,1,0.8569623251624966,0.1430376748375034,0.1430376748375034,1
cea-08,joint,ambiguous,0,12,12,1,1,1.0,0.0,0.0,1
cea-08,joint,ambiguous,0,10,8,1,1,0.7998916296423463,0.20010837035765372,0.20010837035765372,1
cea-08,joint,ambiguous,0,6,6,1,1,1.0,0.0,0.0,1
cea-08,joint,ambiguous,0,14,13,1,1,0.9279040412761003,0.07209595872389973,0.07209595872389973,1
cea-08,joint,ambiguous,0,12,12,1,1,1.0,0.0,0.0,1
cea-08,joint,ambiguous,0,10,8,1,1,0.7968548842185519,0.20314511578144812,0.20314511578144812,1
cea-08,joint,ambiguous,0,8,8,1,1,1.0,0.0,0.0,1
cea-08,joint,ambiguous,0,14,14,1,1,1.0,0.0,0.0,1
cea-08,joint,ambiguous,0,14,14,1,1,1.0,0.0,0.0,1
cea-08,joint,ambiguous,0,6,6,1,1,1.0,0.0,0.0,1
cea-08,joint,ambiguous,1,14,12,1,1,0.8569623251624966,0.1430376748375034,0.1430376748375034,1
cea-08,joint,ambiguous,1,12,12,1,1,1.0,0.0,0.0,1
cea-08,joint,ambiguous,1,10,8,1,1,0.7998916296423463,0.20010837035765372,0.20010837035765372,1
cea-08,joint,ambiguous,1,6,6,1,1,1.0,0.0,0.0,1
cea-08,joint,ambiguous,1,14,13,1,1,0.9279040412761003,0.07209595872389973,0.07209595872389973,1
cea-08,joint,ambiguous,1,12,12,1,1,1.0,0.0,0.0,1
cea-08,joint,ambiguous,1,10,8,1,1,0.7968548842185519,0.20314511578144812,0.20314511578144812,1
cea-08,joint,ambiguous,1,8,8,1,1,1.0,0.0,0.0,1
cea-08,joint,ambiguous,1,14,14,1,1,1.0,0.0,0.0,1
cea-08,joint,ambiguous,1,14,14,1,1,1.0,0.0,0.0,1
cea-08,joint,ambiguous,1,6,6,1,1,1.0,0.0,0.0,1
cea-09,detached,intact,0,12,12,1,1,1.0,0.0,0.0,1
cea-09,detached,intact,0,12,12,1,1,1.0,0.0,0.0,1
cea-09,detached,intact,0,10,10,1,1,1.0,0.0,0.0,1
cea-09,detached,intact,0,12,12,1,1,1.0,0.0,0.0,1
cea-09,detached,intact,0,12,12,1,1,1.0,0.0,0.0,1
cea-09,detached,intact,0,12,12,1,1,1.0,0.0,0.0,1
cea-09,detached,intact,0,10,10,1,1,1.0,0.0,0.0,1
cea-09,detached,intact,0,10,10,1,1,1.0,0.0,0.0,1
cea-09,detached,intact,0,12,12,1,1,1.0,0.0,0.0,1
cea-09,detached,intact,0,12,12,1,1,1.0,0.0,0.0,1
cea-09,detached,intact,0,10,10,1,1,1.0,0.0,0.0,1
cea-09,detached,intact,1,12,12,1,1,1.0,0.0,0.0,1
cea-09,detached,intact,1,12,12,1,1,1.0,0.0,0.0,1
cea-09,detached,intact,1,10,10,1,1,1.0,0.0,0.0,1
cea-09,detached,intact,1,10,10,1,1,1.0,0.0,0.0,1
cea-09,detached,intact,1,12,12,1,1,1.0,0.0,0.0,1
cea-09,detached,intact,1,12,12,1,1,1.0,0.0,0.0,1
cea-09,detached,intact,1,10,10,1,1,1.0,0.0,0.0,1
cea-09,detached,intact,1,12,12,1,1,1.0,0.0,0.0,1
cea-09,detached,intact,1,12,12,1,1,1.0,0.0,0.0,1
cea-09,detached,intact,1,12,12,1,1,1.0,0.0,0.0,1
cea-09,detached,intact,1,10,10,1,1,1.0,0.0,0.0,1
cea-09,legato,intact,0,12,12,1,1,1.0,0.0,0.0,1
cea-09,legato,intact,0,12,12,1,1,1.0,0.0,0.0,1
cea-09,legato,intact,0,12,12,1,1,1.0,0.0,0.0,1
cea-09,legato,intact,0,12,12,1,1,1.0,0.0,0.0,1
cea-09,legato,intact,0,10,10,1,1,1.0,0.0,0.0,1
cea-09,legato,intact,0,14,14,1,1,1.0,0.0,0.0,1
cea-09,legato,intact,0,10,10,1,1,1.0,0.0,0.0,1
cea-09,legato,intact,0,10,10,1,1,1.0,0.0,0.0,1
cea-09,legato,intact,0,10,10,1,1,1.0,0.0,0.0,1
cea-09,legato,intact,0,14,14,1,1,1.0,0.0,0.0,1
cea-09,legato,intact,0,10,10,1,1,1.0,0.0,0.0,1
cea-09,legato,intact,1,12,12,1,1,1.0,0.0,0.0,1
cea-09,legato,intact,1,12,12,1,1,1.0,0.0,0.0,1
cea-09,legato,intact,1,12,11,1,1,0.9157469303500256,0.08425306964997437,0.08425306964997437,1
cea-09,legato,intact,1,10,10,1,1,1.0,0.0,0.0,1
cea-09,legato,intact,1,10,10,1,1,1.0,0.0,0.0,1
cea-09,legato,intact,1,14,14,1,1,1.0,0.0,0.0,1
cea-09,legato,intact,1,10,10,1,1,1.0,0.0,0.0,1
cea-09,legato,intact,1,12,12,1,1,1.0,0.0,0.0,1
cea-09,legato,intact,1,10,10,1,1,1.0,0.0,0.0,1
cea-09,legato,intact,1,14,14,1,1,1.0,0.0,0.0,1
cea-09,legato,intact,1,10,10,1,1,1.0,0.0,0.0,1
cea-09,duration,intact,0,14,12,1,1,0.8569655873809249,0.14303441261907512,0.14303441261907512,1
cea-09,duration,intact,0,14,13,2,2,0.8631466444428468,0.13685335555715317,0.07196068706724745,1
cea-09,duration,intact,0,6,6,1,1,1.0,0.0,0.0,1
cea-09,duration,intact,0,14,14,1,1,1.0,0.0,0.0,1
cea-09,duration,intact,0,16,14,1,1,0.8740919569511182,0.1259080430488818,0.1259080430488818,1
cea-09,duration,intact,0,12,12,1,1,1.0,0.0,0.0,1
cea-09,duration,intact,0,8,8,1,1,1.0,0.0,0.0,1
cea-09,duration,intact,0,12,12,1,1,1.0,0.0,0.0,1
cea-09,duration,intact,0,14,14,1,1,1.0,0.0,0.0,1
cea-09,duration,intact,0,16,16,1,1,1.0,0.0,0.0,1
cea-09,duration,intact,0,8,8,1,1,1.0,0.0,0.0,1
cea-09,duration,intact,1,14,12,1,1,0.8569655873809249,0.14303441261907512,0.14303441261907512,1
cea-09,duration,intact,1,14,13,2,2,0.8631466444428468,0.13685335555715317,0.07196068706724745,1
cea-09,duration,intact,1,8,8,1,1,1.0,0.0,0.0,1
cea-09,duration,intact,1,12,12,1,1,1.0,0.0,0.0,1
cea-09,duration,intact,1,16,14,1,1,0.8740919569511182,0.1259080430488818,0.1259080430488818,1
cea-09,duration,intact,1,12,12,1,1,1.0,0.0,0.0,1
cea-09,duration,intact,1,6,6,1,1,1.0,0.0,0.0,1
cea-09,duration,intact,1,14,14,1,1,1.0,0.0,0.0,1
cea-09,duration,intact,1,14,14,1,1,1.0,0.0,0.0,1
cea-09,duration,intact,1,16,16,1,1,1.0,0.0,0.0,1
cea-09,duration,intact,1,8,8,1,1,1.0,0.0,0.0,1
cea-09,joint,intact,0,14,12,1,1,0.8569655873809249,0.14303441261907512,0.14303441261907512,1
cea-09,joint,intact,0,14,13,2,2,0.8631466444428468,0.13685335555715317,0.07196068706724745,1
cea-09,joint,intact,0,6,6,1,1,1.0,0.0,0.0,1
cea-09,joint,intact,0,14,14,1,1,1.0,0.0,0.0,1
cea-09,joint,intact,0,16,14,1,1,0.8740919569511182,0.1259080430488818,0.1259080430488818,1
cea-09,joint,intact,0,12,12,1,1,1.0,0.0,0.0,1
cea-09,joint,intact,0,8,8,1,1,1.0,0.0,0.0,1
cea-09,joint,intact,0,12,12,1,1,1.0,0.0,0.0,1
cea-09,joint,intact,0,14,14,1,1,1.0,0.0,0.0,1
cea-09,joint,intact,0,16,16,1,1,1.0,0.0,0.0,1
cea-09,joint,intact,0,8,8,1,1,1.0,0.0,0.0,1
cea-09,joint,intact,1,14,12,1,1,0.8569655873809249,0.14303441261907512,0.14303441261907512,1
cea-09,joint,intact,1,14,13,2,2,0.8631466444428468,0.13685335555715317,0.07196068706724745,1
cea-09,joint,intact,1,8,8,1,1,1.0,0.0,0.0,1
cea-09,joint,intact,1,12,12,1,1,1.0,0.0,0.0,1
cea-09,joint,intact,1,16,14,1,1,0.8740919569511182,0.1259080430488818,0.1259080430488818,1
cea-09,joint,intact,1,12,12,1,1,1.0,0.0,0.0,1
cea-09,joint,intact,1,6,6,1,1,1.0,0.0,0.0,1
cea-09,joint,intact,1,14,14,1,1,1.0,0.0,0.0,1
cea-09,joint,intact,1,14,14,1,1,1.0,0.0,0.0,1
cea-09,joint,intact,1,16,16,1,1,1.0,0.0,0.0,1
cea-09,joint,intact,1,8,8,1,1,1.0,0.0,0.0,1
cea-09,joint,reset,0,14,14,1,1,1.0,0.0,0.0,1
cea-09,joint,reset,0,16,16,1,1,1.0,0.0,0.0,1
cea-09,joint,reset,0,8,8,1,1,1.0,0.0,0.0,1
cea-09,joint,reset,1,14,14,1,1,1.0,0.0,0.0,1
cea-09,joint,reset,1,16,16,1,1,1.0,0.0,0.0,1
cea-09,joint,reset,1,8,8,1,1,1.0,0.0,0.0,1
cea-09,joint,removal,0,14,12,1,1,0.8569655873809249,0.14303441261907512,0.14303441261907512,1
cea-09,joint,removal,0,14,13,2,2,0.8631466444428468,0.13685335555715317,0.07196068706724745,1
cea-09,joint,removal,0,8,8,1,1,1.0,0.0,0.0,1
cea-09,joint,removal,0,16,14,1,1,0.8740919569511182,0.1259080430488818,0.1259080430488818,1
cea-09,joint,removal,0,12,12,1,1,1.0,0.0,0.0,1
cea-09,joint,removal,0,8,8,1,1,1.0,0.0,0.0,1
cea-09,joint,removal,0,14,14,1,1,1.0,0.0,0.0,1
cea-09,joint,removal,0,16,16,1,1,1.0,0.0,0.0,1
cea-09,joint,removal,0,8,8,1,1,1.0,0.0,0.0,1
cea-09,joint,removal,1,14,12,1,1,0.8569655873809249,0.14303441261907512,0.14303441261907512,1
cea-09,joint,removal,1,14,13,2,2,0.8631466444428468,0.13685335555715317,0.07196068706724745,1
cea-09,joint,removal,1,8,8,1,1,1.0,0.0,0.0,1
cea-09,joint,removal,1,16,14,1,1,0.8740919569511182,0.1259080430488818,0.1259080430488818,1
cea-09,joint,removal,1,12,12,1,1,1.0,0.0,0.0,1
cea-09,joint,removal,1,8,8,1,1,1.0,0.0,0.0,1
cea-09,joint,removal,1,14,14,1,1,1.0,0.0,0.0,1
cea-09,joint,removal,1,16,16,1,1,1.0,0.0,0.0,1
cea-09,joint,removal,1,8,8,1,1,1.0,0.0,0.0,1
cea-09,joint,swap,0,14,12,1,1,0.8569655873809249,0.14303441261907512,0.14303441261907512,1
cea-09,joint,swap,0,14,13,2,2,0.8631466444428468,0.13685335555715317,0.07196068706724745,1
cea-09,joint,swap,0,8,8,1,1,1.0,0.0,0.0,1
cea-09,joint,swap,0,12,12,1,1,1.0,0.0,0.0,1
cea-09,joint,swap,0,16,14,1,1,0.8740919569511182,0.1259080430488818,0.1259080430488818,1
cea-09,joint,swap,0,12,12,1,1,1.0,0.0,0.0,1
cea-09,joint,swap,0,6,6,1,1,1.0,0.0,0.0,1
cea-09,joint,swap,0,14,14,1,1,1.0,0.0,0.0,1
cea-09,joint,swap,0,14,14,1,1,1.0,0.0,0.0,1
cea-09,joint,swap,0,16,16,1,1,1.0,0.0,0.0,1
cea-09,joint,swap,0,8,8,1,1,1.0,0.0,0.0,1
cea-09,joint,swap,1,14,12,1,1,0.8569655873809249,0.14303441261907512,0.14303441261907512,1
cea-09,joint,swap,1,14,13,2,2,0.8631466444428468,0.13685335555715317,0.07196068706724745,1
cea-09,joint,swap,1,6,6,1,1,1.0,0.0,0.0,1
cea-09,joint,swap,1,14,14,1,1,1.0,0.0,0.0,1
cea-09,joint,swap,1,16,14,1,1,0.8740919569511182,0.1259080430488818,0.1259080430488818,1
cea-09,joint,swap,1,12,12,1,1,1.0,0.0,0.0,1
cea-09,joint,swap,1,8,8,1,1,1.0,0.0,0.0,1
cea-09,joint,swap,1,12,12,1,1,1.0,0.0,0.0,1
cea-09,joint,swap,1,14,14,1,1,1.0,0.0,0.0,1
cea-09,joint,swap,1,16,16,1,1,1.0,0.0,0.0,1
cea-09,joint,swap,1,8,8,1,1,1.0,0.0,0.0,1
cea-09,joint,shuffle,0,14,12,1,1,0.8569655873809249,0.14303441261907512,0.14303441261907512,1
cea-09,joint,shuffle,0,12,12,1,1,1.0,0.0,0.0,1
cea-09,joint,shuffle,0,8,8,1,1,1.0,0.0,0.0,1
cea-09,joint,shuffle,0,12,12,1,1,1.0,0.0,0.0,1
cea-09,joint,shuffle,0,14,14,1,1,1.0,0.0,0.0,1
cea-09,joint,shuffle,0,14,13,2,2,0.8658623248259925,0.13413767517400754,0.07218696311141115,1
cea-09,joint,shuffle,0,6,6,1,1,1.0,0.0,0.0,1
cea-09,joint,shuffle,0,14,14,1,1,1.0,0.0,0.0,1
cea-09,joint,shuffle,0,14,14,1,1,1.0,0.0,0.0,1
cea-09,joint,shuffle,0,16,16,1,1,1.0,0.0,0.0,1
cea-09,joint,shuffle,0,8,8,1,1,1.0,0.0,0.0,1
cea-09,joint,shuffle,1,14,12,1,1,0.8569655873809249,0.14303441261907512,0.14303441261907512,1
cea-09,joint,shuffle,1,12,12,1,1,1.0,0.0,0.0,1
cea-09,joint,shuffle,1,6,6,1,1,1.0,0.0,0.0,1
cea-09,joint,shuffle,1,14,14,1,1,1.0,0.0,0.0,1
cea-09,joint,shuffle,1,14,14,1,1,1.0,0.0,0.0,1
cea-09,joint,shuffle,1,14,13,2,2,0.8658623248259925,0.13413767517400754,0.07218696311141115,1
cea-09,joint,shuffle,1,8,8,1,1,1.0,0.0,0.0,1
cea-09,joint,shuffle,1,12,12,1,1,1.0,0.0,0.0,1
cea-09,joint,shuffle,1,14,14,1,1,1.0,0.0,0.0,1
cea-09,joint,shuffle,1,16,16,1,1,1.0,0.0,0.0,1
cea-09,joint,shuffle,1,8,8,1,1,1.0,0.0,0.0,1
cea-09,joint,ambiguous,0,14,12,1,1,0.8569655873809249,0.14303441261907512,0.14303441261907512,1
cea-09,joint,ambiguous,0,12,12,1,1,1.0,0.0,0.0,1
cea-09,joint,ambiguous,0,6,6,1,1,1.0,0.0,0.0,1
cea-09,joint,ambiguous,0,14,14,1,1,1.0,0.0,0.0,1
cea-09,joint,ambiguous,0,16,14,1,1,0.8740919569511182,0.1259080430488818,0.1259080430488818,1
cea-09,joint,ambiguous,0,12,12,1,1,1.0,0.0,0.0,1
cea-09,joint,ambiguous,0,8,8,1,1,1.0,0.0,0.0,1
cea-09,joint,ambiguous,0,12,12,1,1,1.0,0.0,0.0,1
cea-09,joint,ambiguous,0,14,14,1,1,1.0,0.0,0.0,1
cea-09,joint,ambiguous,0,16,16,1,1,1.0,0.0,0.0,1
cea-09,joint,ambiguous,0,8,8,1,1,1.0,0.0,0.0,1
cea-09,joint,ambiguous,1,14,12,1,1,0.8569655873809249,0.14303441261907512,0.14303441261907512,1
cea-09,joint,ambiguous,1,12,12,1,1,1.0,0.0,0.0,1
cea-09,joint,ambiguous,1,6,6,1,1,1.0,0.0,0.0,1
cea-09,joint,ambiguous,1,14,14,1,1,1.0,0.0,0.0,1
cea-09,joint,ambiguous,1,16,14,1,1,0.8740919569511182,0.1259080430488818,0.1259080430488818,1
cea-09,joint,ambiguous,1,12,12,1,1,1.0,0.0,0.0,1
cea-09,joint,ambiguous,1,8,8,1,1,1.0,0.0,0.0,1
cea-09,joint,ambiguous,1,12,12,1,1,1.0,0.0,0.0,1
cea-09,joint,ambiguous,1,14,14,1,1,1.0,0.0,0.0,1
cea-09,joint,ambiguous,1,16,16,1,1,1.0,0.0,0.0,1
cea-09,joint,ambiguous,1,8,8,1,1,1.0,0.0,0.0,1
cea-10,detached,intact,0,14,14,1,1,1.0,0.0,0.0,1
cea-10,detached,intact,0,12,12,1,1,1.0,0.0,0.0,1
cea-10,detached,intact,0,10,10,1,1,1.0,0.0,0.0,1
cea-10,detached,intact,0,10,10,1,1,1.0,0.0,0.0,1
cea-10,detached,intact,0,14,14,1,1,1.0,0.0,0.0,1
cea-10,detached,intact,0,12,12,1,1,1.0,0.0,0.0,1
cea-10,detached,intact,0,10,10,1,1,1.0,0.0,0.0,1
cea-10,detached,intact,0,8,8,1,1,1.0,0.0,0.0,1
cea-10,detached,intact,0,14,14,1,1,1.0,0.0,0.0,1
cea-10,detached,intact,0,12,12,1,1,1.0,0.0,0.0,1
cea-10,detached,intact,0,10,10,1,1,1.0,0.0,0.0,1
cea-10,detached,intact,1,14,14,1,1,1.0,0.0,0.0,1
cea-10,detached,intact,1,12,12,1,1,1.0,0.0,0.0,1
cea-10,detached,intact,1,10,10,1,1,1.0,0.0,0.0,1
cea-10,detached,intact,1,8,8,1,1,1.0,0.0,0.0,1
cea-10,detached,intact,1,14,14,1,1,1.0,0.0,0.0,1
cea-10,detached,intact,1,12,12,1,1,1.0,0.0,0.0,1
cea-10,detached,intact,1,10,10,1,1,1.0,0.0,0.0,1
cea-10,detached,intact,1,10,10,1,1,1.0,0.0,0.0,1
cea-10,detached,intact,1,14,14,1,1,1.0,0.0,0.0,1
cea-10,detached,intact,1,12,12,1,1,1.0,0.0,0.0,1
cea-10,detached,intact,1,10,10,1,1,1.0,0.0,0.0,1
cea-10,legato,intact,0,14,14,1,1,1.0,0.0,0.0,1
cea-10,legato,intact,0,12,12,1,1,1.0,0.0,0.0,1
cea-10,legato,intact,0,10,10,1,1,1.0,0.0,0.0,1
cea-10,legato,intact,0,12,12,1,1,1.0,0.0,0.0,1
cea-10,legato,intact,0,16,15,2,2,0.8821214725066109,0.11787852749338912,0.06319476204829799,1
cea-10,legato,intact,0,10,10,1,1,1.0,0.0,0.0,1
cea-10,legato,intact,0,10,10,1,1,1.0,0.0,0.0,1
cea-10,legato,intact,0,10,10,1,1,1.0,0.0,0.0,1
cea-10,legato,intact,0,16,15,2,2,0.8819471790263624,0.11805282097363756,0.06325051917814561,1
cea-10,legato,intact,0,10,10,1,1,1.0,0.0,0.0,1
cea-10,legato,intact,0,10,10,1,1,1.0,0.0,0.0,1
cea-10,legato,intact,1,14,14,1,1,1.0,0.0,0.0,1
cea-10,legato,intact,1,12,12,1,1,1.0,0.0,0.0,1
cea-10,legato,intact,1,10,10,1,1,1.0,0.0,0.0,1
cea-10,legato,intact,1,10,10,1,1,1.0,0.0,0.0,1
cea-10,legato,intact,1,16,15,2,2,0.8821214725066109,0.11787852749338912,0.06319476204829799,1
cea-10,legato,intact,1,10,10,1,1,1.0,0.0,0.0,1
cea-10,legato,intact,1,10,10,1,1,1.0,0.0,0.0,1
cea-10,legato,intact,1,12,12,1,1,1.0,0.0,0.0,1
cea-10,legato,intact,1,16,15,2,2,0.8819471790263624,0.11805282097363756,0.06325051917814561,1
cea-10,legato,intact,1,10,10,1,1,1.0,0.0,0.0,1
cea-10,legato,intact,1,10,10,1,1,1.0,0.0,0.0,1
cea-10,duration,intact,0,12,12,1,1,1.0,0.0,0.0,1
cea-10,duration,intact,0,16,16,1,1,1.0,0.0,0.0,1
cea-10,duration,intact,0,8,7,1,1,0.873176860964983,0.12682313903501696,0.12682313903501696,1
cea-10,duration,intact,0,12,12,1,1,1.0,0.0,0.0,1
cea-10,duration,intact,0,16,15,1,1,0.9369106063837538,0.06308939361624621,0.06308939361624621,1
cea-10,duration,intact,0,12,12,1,1,1.0,0.0,0.0,1
cea-10,duration,intact,0,10,9,2,2,0.8110881037907595,0.18891189620924054,0.10145629935651179,1
cea-10,duration,intact,0,10,10,1,1,1.0,0.0,0.0,1
cea-10,duration,intact,0,16,16,1,1,1.0,0.0,0.0,1
cea-10,duration,intact,0,16,15,2,2,0.8823647349667852,0.11763526503321475,0.06313797875498584,1
cea-10,duration,intact,0,8,8,1,1,1.0,0.0,0.0,1
cea-10,duration,intact,1,12,12,1,1,1.0,0.0,0.0,1
cea-10,duration,intact,1,16,16,1,1,1.0,0.0,0.0,1
cea-10,duration,intact,1,8,8,1,1,1.0,0.0,0.0,1
cea-10,duration,intact,1,10,10,1,1,1.0,0.0,0.0,1
cea-10,duration,intact,1,16,15,1,1,0.9369106063837538,0.06308939361624621,0.06308939361624621,1
cea-10,duration,intact,1,12,12,1,1,1.0,0.0,0.0,1
cea-10,duration,intact,1,8,8,1,1,1.0,0.0,0.0,1
cea-10,duration,intact,1,12,12,1,1,1.0,0.0,0.0,1
cea-10,duration,intact,1,16,16,1,1,1.0,0.0,0.0,1
cea-10,duration,intact,1,16,15,2,2,0.8823647349667852,0.11763526503321475,0.06313797875498584,1
cea-10,duration,intact,1,8,8,1,1,1.0,0.0,0.0,1
cea-10,joint,intact,0,12,12,1,1,1.0,0.0,0.0,1
cea-10,joint,intact,0,16,16,1,1,1.0,0.0,0.0,1
cea-10,joint,intact,0,8,7,1,1,0.873176860964983,0.12682313903501696,0.12682313903501696,1
cea-10,joint,intact,0,12,12,1,1,1.0,0.0,0.0,1
cea-10,joint,intact,0,16,15,1,1,0.9369106063837538,0.06308939361624621,0.06308939361624621,1
cea-10,joint,intact,0,12,12,1,1,1.0,0.0,0.0,1
cea-10,joint,intact,0,10,9,2,2,0.8110881037907595,0.18891189620924054,0.10145629935651179,1
cea-10,joint,intact,0,10,10,1,1,1.0,0.0,0.0,1
cea-10,joint,intact,0,16,16,1,1,1.0,0.0,0.0,1
cea-10,joint,intact,0,16,15,2,2,0.8823647349667852,0.11763526503321475,0.06313797875498584,1
cea-10,joint,intact,0,8,8,1,1,1.0,0.0,0.0,1
cea-10,joint,intact,1,12,12,1,1,1.0,0.0,0.0,1
cea-10,joint,intact,1,16,16,1,1,1.0,0.0,0.0,1
cea-10,joint,intact,1,8,8,1,1,1.0,0.0,0.0,1
cea-10,joint,intact,1,10,10,1,1,1.0,0.0,0.0,1
cea-10,joint,intact,1,16,15,1,1,0.9369106063837538,0.06308939361624621,0.06308939361624621,1
cea-10,joint,intact,1,12,12,1,1,1.0,0.0,0.0,1
cea-10,joint,intact,1,8,8,1,1,1.0,0.0,0.0,1
cea-10,joint,intact,1,12,12,1,1,1.0,0.0,0.0,1
cea-10,joint,intact,1,16,16,1,1,1.0,0.0,0.0,1
cea-10,joint,intact,1,16,15,2,2,0.8823647349667852,0.11763526503321475,0.06313797875498584,1
cea-10,joint,intact,1,8,8,1,1,1.0,0.0,0.0,1
cea-10,joint,reset,0,16,16,1,1,1.0,0.0,0.0,1
cea-10,joint,reset,0,16,15,2,2,0.8823647349667852,0.11763526503321475,0.06313797875498584,1
cea-10,joint,reset,0,8,8,1,1,1.0,0.0,0.0,1
cea-10,joint,reset,1,16,16,1,1,1.0,0.0,0.0,1
cea-10,joint,reset,1,16,15,2,2,0.8823647349667852,0.11763526503321475,0.06313797875498584,1
cea-10,joint,reset,1,8,8,1,1,1.0,0.0,0.0,1
cea-10,joint,removal,0,12,12,1,1,1.0,0.0,0.0,1
cea-10,joint,removal,0,16,16,1,1,1.0,0.0,0.0,1
cea-10,joint,removal,0,6,6,1,1,1.0,0.0,0.0,1
cea-10,joint,removal,0,16,15,1,1,0.9369106063837538,0.06308939361624621,0.06308939361624621,1
cea-10,joint,removal,0,12,12,1,1,1.0,0.0,0.0,1
cea-10,joint,removal,0,8,8,1,1,1.0,0.0,0.0,1
cea-10,joint,removal,0,16,16,1,1,1.0,0.0,0.0,1
cea-10,joint,removal,0,16,15,2,2,0.8823647349667852,0.11763526503321475,0.06313797875498584,1
cea-10,joint,removal,0,8,8,1,1,1.0,0.0,0.0,1
cea-10,joint,removal,1,12,12,1,1,1.0,0.0,0.0,1
cea-10,joint,removal,1,16,16,1,1,1.0,0.0,0.0,1
cea-10,joint,removal,1,6,6,1,1,1.0,0.0,0.0,1
cea-10,joint,removal,1,16,15,1,1,0.9369106063837538,0.06308939361624621,0.06308939361624621,1
cea-10,joint,removal,1,12,12,1,1,1.0,0.0,0.0,1
cea-10,joint,removal,1,8,8,1,1,1.0,0.0,0.0,1
cea-10,joint,removal,1,16,16,1,1,1.0,0.0,0.0,1
cea-10,joint,removal,1,16,15,2,2,0.8823647349667852,0.11763526503321475,0.06313797875498584,1
cea-10,joint,removal,1,8,8,1,1,1.0,0.0,0.0,1
cea-10,joint,swap,0,12,12,1,1,1.0,0.0,0.0,1
cea-10,joint,swap,0,16,16,1,1,1.0,0.0,0.0,1
cea-10,joint,swap,0,8,8,1,1,1.0,0.0,0.0,1
cea-10,joint,swap,0,10,10,1,1,1.0,0.0,0.0,1
cea-10,joint,swap,0,16,15,1,1,0.9369106063837538,0.06308939361624621,0.06308939361624621,1
cea-10,joint,swap,0,12,12,1,1,1.0,0.0,0.0,1
cea-10,joint,swap,0,8,8,1,1,1.0,0.0,0.0,1
cea-10,joint,swap,0,12,12,1,1,1.0,0.0,0.0,1
cea-10,joint,swap,0,16,16,1,1,1.0,0.0,0.0,1
cea-10,joint,swap,0,16,15,2,2,0.8823647349667852,0.11763526503321475,0.06313797875498584,1
cea-10,joint,swap,0,8,8,1,1,1.0,0.0,0.0,1
cea-10,joint,swap,1,12,12,1,1,1.0,0.0,0.0,1
cea-10,joint,swap,1,16,16,1,1,1.0,0.0,0.0,1
cea-10,joint,swap,1,8,7,1,1,0.873176860964983,0.12682313903501696,0.12682313903501696,1
cea-10,joint,swap,1,12,12,1,1,1.0,0.0,0.0,1
cea-10,joint,swap,1,16,15,1,1,0.9369106063837538,0.06308939361624621,0.06308939361624621,1
cea-10,joint,swap,1,12,12,1,1,1.0,0.0,0.0,1
cea-10,joint,swap,1,10,9,2,2,0.8110881037907595,0.18891189620924054,0.10145629935651179,1
cea-10,joint,swap,1,10,10,1,1,1.0,0.0,0.0,1
cea-10,joint,swap,1,16,16,1,1,1.0,0.0,0.0,1
cea-10,joint,swap,1,16,15,2,2,0.8823647349667852,0.11763526503321475,0.06313797875498584,1
cea-10,joint,swap,1,8,8,1,1,1.0,0.0,0.0,1
cea-10,joint,shuffle,0,16,15,1,1,0.9368877614755753,0.06311223852442471,0.06311223852442471,1
cea-10,joint,shuffle,0,12,12,1,1,1.0,0.0,0.0,1
cea-10,joint,shuffle,0,10,9,2,2,0.808658806821514,0.19134119317848597,0.10115302572162754,1
cea-10,joint,shuffle,0,10,10,1,1,1.0,0.0,0.0,1
cea-10,joint,shuffle,0,12,12,1,1,1.0,0.0,0.0,1
cea-10,joint,shuffle,0,16,16,1,1,1.0,0.0,0.0,1
cea-10,joint,shuffle,0,8,7,1,1,0.873186515278459,0.12681348472154097,0.12681348472154097,1
cea-10,joint,shuffle,0,12,12,1,1,1.0,0.0,0.0,1
cea-10,joint,shuffle,0,16,16,1,1,1.0,0.0,0.0,1
cea-10,joint,shuffle,0,16,15,2,2,0.8823647349667852,0.11763526503321475,0.06313797875498584,1
cea-10,joint,shuffle,0,8,8,1,1,1.0,0.0,0.0,1
cea-10,joint,shuffle,1,16,15,1,1,0.9368877614755753,0.06311223852442471,0.06311223852442471,1
cea-10,joint,shuffle,1,12,12,1,1,1.0,0.0,0.0,1
cea-10,joint,shuffle,1,8,8,1,1,1.0,0.0,0.0,1
cea-10,joint,shuffle,1,12,12,1,1,1.0,0.0,0.0,1
cea-10,joint,shuffle,1,12,12,1,1,1.0,0.0,0.0,1
cea-10,joint,shuffle,1,16,16,1,1,1.0,0.0,0.0,1
cea-10,joint,shuffle,1,8,8,1,1,1.0,0.0,0.0,1
cea-10,joint,shuffle,1,10,10,1,1,1.0,0.0,0.0,1
cea-10,joint,shuffle,1,16,16,1,1,1.0,0.0,0.0,1
cea-10,joint,shuffle,1,16,15,2,2,0.8823647349667852,0.11763526503321475,0.06313797875498584,1
cea-10,joint,shuffle,1,8,8,1,1,1.0,0.0,0.0,1
cea-10,joint,ambiguous,0,16,15,1,1,0.9368877614755753,0.06311223852442471,0.06311223852442471,1
cea-10,joint,ambiguous,0,12,12,1,1,1.0,0.0,0.0,1
cea-10,joint,ambiguous,0,8,8,1,1,1.0,0.0,0.0,1
cea-10,joint,ambiguous,0,12,12,1,1,1.0,0.0,0.0,1
cea-10,joint,ambiguous,0,16,15,1,1,0.9369106063837538,0.06308939361624621,0.06308939361624621,1
cea-10,joint,ambiguous,0,12,12,1,1,1.0,0.0,0.0,1
cea-10,joint,ambiguous,0,10,9,2,2,0.8110881037907595,0.18891189620924054,0.10145629935651179,1
cea-10,joint,ambiguous,0,10,10,1,1,1.0,0.0,0.0,1
cea-10,joint,ambiguous,0,16,16,1,1,1.0,0.0,0.0,1
cea-10,joint,ambiguous,0,16,15,2,2,0.8823647349667852,0.11763526503321475,0.06313797875498584,1
cea-10,joint,ambiguous,0,8,8,1,1,1.0,0.0,0.0,1
cea-10,joint,ambiguous,1,16,15,1,1,0.9368877614755753,0.06311223852442471,0.06311223852442471,1
cea-10,joint,ambiguous,1,12,12,1,1,1.0,0.0,0.0,1
cea-10,joint,ambiguous,1,8,8,1,1,1.0,0.0,0.0,1
cea-10,joint,ambiguous,1,12,12,1,1,1.0,0.0,0.0,1
cea-10,joint,ambiguous,1,16,15,1,1,0.9369106063837538,0.06308939361624621,0.06308939361624621,1
cea-10,joint,ambiguous,1,12,12,1,1,1.0,0.0,0.0,1
cea-10,joint,ambiguous,1,10,9,2,2,0.8110881037907595,0.18891189620924054,0.10145629935651179,1
cea-10,joint,ambiguous,1,10,10,1,1,1.0,0.0,0.0,1
cea-10,joint,ambiguous,1,16,16,1,1,1.0,0.0,0.0,1
cea-10,joint,ambiguous,1,16,15,2,2,0.8823647349667852,0.11763526503321475,0.06313797875498584,1
cea-10,joint,ambiguous,1,8,8,1,1,1.0,0.0,0.0,1
cea-11,detached,intact,0,14,14,1,1,1.0,0.0,0.0,1
cea-11,detached,intact,0,10,10,1,1,1.0,0.0,0.0,1
cea-11,detached,intact,0,12,12,1,1,1.0,0.0,0.0,1
cea-11,detached,intact,0,10,10,1,1,1.0,0.0,0.0,1
cea-11,detached,intact,0,12,12,1,1,1.0,0.0,0.0,1
cea-11,detached,intact,0,12,12,1,1,1.0,0.0,0.0,1
cea-11,detached,intact,0,12,12,1,1,1.0,0.0,0.0,1
cea-11,detached,intact,0,10,10,1,1,1.0,0.0,0.0,1
cea-11,detached,intact,0,14,14,1,1,1.0,0.0,0.0,1
cea-11,detached,intact,0,10,10,1,1,1.0,0.0,0.0,1
cea-11,detached,intact,0,12,12,1,1,1.0,0.0,0.0,1
cea-11,detached,intact,1,14,14,1,1,1.0,0.0,0.0,1
cea-11,detached,intact,1,10,10,1,1,1.0,0.0,0.0,1
cea-11,detached,intact,1,12,12,1,1,1.0,0.0,0.0,1
cea-11,detached,intact,1,12,12,1,1,1.0,0.0,0.0,1
cea-11,detached,intact,1,12,12,1,1,1.0,0.0,0.0,1
cea-11,detached,intact,1,12,12,1,1,1.0,0.0,0.0,1
cea-11,detached,intact,1,12,12,1,1,1.0,0.0,0.0,1
cea-11,detached,intact,1,10,10,1,1,1.0,0.0,0.0,1
cea-11,detached,intact,1,14,14,1,1,1.0,0.0,0.0,1
cea-11,detached,intact,1,10,10,1,1,1.0,0.0,0.0,1
cea-11,detached,intact,1,12,12,1,1,1.0,0.0,0.0,1
cea-11,legato,intact,0,14,14,1,1,1.0,0.0,0.0,1
cea-11,legato,intact,0,10,10,1,1,1.0,0.0,0.0,1
cea-11,legato,intact,0,12,12,1,1,1.0,0.0,0.0,1
cea-11,legato,intact,0,10,10,1,1,1.0,0.0,0.0,1
cea-11,legato,intact,0,12,12,1,1,1.0,0.0,0.0,1
cea-11,legato,intact,0,14,14,1,1,1.0,0.0,0.0,1
cea-11,legato,intact,0,6,6,1,1,1.0,0.0,0.0,1
cea-11,legato,intact,0,0,0,0,0,0.0,1.0,1.0,0
cea-11,legato,intact,0,12,12,1,1,1.0,0.0,0.0,1
cea-11,legato,intact,0,14,14,1,1,1.0,0.0,0.0,1
cea-11,legato,intact,0,10,10,1,1,1.0,0.0,0.0,1
cea-11,legato,intact,0,14,14,1,1,1.0,0.0,0.0,1
cea-11,legato,intact,1,14,14,1,1,1.0,0.0,0.0,1
cea-11,legato,intact,1,10,10,1,1,1.0,0.0,0.0,1
cea-11,legato,intact,1,8,8,1,1,1.0,0.0,0.0,1
cea-11,legato,intact,1,0,0,0,0,0.0,1.0,1.0,0
cea-11,legato,intact,1,12,12,1,1,1.0,0.0,0.0,1
cea-11,legato,intact,1,12,12,1,1,1.0,0.0,0.0,1
cea-11,legato,intact,1,14,14,1,1,1.0,0.0,0.0,1
cea-11,legato,intact,1,8,8,1,1,1.0,0.0,0.0,1
cea-11,legato,intact,1,12,12,1,1,1.0,0.0,0.0,1
cea-11,legato,intact,1,14,14,1,1,1.0,0.0,0.0,1
cea-11,legato,intact,1,10,10,1,1,1.0,0.0,0.0,1
cea-11,legato,intact,1,14,14,1,1,1.0,0.0,0.0,1
cea-11,duration,intact,0,16,15,1,1,0.936853133061718,0.06314686693828198,0.06314686693828198,1
cea-11,duration,intact,0,10,10,1,1,1.0,0.0,0.0,1
cea-11,duration,intact,0,10,10,1,1,1.0,0.0,0.0,1
cea-11,duration,intact,0,12,12,1,1,1.0,0.0,0.0,1
cea-11,duration,intact,0,14,14,1,1,1.0,0.0,0.0,1
cea-11,duration,intact,0,14,14,1,1,1.0,0.0,0.0,1
cea-11,duration,intact,0,2,2,1,1,1.0,0.0,0.0,1
cea-11,duration,intact,0,0,0,0,0,0.0,1.0,1.0,0
cea-11,duration,intact,0,12,12,1,1,1.0,0.0,0.0,1
cea-11,duration,intact,0,16,16,1,1,1.0,0.0,0.0,1
cea-11,duration,intact,0,12,12,1,1,1.0,0.0,0.0,1
cea-11,duration,intact,0,12,12,1,1,1.0,0.0,0.0,1
cea-11,duration,intact,1,16,15,1,1,0.936853133061718,0.06314686693828198,0.06314686693828198,1
cea-11,duration,intact,1,10,10,1,1,1.0,0.0,0.0,1
cea-11,duration,intact,1,6,6,1,1,1.0,0.0,0.0,1
cea-11,duration,intact,1,0,0,0,0,0.0,1.0,1.0,0
cea-11,duration,intact,1,12,12,1,1,1.0,0.0,0.0,1
cea-11,duration,intact,1,14,14,1,1,1.0,0.0,0.0,1
cea-11,duration,intact,1,14,14,1,1,1.0,0.0,0.0,1
cea-11,duration,intact,1,6,6,1,1,1.0,0.0,0.0,1
cea-11,duration,intact,1,12,12,1,1,1.0,0.0,0.0,1
cea-11,duration,intact,1,16,16,1,1,1.0,0.0,0.0,1
cea-11,duration,intact,1,12,12,1,1,1.0,0.0,0.0,1
cea-11,duration,intact,1,12,12,1,1,1.0,0.0,0.0,1
cea-11,joint,intact,0,16,15,1,1,0.9367665455408708,0.0632334544591292,0.0632334544591292,1
cea-11,joint,intact,0,10,10,1,1,1.0,0.0,0.0,1
cea-11,joint,intact,0,10,10,1,1,1.0,0.0,0.0,1
cea-11,joint,intact,0,12,12,1,1,1.0,0.0,0.0,1
cea-11,joint,intact,0,14,14,1,1,1.0,0.0,0.0,1
cea-11,joint,intact,0,14,14,1,1,1.0,0.0,0.0,1
cea-11,joint,intact,0,4,4,1,1,1.0,0.0,0.0,1
cea-11,joint,intact,0,0,0,0,0,0.0,1.0,1.0,0
cea-11,joint,intact,0,12,12,1,1,1.0,0.0,0.0,1
cea-11,joint,intact,0,16,16,1,1,1.0,0.0,0.0,1
cea-11,joint,intact,0,12,12,1,1,1.0,0.0,0.0,1
cea-11,joint,intact,0,12,12,1,1,1.0,0.0,0.0,1
cea-11,joint,intact,1,16,15,1,1,0.9367665455408708,0.0632334544591292,0.0632334544591292,1
cea-11,joint,intact,1,10,10,1,1,1.0,0.0,0.0,1
cea-11,joint,intact,1,6,6,1,1,1.0,0.0,0.0,1
cea-11,joint,intact,1,0,0,0,0,0.0,1.0,1.0,0
cea-11,joint,intact,1,12,12,1,1,1.0,0.0,0.0,1
cea-11,joint,intact,1,14,14,1,1,1.0,0.0,0.0,1
cea-11,joint,intact,1,14,14,1,1,1.0,0.0,0.0,1
cea-11,joint,intact,1,6,6,1,1,1.0,0.0,0.0,1
cea-11,joint,intact,1,12,12,1,1,1.0,0.0,0.0,1
cea-11,joint,intact,1,16,16,1,1,1.0,0.0,0.0,1
cea-11,joint,intact,1,12,12,1,1,1.0,0.0,0.0,1
cea-11,joint,intact,1,12,12,1,1,1.0,0.0,0.0,1
cea-11,joint,reset,0,16,16,1,1,1.0,0.0,0.0,1
cea-11,joint,reset,0,12,12,1,1,1.0,0.0,0.0,1
cea-11,joint,reset,0,12,12,1,1,1.0,0.0,0.0,1
cea-11,joint,reset,1,16,16,1,1,1.0,0.0,0.0,1
cea-11,joint,reset,1,12,12,1,1,1.0,0.0,0.0,1
cea-11,joint,reset,1,12,12,1,1,1.0,0.0,0.0,1
cea-11,joint,removal,0,16,15,1,1,0.9367665455408708,0.0632334544591292,0.0632334544591292,1
cea-11,joint,removal,0,10,10,1,1,1.0,0.0,0.0,1
cea-11,joint,removal,0,12,12,1,1,1.0,0.0,0.0,1
cea-11,joint,removal,0,14,14,1,1,1.0,0.0,0.0,1
cea-11,joint,removal,0,14,14,1,1,1.0,0.0,0.0,1
cea-11,joint,removal,0,8,8,1,1,1.0,0.0,0.0,1
cea-11,joint,removal,0,16,16,1,1,1.0,0.0,0.0,1
cea-11,joint,removal,0,12,12,1,1,1.0,0.0,0.0,1
cea-11,joint,removal,0,12,12,1,1,1.0,0.0,0.0,1
cea-11,joint,removal,1,16,15,1,1,0.9367665455408708,0.0632334544591292,0.0632334544591292,1
cea-11,joint,removal,1,10,10,1,1,1.0,0.0,0.0,1
cea-11,joint,removal,1,12,12,1,1,1.0,0.0,0.0,1
cea-11,joint,removal,1,14,14,1,1,1.0,0.0,0.0,1
cea-11,joint,removal,1,14,14,1,1,1.0,0.0,0.0,1
cea-11,joint,removal,1,8,8,1,1,1.0,0.0,0.0,1
cea-11,joint,removal,1,16,16,1,1,1.0,0.0,0.0,1
cea-11,joint,removal,1,12,12,1,1,1.0,0.0,0.0,1
cea-11,joint,removal,1,12,12,1,1,1.0,0.0,0.0,1
cea-11,joint,swap,0,16,15,1,1,0.9367665455408708,0.0632334544591292,0.0632334544591292,1
cea-11,joint,swap,0,10,10,1,1,1.0,0.0,0.0,1
cea-11,joint,swap,0,6,6,1,1,1.0,0.0,0.0,1
cea-11,joint,swap,0,0,0,0,0,0.0,1.0,1.0,0
cea-11,joint,swap,0,12,12,1,1,1.0,0.0,0.0,1
cea-11,joint,swap,0,14,14,1,1,1.0,0.0,0.0,1
cea-11,joint,swap,0,14,14,1,1,1.0,0.0,0.0,1
cea-11,joint,swap,0,6,6,1,1,1.0,0.0,0.0,1
cea-11,joint,swap,0,12,12,1,1,1.0,0.0,0.0,1
cea-11,joint,swap,0,16,16,1,1,1.0,0.0,0.0,1
cea-11,joint,swap,0,12,12,1,1,1.0,0.0,0.0,1
cea-11,joint,swap,0,12,12,1,1,1.0,0.0,0.0,1
cea-11,joint,swap,1,16,15,1,1,0.9367665455408708,0.0632334544591292,0.0632334544591292,1
cea-11,joint,swap,1,10,10,1,1,1.0,0.0,0.0,1
cea-11,joint,swap,1,10,10,1,1,1.0,0.0,0.0,1
cea-11,joint,swap,1,12,12,1,1,1.0,0.0,0.0,1
cea-11,joint,swap,1,14,14,1,1,1.0,0.0,0.0,1
cea-11,joint,swap,1,14,14,1,1,1.0,0.0,0.0,1
cea-11,joint,swap,1,4,4,1,1,1.0,0.0,0.0,1
cea-11,joint,swap,1,0,0,0,0,0.0,1.0,1.0,0
cea-11,joint,swap,1,12,12,1,1,1.0,0.0,0.0,1
cea-11,joint,swap,1,16,16,1,1,1.0,0.0,0.0,1
cea-11,joint,swap,1,12,12,1,1,1.0,0.0,0.0,1
cea-11,joint,swap,1,12,12,1,1,1.0,0.0,0.0,1
cea-11,joint,shuffle,0,14,14,1,1,1.0,0.0,0.0,1
cea-11,joint,shuffle,0,14,14,1,1,1.0,0.0,0.0,1
cea-11,joint,shuffle,0,4,4,1,1,1.0,0.0,0.0,1
cea-11,joint,shuffle,0,0,0,0,0,0.0,1.0,1.0,0
cea-11,joint,shuffle,0,12,12,1,1,1.0,0.0,0.0,1
cea-11,joint,shuffle,0,16,16,1,1,1.0,0.0,0.0,1
cea-11,joint,shuffle,0,10,10,1,1,1.0,0.0,0.0,1
cea-11,joint,shuffle,0,10,10,1,1,1.0,0.0,0.0,1
cea-11,joint,shuffle,0,12,12,1,1,1.0,0.0,0.0,1
cea-11,joint,shuffle,0,16,16,1,1,1.0,0.0,0.0,1
cea-11,joint,shuffle,0,12,12,1,1,1.0,0.0,0.0,1
cea-11,joint,shuffle,0,12,12,1,1,1.0,0.0,0.0,1
cea-11,joint,shuffle,1,14,14,1,1,1.0,0.0,0.0,1
cea-11,joint,shuffle,1,14,14,1,1,1.0,0.0,0.0,1
cea-11,joint,shuffle,1,6,6,1,1,1.0,0.0,0.0,1
cea-11,joint,shuffle,1,12,12,1,1,1.0,0.0,0.0,1
cea-11,joint,shuffle,1,16,16,1,1,1.0,0.0,0.0,1
cea-11,joint,shuffle,1,10,10,1,1,1.0,0.0,0.0,1
cea-11,joint,shuffle,1,6,6,1,1,1.0,0.0,0.0,1
cea-11,joint,shuffle,1,0,0,0,0,0.0,1.0,1.0,0
cea-11,joint,shuffle,1,12,12,1,1,1.0,0.0,0.0,1
cea-11,joint,shuffle,1,16,16,1,1,1.0,0.0,0.0,1
cea-11,joint,shuffle,1,12,12,1,1,1.0,0.0,0.0,1
cea-11,joint,shuffle,1,12,12,1,1,1.0,0.0,0.0,1
cea-11,joint,ambiguous,0,16,15,1,1,0.9367665455408708,0.0632334544591292,0.0632334544591292,1
cea-11,joint,ambiguous,0,10,10,1,1,1.0,0.0,0.0,1
cea-11,joint,ambiguous,0,10,10,1,1,1.0,0.0,0.0,1
cea-11,joint,ambiguous,0,12,12,1,1,1.0,0.0,0.0,1
cea-11,joint,ambiguous,0,16,16,1,1,1.0,0.0,0.0,1
cea-11,joint,ambiguous,0,10,10,1,1,1.0,0.0,0.0,1
cea-11,joint,ambiguous,0,6,6,1,1,1.0,0.0,0.0,1
cea-11,joint,ambiguous,0,0,0,0,0,0.0,1.0,1.0,0
cea-11,joint,ambiguous,0,12,12,1,1,1.0,0.0,0.0,1
cea-11,joint,ambiguous,0,16,16,1,1,1.0,0.0,0.0,1
cea-11,joint,ambiguous,0,12,12,1,1,1.0,0.0,0.0,1
cea-11,joint,ambiguous,0,12,12,1,1,1.0,0.0,0.0,1
cea-11,joint,ambiguous,1,16,15,1,1,0.9367665455408708,0.0632334544591292,0.0632334544591292,1
cea-11,joint,ambiguous,1,10,10,1,1,1.0,0.0,0.0,1
cea-11,joint,ambiguous,1,10,10,1,1,1.0,0.0,0.0,1
cea-11,joint,ambiguous,1,12,12,1,1,1.0,0.0,0.0,1
cea-11,joint,ambiguous,1,16,16,1,1,1.0,0.0,0.0,1
cea-11,joint,ambiguous,1,10,10,1,1,1.0,0.0,0.0,1
cea-11,joint,ambiguous,1,6,6,1,1,1.0,0.0,0.0,1
cea-11,joint,ambiguous,1,0,0,0,0,0.0,1.0,1.0,0
cea-11,joint,ambiguous,1,12,12,1,1,1.0,0.0,0.0,1
cea-11,joint,ambiguous,1,16,16,1,1,1.0,0.0,0.0,1
cea-11,joint,ambiguous,1,12,12,1,1,1.0,0.0,0.0,1
cea-11,joint,ambiguous,1,12,12,1,1,1.0,0.0,0.0,1
cea-12,detached,intact,0,12,12,1,1,1.0,0.0,0.0,1
cea-12,detached,intact,0,12,12,1,1,1.0,0.0,0.0,1
cea-12,detached,intact,0,10,10,1,1,1.0,0.0,0.0,1
cea-12,detached,intact,0,6,6,1,1,1.0,0.0,0.0,1
cea-12,detached,intact,0,12,12,1,1,1.0,0.0,0.0,1
cea-12,detached,intact,0,12,12,1,1,1.0,0.0,0.0,1
cea-12,detached,intact,0,10,10,1,1,1.0,0.0,0.0,1
cea-12,detached,intact,0,4,1,0,1,0.0,0.7500167223801046,1.0,0
cea-12,detached,intact,0,12,12,1,1,1.0,0.0,0.0,1
cea-12,detached,intact,0,12,12,1,1,1.0,0.0,0.0,1
cea-12,detached,intact,0,4,4,1,1,1.0,0.0,0.0,1
cea-12,detached,intact,1,12,12,1,1,1.0,0.0,0.0,1
cea-12,detached,intact,1,12,12,1,1,1.0,0.0,0.0,1
cea-12,detached,intact,1,12,10,1,1,0.8310193611301614,0.1689806388698386,0.1689806388698386,1
cea-12,detached,intact,1,4,1,0,1,0.0,0.7500168208123608,1.0,0
cea-12,detached,intact,1,12,12,1,1,1.0,0.0,0.0,1
cea-12,detached,intact,1,12,12,1,1,1.0,0.0,0.0,1
cea-12,detached,intact,1,10,10,1,1,1.0,0.0,0.0,1
cea-12,detached,intact,1,8,8,1,1,1.0,0.0,0.0,1
cea-12,detached,intact,1,12,12,1,1,1.0,0.0,0.0,1
cea-12,detached,intact,1,12,12,1,1,1.0,0.0,0.0,1
cea-12,detached,intact,1,4,4,1,1,1.0,0.0,0.0,1
cea-12,legato,intact,0,10,10,1,1,1.0,0.0,0.0,1
cea-12,legato,intact,0,14,14,1,1,1.0,0.0,0.0,1
cea-12,legato,intact,0,12,10,1,1,0.8321402579560829,0.16785974204391707,0.16785974204391707,1
cea-12,legato,intact,0,6,6,1,1,1.0,0.0,0.0,1
cea-12,legato,intact,0,14,14,2,2,0.8683026984046802,0.13169730159531978,0.0,1
cea-12,legato,intact,0,12,10,1,1,0.8332714418793223,0.16672855812067766,0.16672855812067766,1
cea-12,legato,intact,0,12,10,1,1,0.8332799140943671,0.16672008590563292,0.16672008590563292,1
cea-12,legato,intact,0,6,2,1,1,0.3331658835392238,0.6668341164607763,0.6668341164607763,0
cea-12,legato,intact,0,14,12,1,1,0.856962646851823,0.143037353148177,0.143037353148177,1
cea-12,legato,intact,0,10,10,1,1,1.0,0.0,0.0,1
cea-12,legato,intact,0,6,6,1,1,1.0,0.0,0.0,1
cea-12,legato,intact,1,10,10,1,1,1.0,0.0,0.0,1
cea-12,legato,intact,1,14,14,1,1,1.0,0.0,0.0,1
cea-12,legato,intact,1,12,10,1,1,0.8316206519306794,0.16837934806932064,0.16837934806932064,1
cea-12,legato,intact,1,6,2,1,1,0.33317209600274056,0.6668279039972594,0.6668279039972594,0
cea-12,legato,intact,1,14,14,2,2,0.8683026984046802,0.13169730159531978,0.0,1
cea-12,legato,intact,1,12,10,1,1,0.8332714418793223,0.16672855812067766,0.16672855812067766,1
cea-12,legato,intact,1,12,10,1,1,0.8332799140943671,0.16672008590563292,0.16672008590563292,1
cea-12,legato,intact,1,8,8,1,1,1.0,0.0,0.0,1
cea-12,legato,intact,1,14,12,1,1,0.856962646851823,0.143037353148177,0.143037353148177,1
cea-12,legato,intact,1,10,10,1,1,1.0,0.0,0.0,1
cea-12,legato,intact,1,6,6,1,1,1.0,0.0,0.0,1
cea-12,duration,intact,0,14,13,1,1,0.9279694906437674,0.07203050935623256,0.07203050935623256,1
cea-12,duration,intact,0,12,12,1,1,1.0,0.0,0.0,1
cea-12,duration,intact,0,8,8,1,1,1.0,0.0,0.0,1
cea-12,duration,intact,0,10,10,1,1,1.0,0.0,0.0,1
cea-12,duration,intact,0,14,14,1,1,1.0,0.0,0.0,1
cea-12,duration,intact,0,14,13,1,1,0.9278036556554252,0.07219634434457478,0.07219634434457478,1
cea-12,duration,intact,0,8,8,1,1,1.0,0.0,0.0,1
cea-12,duration,intact,0,8,3,1,1,0.3748390170215808,0.6251609829784193,0.6251609829784193,0
cea-12,duration,intact,0,16,15,1,1,0.9369076155611681,0.06309238443883192,0.06309238443883192,1
cea-12,duration,intact,0,16,15,2,2,0.8828010581453032,0.11719894185469681,0.063082774747241,1
cea-12,duration,intact,0,4,4,1,1,1.0,0.0,0.0,1
cea-12,duration,intact,1,14,13,1,1,0.9279694906437674,0.07203050935623256,0.07203050935623256,1
cea-12,duration,intact,1,12,12,1,1,1.0,0.0,0.0,1
cea-12,duration,intact,1,8,8,1,1,1.0,0.0,0.0,1
cea-12,duration,intact,1,8,3,1,1,0.3748412057359317,0.6251587942640683,0.6251587942640683,0
cea-12,duration,intact,1,14,14,1,1,1.0,0.0,0.0,1
cea-12,duration,intact,1,14,13,1,1,0.9278036556554252,0.07219634434457478,0.07219634434457478,1
cea-12,duration,intact,1,6,6,1,1,1.0,0.0,0.0,1
cea-12,duration,intact,1,10,10,1,1,1.0,0.0,0.0,1
cea-12,duration,intact,1,16,15,1,1,0.9369076155611681,0.06309238443883192,0.06309238443883192,1
cea-12,duration,intact,1,16,15,2,2,0.8828010581453032,0.11719894185469681,0.063082774747241,1
cea-12,duration,intact,1,4,4,1,1,1.0,0.0,0.0,1
cea-12,joint,intact,0,14,13,1,1,0.9279694906437674,0.07203050935623256,0.07203050935623256,1
cea-12,joint,intact,0,12,12,1,1,1.0,0.0,0.0,1
cea-12,joint,intact,0,8,8,1,1,1.0,0.0,0.0,1
cea-12,joint,intact,0,10,10,1,1,1.0,0.0,0.0,1
cea-12,joint,intact,0,14,14,1,1,1.0,0.0,0.0,1
cea-12,joint,intact,0,14,13,1,1,0.9278036556554252,0.07219634434457478,0.07219634434457478,1
cea-12,joint,intact,0,8,8,1,1,1.0,0.0,0.0,1
cea-12,joint,intact,0,8,3,1,1,0.3748390170215808,0.6251609829784193,0.6251609829784193,0
cea-12,joint,intact,0,16,16,1,1,1.0,0.0,0.0,1
cea-12,joint,intact,0,14,14,1,1,1.0,0.0,0.0,1
cea-12,joint,intact,0,4,4,1,1,1.0,0.0,0.0,1
cea-12,joint,intact,1,14,13,1,1,0.9279694906437674,0.07203050935623256,0.07203050935623256,1
cea-12,joint,intact,1,12,12,1,1,1.0,0.0,0.0,1
cea-12,joint,intact,1,8,8,1,1,1.0,0.0,0.0,1
cea-12,joint,intact,1,8,3,1,1,0.3748412057359317,0.6251587942640683,0.6251587942640683,0
cea-12,joint,intact,1,14,14,1,1,1.0,0.0,0.0,1
cea-12,joint,intact,1,14,13,1,1,0.9278036556554252,0.07219634434457478,0.07219634434457478,1
cea-12,joint,intact,1,6,6,1,1,1.0,0.0,0.0,1
cea-12,joint,intact,1,10,10,1,1,1.0,0.0,0.0,1
cea-12,joint,intact,1,16,16,1,1,1.0,0.0,0.0,1
cea-12,joint,intact,1,14,14,1,1,1.0,0.0,0.0,1
cea-12,joint,intact,1,4,4,1,1,1.0,0.0,0.0,1
cea-12,joint,reset,0,16,16,1,1,1.0,0.0,0.0,1
cea-12,joint,reset,0,14,14,1,1,1.0,0.0,0.0,1
cea-12,joint,reset,0,4,4,1,1,1.0,0.0,0.0,1
cea-12,joint,reset,1,16,16,1,1,1.0,0.0,0.0,1
cea-12,joint,reset,1,14,14,1,1,1.0,0.0,0.0,1
cea-12,joint,reset,1,4,4,1,1,1.0,0.0,0.0,1
cea-12,joint,removal,0,14,13,1,1,0.9279694906437674,0.07203050935623256,0.07203050935623256,1
cea-12,joint,removal,0,12,12,1,1,1.0,0.0,0.0,1
cea-12,joint,removal,0,4,4,1,1,1.0,0.0,0.0,1
cea-12,joint,removal,0,14,14,1,1,1.0,0.0,0.0,1
cea-12,joint,removal,0,14,13,1,1,0.9278036556554252,0.07219634434457478,0.07219634434457478,1
cea-12,joint,removal,0,4,4,1,1,1.0,0.0,0.0,1
cea-12,joint,removal,0,16,16,1,1,1.0,0.0,0.0,1
cea-12,joint,removal,0,14,14,1,1,1.0,0.0,0.0,1
cea-12,joint,removal,0,4,4,1,1,1.0,0.0,0.0,1
cea-12,joint,removal,1,14,13,1,1,0.9279694906437674,0.07203050935623256,0.07203050935623256,1
cea-12,joint,removal,1,12,12,1,1,1.0,0.0,0.0,1
cea-12,joint,removal,1,4,4,1,1,1.0,0.0,0.0,1
cea-12,joint,removal,1,14,14,1,1,1.0,0.0,0.0,1
cea-12,joint,removal,1,14,13,1,1,0.9278036556554252,0.07219634434457478,0.07219634434457478,1
cea-12,joint,removal,1,4,4,1,1,1.0,0.0,0.0,1
cea-12,joint,removal,1,16,16,1,1,1.0,0.0,0.0,1
cea-12,joint,removal,1,14,14,1,1,1.0,0.0,0.0,1
cea-12,joint,removal,1,4,4,1,1,1.0,0.0,0.0,1
cea-12,joint,swap,0,14,13,1,1,0.9279694906437674,0.07203050935623256,0.07203050935623256,1
cea-12,joint,swap,0,12,12,1,1,1.0,0.0,0.0,1
cea-12,joint,swap,0,8,8,1,1,1.0,0.0,0.0,1
cea-12,joint,swap,0,8,3,1,1,0.3748412057359317,0.6251587942640683,0.6251587942640683,0
cea-12,joint,swap,0,14,14,1,1,1.0,0.0,0.0,1
cea-12,joint,swap,0,14,13,1,1,0.9278036556554252,0.07219634434457478,0.07219634434457478,1
cea-12,joint,swap,0,6,6,1,1,1.0,0.0,0.0,1
cea-12,joint,swap,0,10,10,1,1,1.0,0.0,0.0,1
cea-12,joint,swap,0,16,16,1,1,1.0,0.0,0.0,1
cea-12,joint,swap,0,14,14,1,1,1.0,0.0,0.0,1
cea-12,joint,swap,0,4,4,1,1,1.0,0.0,0.0,1
cea-12,joint,swap,1,14,13,1,1,0.9279694906437674,0.07203050935623256,0.07203050935623256,1
cea-12,joint,swap,1,12,12,1,1,1.0,0.0,0.0,1
cea-12,joint,swap,1,8,8,1,1,1.0,0.0,0.0,1
cea-12,joint,swap,1,10,10,1,1,1.0,0.0,0.0,1
cea-12,joint,swap,1,14,14,1,1,1.0,0.0,0.0,1
cea-12,joint,swap,1,14,13,1,1,0.9278036556554252,0.07219634434457478,0.07219634434457478,1
cea-12,joint,swap,1,8,8,1,1,1.0,0.0,0.0,1
cea-12,joint,swap,1,8,3,1,1,0.3748390170215808,0.6251609829784193,0.6251609829784193,0
cea-12,joint,swap,1,16,16,1,1,1.0,0.0,0.0,1
cea-12,joint,swap,1,14,14,1,1,1.0,0.0,0.0,1
cea-12,joint,swap,1,4,4,1,1,1.0,0.0,0.0,1
cea-12,joint,shuffle,0,14,14,1,1,1.0,0.0,0.0,1
cea-12,joint,shuffle,0,12,12,1,1,1.0,0.0,0.0,1
cea-12,joint,shuffle,0,8,8,1,1,1.0,0.0,0.0,1
cea-12,joint,shuffle,0,8,3,1,1,0.3748412057359317,0.6251587942640683,0.6251587942640683,0
cea-12,joint,shuffle,0,14,14,1,1,1.0,0.0,0.0,1
cea-12,joint,shuffle,0,12,12,1,1,1.0,0.0,0.0,1
cea-12,joint,shuffle,0,8,8,1,1,1.0,0.0,0.0,1
cea-12,joint,shuffle,0,10,10,1,1,1.0,0.0,0.0,1
cea-12,joint,shuffle,0,16,16,1,1,1.0,0.0,0.0,1
cea-12,joint,shuffle,0,14,14,1,1,1.0,0.0,0.0,1
cea-12,joint,shuffle,0,4,4,1,1,1.0,0.0,0.0,1
cea-12,joint,shuffle,1,14,14,1,1,1.0,0.0,0.0,1
cea-12,joint,shuffle,1,12,12,1,1,1.0,0.0,0.0,1
cea-12,joint,shuffle,1,8,8,1,1,1.0,0.0,0.0,1
cea-12,joint,shuffle,1,10,10,1,1,1.0,0.0,0.0,1
cea-12,joint,shuffle,1,14,14,1,1,1.0,0.0,0.0,1
cea-12,joint,shuffle,1,12,12,1,1,1.0,0.0,0.0,1
cea-12,joint,shuffle,1,8,8,1,1,1.0,0.0,0.0,1
cea-12,joint,shuffle,1,8,3,1,1,0.3748390170215808,0.6251609829784193,0.6251609829784193,0
cea-12,joint,shuffle,1,16,16,1,1,1.0,0.0,0.0,1
cea-12,joint,shuffle,1,14,14,1,1,1.0,0.0,0.0,1
cea-12,joint,shuffle,1,4,4,1,1,1.0,0.0,0.0,1
cea-12,joint,ambiguous,0,14,14,1,1,1.0,0.0,0.0,1
cea-12,joint,ambiguous,0,12,12,1,1,1.0,0.0,0.0,1
cea-12,joint,ambiguous,0,8,8,1,1,1.0,0.0,0.0,1
cea-12,joint,ambiguous,0,10,10,1,1,1.0,0.0,0.0,1
cea-12,joint,ambiguous,0,14,14,1,1,1.0,0.0,0.0,1
cea-12,joint,ambiguous,0,14,13,1,1,0.9278036556554252,0.07219634434457478,0.07219634434457478,1
cea-12,joint,ambiguous,0,8,8,1,1,1.0,0.0,0.0,1
cea-12,joint,ambiguous,0,8,3,1,1,0.3748390170215808,0.6251609829784193,0.6251609829784193,0
cea-12,joint,ambiguous,0,16,16,1,1,1.0,0.0,0.0,1
cea-12,joint,ambiguous,0,14,14,1,1,1.0,0.0,0.0,1
cea-12,joint,ambiguous,0,4,4,1,1,1.0,0.0,0.0,1
cea-12,joint,ambiguous,1,14,14,1,1,1.0,0.0,0.0,1
cea-12,joint,ambiguous,1,12,12,1,1,1.0,0.0,0.0,1
cea-12,joint,ambiguous,1,8,8,1,1,1.0,0.0,0.0,1
cea-12,joint,ambiguous,1,10,10,1,1,1.0,0.0,0.0,1
cea-12,joint,ambiguous,1,14,14,1,1,1.0,0.0,0.0,1
cea-12,joint,ambiguous,1,14,13,1,1,0.9278036556554252,0.07219634434457478,0.07219634434457478,1
cea-12,joint,ambiguous,1,8,8,1,1,1.0,0.0,0.0,1
cea-12,joint,ambiguous,1,8,3,1,1,0.3748390170215808,0.6251609829784193,0.6251609829784193,0
cea-12,joint,ambiguous,1,16,16,1,1,1.0,0.0,0.0,1
cea-12,joint,ambiguous,1,14,14,1,1,1.0,0.0,0.0,1
cea-12,joint,ambiguous,1,4,4,1,1,1.0,0.0,0.0,1
cea-13,detached,intact,0,12,12,1,1,1.0,0.0,0.0,1
cea-13,detached,intact,0,12,12,1,1,1.0,0.0,0.0,1
cea-13,detached,intact,0,12,12,1,1,1.0,0.0,0.0,1
cea-13,detached,intact,0,10,10,1,1,1.0,0.0,0.0,1
cea-13,detached,intact,0,12,12,1,1,1.0,0.0,0.0,1
cea-13,detached,intact,0,12,12,1,1,1.0,0.0,0.0,1
cea-13,detached,intact,0,10,10,1,1,1.0,0.0,0.0,1
cea-13,detached,intact,0,10,10,1,1,1.0,0.0,0.0,1
cea-13,detached,intact,0,12,12,1,1,1.0,0.0,0.0,1
cea-13,detached,intact,0,12,12,1,1,1.0,0.0,0.0,1
cea-13,detached,intact,0,10,10,1,1,1.0,0.0,0.0,1
cea-13,detached,intact,1,12,12,1,1,1.0,0.0,0.0,1
cea-13,detached,intact,1,12,12,1,1,1.0,0.0,0.0,1
cea-13,detached,intact,1,12,12,1,1,1.0,0.0,0.0,1
cea-13,detached,intact,1,10,10,1,1,1.0,0.0,0.0,1
cea-13,detached,intact,1,12,12,1,1,1.0,0.0,0.0,1
cea-13,detached,intact,1,12,12,1,1,1.0,0.0,0.0,1
cea-13,detached,intact,1,10,10,1,1,1.0,0.0,0.0,1
cea-13,detached,intact,1,10,10,1,1,1.0,0.0,0.0,1
cea-13,detached,intact,1,12,12,1,1,1.0,0.0,0.0,1
cea-13,detached,intact,1,12,12,1,1,1.0,0.0,0.0,1
cea-13,detached,intact,1,10,10,1,1,1.0,0.0,0.0,1
cea-13,legato,intact,0,10,10,1,1,1.0,0.0,0.0,1
cea-13,legato,intact,0,14,14,1,1,1.0,0.0,0.0,1
cea-13,legato,intact,0,12,11,1,1,0.9155663750368958,0.08443362496310425,0.08443362496310425,1
cea-13,legato,intact,0,10,10,1,1,1.0,0.0,0.0,1
cea-13,legato,intact,0,12,12,1,1,1.0,0.0,0.0,1
cea-13,legato,intact,0,8,8,1,1,1.0,0.0,0.0,1
cea-13,legato,intact,0,14,14,1,1,1.0,0.0,0.0,1
cea-13,legato,intact,0,12,12,1,1,1.0,0.0,0.0,1
cea-13,legato,intact,0,10,10,1,1,1.0,0.0,0.0,1
cea-13,legato,intact,0,14,14,1,1,1.0,0.0,0.0,1
cea-13,legato,intact,0,12,12,1,1,1.0,0.0,0.0,1
cea-13,legato,intact,1,10,10,1,1,1.0,0.0,0.0,1
cea-13,legato,intact,1,14,14,1,1,1.0,0.0,0.0,1
cea-13,legato,intact,1,12,11,1,1,0.9157312412216441,0.08426875877835593,0.08426875877835593,1
cea-13,legato,intact,1,12,12,1,1,1.0,0.0,0.0,1
cea-13,legato,intact,1,12,12,1,1,1.0,0.0,0.0,1
cea-13,legato,intact,1,8,8,1,1,1.0,0.0,0.0,1
cea-13,legato,intact,1,14,14,1,1,1.0,0.0,0.0,1
cea-13,legato,intact,1,10,10,1,1,1.0,0.0,0.0,1
cea-13,legato,intact,1,10,10,1,1,1.0,0.0,0.0,1
cea-13,legato,intact,1,14,14,1,1,1.0,0.0,0.0,1
cea-13,legato,intact,1,12,12,1,1,1.0,0.0,0.0,1
cea-13,duration,intact,0,10,10,1,1,1.0,0.0,0.0,1
cea-13,duration,intact,0,16,16,1,1,1.0,0.0,0.0,1
cea-13,duration,intact,0,8,8,1,1,1.0,0.0,0.0,1
cea-13,duration,intact,0,10,10,1,1,1.0,0.0,0.0,1
cea-13,duration,intact,0,14,14,1,1,1.0,0.0,0.0,1
cea-13,duration,intact,0,12,12,1,1,1.0,0.0,0.0,1
cea-13,duration,intact,0,10,10,1,1,1.0,0.0,0.0,1
cea-13,duration,intact,0,12,12,1,1,1.0,0.0,0.0,1
cea-13,duration,intact,0,16,15,1,1,0.9369910379589427,0.06300896204105733,0.06300896204105733,1
cea-13,duration,intact,0,14,14,1,1,1.0,0.0,0.0,1
cea-13,duration,intact,0,10,10,1,1,1.0,0.0,0.0,1
cea-13,duration,intact,1,10,10,1,1,1.0,0.0,0.0,1
cea-13,duration,intact,1,16,16,1,1,1.0,0.0,0.0,1
cea-13,duration,intact,1,8,8,1,1,1.0,0.0,0.0,1
cea-13,duration,intact,1,14,14,1,1,1.0,0.0,0.0,1
cea-13,duration,intact,1,14,14,1,1,1.0,0.0,0.0,1
cea-13,duration,intact,1,12,12,1,1,1.0,0.0,0.0,1
cea-13,duration,intact,1,10,10,1,1,1.0,0.0,0.0,1
cea-13,duration,intact,1,10,10,1,1,1.0,0.0,0.0,1
cea-13,duration,intact,1,16,15,1,1,0.9369910379589427,0.06300896204105733,0.06300896204105733,1
cea-13,duration,intact,1,14,14,1,1,1.0,0.0,0.0,1
cea-13,duration,intact,1,10,10,1,1,1.0,0.0,0.0,1
cea-13,joint,intact,0,14,13,1,1,0.9275075496933572,0.07249245030664275,0.07249245030664275,1
cea-13,joint,intact,0,14,12,1,1,0.8569776399099912,0.1430223600900088,0.1430223600900088,1
cea-13,joint,intact,0,8,7,2,2,0.7618863566539861,0.23811364334601393,0.127887179598135,1
cea-13,joint,intact,0,10,10,1,1,1.0,0.0,0.0,1
cea-13,joint,intact,0,14,14,1,1,1.0,0.0,0.0,1
cea-13,joint,intact,0,14,13,2,2,0.8659695849501018,0.1340304150498982,0.07228348258244599,1
cea-13,joint,intact,0,6,6,1,1,1.0,0.0,0.0,1
cea-13,joint,intact,0,12,12,1,1,1.0,0.0,0.0,1
cea-13,joint,intact,0,16,15,1,1,0.9369910379589427,0.06300896204105733,0.06300896204105733,1
cea-13,joint,intact,0,14,14,1,1,1.0,0.0,0.0,1
cea-13,joint,intact,0,10,10,1,1,1.0,0.0,0.0,1
cea-13,joint,intact,1,14,13,1,1,0.9275075496933572,0.07249245030664275,0.07249245030664275,1
cea-13,joint,intact,1,14,12,1,1,0.8569776399099912,0.1430223600900088,0.1430223600900088,1
cea-13,joint,intact,1,8,6,1,1,0.7486644072896432,0.25133559271035677,0.25133559271035677,1
cea-13,joint,intact,1,12,12,1,1,1.0,0.0,0.0,1
cea-13,joint,intact,1,14,14,1,1,1.0,0.0,0.0,1
cea-13,joint,intact,1,14,13,2,2,0.8659695849501018,0.1340304150498982,0.07228348258244599,1
cea-13,joint,intact,1,8,8,1,1,1.0,0.0,0.0,1
cea-13,joint,intact,1,10,10,1,1,1.0,0.0,0.0,1
cea-13,joint,intact,1,16,15,1,1,0.9369910379589427,0.06300896204105733,0.06300896204105733,1
cea-13,joint,intact,1,14,14,1,1,1.0,0.0,0.0,1
cea-13,joint,intact,1,10,10,1,1,1.0,0.0,0.0,1
cea-13,joint,reset,0,16,15,1,1,0.9369910379589427,0.06300896204105733,0.06300896204105733,1
cea-13,joint,reset,0,14,14,1,1,1.0,0.0,0.0,1
cea-13,joint,reset,0,10,10,1,1,1.0,0.0,0.0,1
cea-13,joint,reset,1,16,15,1,1,0.9369910379589427,0.06300896204105733,0.06300896204105733,1
cea-13,joint,reset,1,14,14,1,1,1.0,0.0,0.0,1
cea-13,joint,reset,1,10,10,1,1,1.0,0.0,0.0,1
cea-13,joint,removal,0,14,13,1,1,0.9275075496933572,0.07249245030664275,0.07249245030664275,1
cea-13,joint,removal,0,14,12,1,1,0.8569776399099912,0.1430223600900088,0.1430223600900088,1
cea-13,joint,removal,0,6,6,1,1,1.0,0.0,0.0,1
cea-13,joint,removal,0,14,14,1,1,1.0,0.0,0.0,1
cea-13,joint,removal,0,14,13,2,2,0.8659695849501018,0.1340304150498982,0.07228348258244599,1
cea-13,joint,removal,0,8,8,1,1,1.0,0.0,0.0,1
cea-13,joint,removal,0,16,15,1,1,0.9369910379589427,0.06300896204105733,0.06300896204105733,1
cea-13,joint,removal,0,14,14,1,1,1.0,0.0,0.0,1
cea-13,joint,removal,0,10,10,1,1,1.0,0.0,0.0,1
cea-13,joint,removal,1,14,13,1,1,0.9275075496933572,0.07249245030664275,0.07249245030664275,1
cea-13,joint,removal,1,14,12,1,1,0.8569776399099912,0.1430223600900088,0.1430223600900088,1
cea-13,joint,removal,1,6,6,1,1,1.0,0.0,0.0,1
cea-13,joint,removal,1,14,14,1,1,1.0,0.0,0.0,1
cea-13,joint,removal,1,14,13,2,2,0.8659695849501018,0.1340304150498982,0.07228348258244599,1
cea-13,joint,removal,1,8,8,1,1,1.0,0.0,0.0,1
cea-13,joint,removal,1,16,15,1,1,0.9369910379589427,0.06300896204105733,0.06300896204105733,1
cea-13,joint,removal,1,14,14,1,1,1.0,0.0,0.0,1
cea-13,joint,removal,1,10,10,1,1,1.0,0.0,0.0,1
cea-13,joint,swap,0,14,13,1,1,0.9275075496933572,0.07249245030664275,0.07249245030664275,1
cea-13,joint,swap,0,14,12,1,1,0.8569776399099912,0.1430223600900088,0.1430223600900088,1
cea-13,joint,swap,0,8,6,1,1,0.7486644072896432,0.25133559271035677,0.25133559271035677,1
cea-13,joint,swap,0,12,12,1,1,1.0,0.0,0.0,1
cea-13,joint,swap,0,14,14,1,1,1.0,0.0,0.0,1
cea-13,joint,swap,0,14,13,2,2,0.8659695849501018,0.1340304150498982,0.07228348258244599,1
cea-13,joint,swap,0,8,8,1,1,1.0,0.0,0.0,1
cea-13,joint,swap,0,10,10,1,1,1.0,0.0,0.0,1
cea-13,joint,swap,0,16,15,1,1,0.9369910379589427,0.06300896204105733,0.06300896204105733,1
cea-13,joint,swap,0,14,14,1,1,1.0,0.0,0.0,1
cea-13,joint,swap,0,10,10,1,1,1.0,0.0,0.0,1
cea-13,joint,swap,1,14,13,1,1,0.9275075496933572,0.07249245030664275,0.07249245030664275,1
cea-13,joint,swap,1,14,12,1,1,0.8569776399099912,0.1430223600900088,0.1430223600900088,1
cea-13,joint,swap,1,8,7,2,2,0.7618863566539861,0.23811364334601393,0.127887179598135,1
cea-13,joint,swap,1,10,10,1,1,1.0,0.0,0.0,1
cea-13,joint,swap,1,14,14,1,1,1.0,0.0,0.0,1
cea-13,joint,swap,1,14,13,2,2,0.8659695849501018,0.1340304150498982,0.07228348258244599,1
cea-13,joint,swap,1,6,6,1,1,1.0,0.0,0.0,1
cea-13,joint,swap,1,12,12,1,1,1.0,0.0,0.0,1
cea-13,joint,swap,1,16,15,1,1,0.9369910379589427,0.06300896204105733,0.06300896204105733,1
cea-13,joint,swap,1,14,14,1,1,1.0,0.0,0.0,1
cea-13,joint,swap,1,10,10,1,1,1.0,0.0,0.0,1
cea-13,joint,shuffle,0,14,13,1,1,0.9275675611446577,0.07243243885534234,0.07243243885534234,1
cea-13,joint,shuffle,0,14,14,2,2,0.9372091128253656,0.06279088717463444,0.0,1
cea-13,joint,shuffle,0,8,6,1,1,0.7486644072896432,0.25133559271035677,0.25133559271035677,1
cea-13,joint,shuffle,0,12,12,1,1,1.0,0.0,0.0,1
cea-13,joint,shuffle,0,14,14,1,1,1.0,0.0,0.0,1
cea-13,joint,shuffle,0,14,12,1,1,0.8569773744132493,0.14302262558675072,0.14302262558675072,1
cea-13,joint,shuffle,0,8,8,1,1,1.0,0.0,0.0,1
cea-13,joint,shuffle,0,10,10,1,1,1.0,0.0,0.0,1
cea-13,joint,shuffle,0,16,15,1,1,0.9369910379589427,0.06300896204105733,0.06300896204105733,1
cea-13,joint,shuffle,0,14,14,1,1,1.0,0.0,0.0,1
cea-13,joint,shuffle,0,10,10,1,1,1.0,0.0,0.0,1
cea-13,joint,shuffle,1,14,13,1,1,0.9275675611446577,0.07243243885534234,0.07243243885534234,1
cea-13,joint,shuffle,1,14,14,2,2,0.9372091128253656,0.06279088717463444,0.0,1
cea-13,joint,shuffle,1,8,7,2,2,0.7618863566539861,0.23811364334601393,0.127887179598135,1
cea-13,joint,shuffle,1,10,10,1,1,1.0,0.0,0.0,1
cea-13,joint,shuffle,1,14,14,1,1,1.0,0.0,0.0,1
cea-13,joint,shuffle,1,14,12,1,1,0.8569773744132493,0.14302262558675072,0.14302262558675072,1
cea-13,joint,shuffle,1,6,6,1,1,1.0,0.0,0.0,1
cea-13,joint,shuffle,1,12,12,1,1,1.0,0.0,0.0,1
cea-13,joint,shuffle,1,16,15,1,1,0.9369910379589427,0.06300896204105733,0.06300896204105733,1
cea-13,joint,shuffle,1,14,14,1,1,1.0,0.0,0.0,1
cea-13,joint,shuffle,1,10,10,1,1,1.0,0.0,0.0,1
cea-13,joint,ambiguous,0,14,13,1,1,0.9275075496933572,0.07249245030664275,0.07249245030664275,1
cea-13,joint,ambiguous,0,14,12,1,1,0.8569776399099912,0.1430223600900088,0.1430223600900088,1
cea-13,joint,ambiguous,0,8,7,2,2,0.7618863566539861,0.23811364334601393,0.127887179598135,1
cea-13,joint,ambiguous,0,10,10,1,1,1.0,0.0,0.0,1
cea-13,joint,ambiguous,0,14,14,1,1,1.0,0.0,0.0,1
cea-13,joint,ambiguous,0,14,12,1,1,0.8569773744132493,0.14302262558675072,0.14302262558675072,1
cea-13,joint,ambiguous,0,6,6,1,1,1.0,0.0,0.0,1
cea-13,joint,ambiguous,0,12,12,1,1,1.0,0.0,0.0,1
cea-13,joint,ambiguous,0,16,15,1,1,0.9369910379589427,0.06300896204105733,0.06300896204105733,1
cea-13,joint,ambiguous,0,14,14,1,1,1.0,0.0,0.0,1
cea-13,joint,ambiguous,0,10,10,1,1,1.0,0.0,0.0,1
cea-13,joint,ambiguous,1,14,13,1,1,0.9275075496933572,0.07249245030664275,0.07249245030664275,1
cea-13,joint,ambiguous,1,14,12,1,1,0.8569776399099912,0.1430223600900088,0.1430223600900088,1
cea-13,joint,ambiguous,1,8,7,2,2,0.7618863566539861,0.23811364334601393,0.127887179598135,1
cea-13,joint,ambiguous,1,10,10,1,1,1.0,0.0,0.0,1
cea-13,joint,ambiguous,1,14,14,1,1,1.0,0.0,0.0,1
cea-13,joint,ambiguous,1,14,12,1,1,0.8569773744132493,0.14302262558675072,0.14302262558675072,1
cea-13,joint,ambiguous,1,6,6,1,1,1.0,0.0,0.0,1
cea-13,joint,ambiguous,1,12,12,1,1,1.0,0.0,0.0,1
cea-13,joint,ambiguous,1,16,15,1,1,0.9369910379589427,0.06300896204105733,0.06300896204105733,1
cea-13,joint,ambiguous,1,14,14,1,1,1.0,0.0,0.0,1
cea-13,joint,ambiguous,1,10,10,1,1,1.0,0.0,0.0,1
cea-14,detached,intact,0,12,12,1,1,1.0,0.0,0.0,1
cea-14,detached,intact,0,14,14,1,1,1.0,0.0,0.0,1
cea-14,detached,intact,0,10,10,1,1,1.0,0.0,0.0,1
cea-14,detached,intact,0,8,8,1,1,1.0,0.0,0.0,1
cea-14,detached,intact,0,14,14,1,1,1.0,0.0,0.0,1
cea-14,detached,intact,0,10,10,1,1,1.0,0.0,0.0,1
cea-14,detached,intact,0,12,12,1,1,1.0,0.0,0.0,1
cea-14,detached,intact,0,10,10,1,1,1.0,0.0,0.0,1
cea-14,detached,intact,0,12,12,1,1,1.0,0.0,0.0,1
cea-14,detached,intact,0,12,12,1,1,1.0,0.0,0.0,1
cea-14,detached,intact,0,10,10,1,1,1.0,0.0,0.0,1
cea-14,detached,intact,1,12,12,1,1,1.0,0.0,0.0,1
cea-14,detached,intact,1,14,14,1,1,1.0,0.0,0.0,1
cea-14,detached,intact,1,10,10,1,1,1.0,0.0,0.0,1
cea-14,detached,intact,1,10,10,1,1,1.0,0.0,0.0,1
cea-14,detached,intact,1,14,14,1,1,1.0,0.0,0.0,1
cea-14,detached,intact,1,10,10,1,1,1.0,0.0,0.0,1
cea-14,detached,intact,1,12,12,1,1,1.0,0.0,0.0,1
cea-14,detached,intact,1,10,10,1,1,1.0,0.0,0.0,1
cea-14,detached,intact,1,12,12,1,1,1.0,0.0,0.0,1
cea-14,detached,intact,1,12,12,1,1,1.0,0.0,0.0,1
cea-14,detached,intact,1,10,10,1,1,1.0,0.0,0.0,1
cea-14,legato,intact,0,12,12,1,1,1.0,0.0,0.0,1
cea-14,legato,intact,0,14,14,1,1,1.0,0.0,0.0,1
cea-14,legato,intact,0,10,10,1,1,1.0,0.0,0.0,1
cea-14,legato,intact,0,10,10,1,1,1.0,0.0,0.0,1
cea-14,legato,intact,0,14,14,1,1,1.0,0.0,0.0,1
cea-14,legato,intact,0,10,10,1,1,1.0,0.0,0.0,1
cea-14,legato,intact,0,12,12,1,1,1.0,0.0,0.0,1
cea-14,legato,intact,0,10,10,1,1,1.0,0.0,0.0,1
cea-14,legato,intact,0,12,12,1,1,1.0,0.0,0.0,1
cea-14,legato,intact,0,16,14,1,1,0.8749468684767352,0.1250531315232648,0.1250531315232648,1
cea-14,legato,intact,0,10,10,1,1,1.0,0.0,0.0,1
cea-14,legato,intact,1,12,12,1,1,1.0,0.0,0.0,1
cea-14,legato,intact,1,14,14,1,1,1.0,0.0,0.0,1
cea-14,legato,intact,1,10,10,1,1,1.0,0.0,0.0,1
cea-14,legato,intact,1,10,10,1,1,1.0,0.0,0.0,1
cea-14,legato,intact,1,14,14,1,1,1.0,0.0,0.0,1
cea-14,legato,intact,1,10,10,1,1,1.0,0.0,0.0,1
cea-14,legato,intact,1,12,12,1,1,1.0,0.0,0.0,1
cea-14,legato,intact,1,10,10,1,1,1.0,0.0,0.0,1
cea-14,legato,intact,1,12,12,1,1,1.0,0.0,0.0,1
cea-14,legato,intact,1,16,14,1,1,0.8749468684767352,0.1250531315232648,0.1250531315232648,1
cea-14,legato,intact,1,10,10,1,1,1.0,0.0,0.0,1
cea-14,duration,intact,0,14,14,1,1,1.0,0.0,0.0,1
cea-14,duration,intact,0,16,14,1,1,0.8749471026436948,0.1250528973563052,0.1250528973563052,1
cea-14,duration,intact,0,8,8,1,1,1.0,0.0,0.0,1
cea-14,duration,intact,0,10,10,1,1,1.0,0.0,0.0,1
cea-14,duration,intact,0,16,15,2,2,0.8822393217746682,0.11776067822533176,0.06317721176733826,1
cea-14,duration,intact,0,12,12,1,1,1.0,0.0,0.0,1
cea-14,duration,intact,0,8,8,1,1,1.0,0.0,0.0,1
cea-14,duration,intact,0,14,14,1,1,1.0,0.0,0.0,1
cea-14,duration,intact,0,14,14,1,1,1.0,0.0,0.0,1
cea-14,duration,intact,0,18,16,1,1,0.8888412743505685,0.11115872564943152,0.11115872564943152,1
cea-14,duration,intact,0,8,8,1,1,1.0,0.0,0.0,1
cea-14,duration,intact,1,14,14,1,1,1.0,0.0,0.0,1
cea-14,duration,intact,1,16,14,1,1,0.8749471026436948,0.1250528973563052,0.1250528973563052,1
cea-14,duration,intact,1,6,6,1,1,1.0,0.0,0.0,1
cea-14,duration,intact,1,14,14,1,1,1.0,0.0,0.0,1
cea-14,duration,intact,1,16,15,2,2,0.8822393217746682,0.11776067822533176,0.06317721176733826,1
cea-14,duration,intact,1,12,12,1,1,1.0,0.0,0.0,1
cea-14,duration,intact,1,10,10,1,1,1.0,0.0,0.0,1
cea-14,duration,intact,1,10,10,1,1,1.0,0.0,0.0,1
cea-14,duration,intact,1,14,14,1,1,1.0,0.0,0.0,1
cea-14,duration,intact,1,18,16,1,1,0.8888412743505685,0.11115872564943152,0.11115872564943152,1
cea-14,duration,intact,1,8,8,1,1,1.0,0.0,0.0,1
cea-14,joint,intact,0,14,14,1,1,1.0,0.0,0.0,1
cea-14,joint,intact,0,16,14,1,1,0.8749471026436948,0.1250528973563052,0.1250528973563052,1
cea-14,joint,intact,0,8,8,1,1,1.0,0.0,0.0,1
cea-14,joint,intact,0,10,10,1,1,1.0,0.0,0.0,1
cea-14,joint,intact,0,16,15,2,2,0.8822393217746682,0.11776067822533176,0.06317721176733826,1
cea-14,joint,intact,0,12,12,1,1,1.0,0.0,0.0,1
cea-14,joint,intact,0,8,8,1,1,1.0,0.0,0.0,1
cea-14,joint,intact,0,14,14,1,1,1.0,0.0,0.0,1
cea-14,joint,intact,0,16,16,1,1,1.0,0.0,0.0,1
cea-14,joint,intact,0,14,14,1,1,1.0,0.0,0.0,1
cea-14,joint,intact,0,8,8,1,1,1.0,0.0,0.0,1
cea-14,joint,intact,1,14,14,1,1,1.0,0.0,0.0,1
cea-14,joint,intact,1,16,14,1,1,0.8749471026436948,0.1250528973563052,0.1250528973563052,1
cea-14,joint,intact,1,6,6,1,1,1.0,0.0,0.0,1
cea-14,joint,intact,1,14,14,1,1,1.0,0.0,0.0,1
cea-14,joint,intact,1,16,15,2,2,0.8822393217746682,0.11776067822533176,0.06317721176733826,1
cea-14,joint,intact,1,12,12,1,1,1.0,0.0,0.0,1
cea-14,joint,intact,1,10,10,1,1,1.0,0.0,0.0,1
cea-14,joint,intact,1,10,10,1,1,1.0,0.0,0.0,1
cea-14,joint,intact,1,16,16,1,1,1.0,0.0,0.0,1
cea-14,joint,intact,1,14,14,1,1,1.0,0.0,0.0,1
cea-14,joint,intact,1,8,8,1,1,1.0,0.0,0.0,1
cea-14,joint,reset,0,16,16,1,1,1.0,0.0,0.0,1
cea-14,joint,reset,0,14,14,1,1,1.0,0.0,0.0,1
cea-14,joint,reset,0,8,8,1,1,1.0,0.0,0.0,1
cea-14,joint,reset,1,16,16,1,1,1.0,0.0,0.0,1
cea-14,joint,reset,1,14,14,1,1,1.0,0.0,0.0,1
cea-14,joint,reset,1,8,8,1,1,1.0,0.0,0.0,1
cea-14,joint,removal,0,14,14,1,1,1.0,0.0,0.0,1
cea-14,joint,removal,0,16,14,1,1,0.8749471026436948,0.1250528973563052,0.1250528973563052,1
cea-14,joint,removal,0,6,6,1,1,1.0,0.0,0.0,1
cea-14,joint,removal,0,16,15,2,2,0.8822393217746682,0.11776067822533176,0.06317721176733826,1
cea-14,joint,removal,0,12,12,1,1,1.0,0.0,0.0,1
cea-14,joint,removal,0,8,8,1,1,1.0,0.0,0.0,1
cea-14,joint,removal,0,16,16,1,1,1.0,0.0,0.0,1
cea-14,joint,removal,0,14,14,1,1,1.0,0.0,0.0,1
cea-14,joint,removal,0,8,8,1,1,1.0,0.0,0.0,1
cea-14,joint,removal,1,14,14,1,1,1.0,0.0,0.0,1
cea-14,joint,removal,1,16,14,1,1,0.8749471026436948,0.1250528973563052,0.1250528973563052,1
cea-14,joint,removal,1,6,6,1,1,1.0,0.0,0.0,1
cea-14,joint,removal,1,16,15,2,2,0.8822393217746682,0.11776067822533176,0.06317721176733826,1
cea-14,joint,removal,1,12,12,1,1,1.0,0.0,0.0,1
cea-14,joint,removal,1,8,8,1,1,1.0,0.0,0.0,1
cea-14,joint,removal,1,16,16,1,1,1.0,0.0,0.0,1
cea-14,joint,removal,1,14,14,1,1,1.0,0.0,0.0,1
cea-14,joint,removal,1,8,8,1,1,1.0,0.0,0.0,1
cea-14,joint,swap,0,14,14,1,1,1.0,0.0,0.0,1
cea-14,joint,swap,0,16,14,1,1,0.8749471026436948,0.1250528973563052,0.1250528973563052,1
cea-14,joint,swap,0,6,6,1,1,1.0,0.0,0.0,1
cea-14,joint,swap,0,14,14,1,1,1.0,0.0,0.0,1
cea-14,joint,swap,0,16,15,2,2,0.8822393217746682,0.11776067822533176,0.06317721176733826,1
cea-14,joint,swap,0,12,12,1,1,1.0,0.0,0.0,1
cea-14,joint,swap,0,10,10,1,1,1.0,0.0,0.0,1
cea-14,joint,swap,0,10,10,1,1,1.0,0.0,0.0,1
cea-14,joint,swap,0,16,16,1,1,1.0,0.0,0.0,1
cea-14,joint,swap,0,14,14,1,1,1.0,0.0,0.0,1
cea-14,joint,swap,0,8,8,1,1,1.0,0.0,0.0,1
cea-14,joint,swap,1,14,14,1,1,1.0,0.0,0.0,1
cea-14,joint,swap,1,16,14,1,1,0.8749471026436948,0.1250528973563052,0.1250528973563052,1
cea-14,joint,swap,1,8,8,1,1,1.0,0.0,0.0,1
cea-14,joint,swap,1,10,10,1,1,1.0,0.0,0.0,1
cea-14,joint,swap,1,16,15,2,2,0.8822393217746682,0.11776067822533176,0.06317721176733826,1
cea-14,joint,swap,1,12,12,1,1,1.0,0.0,0.0,1
cea-14,joint,swap,1,8,8,1,1,1.0,0.0,0.0,1
cea-14,joint,swap,1,14,14,1,1,1.0,0.0,0.0,1
cea-14,joint,swap,1,16,16,1,1,1.0,0.0,0.0,1
cea-14,joint,swap,1,14,14,1,1,1.0,0.0,0.0,1
cea-14,joint,swap,1,8,8,1,1,1.0,0.0,0.0,1
cea-14,joint,shuffle,0,16,16,2,2,0.9435610477826578,0.056438952217342186,0.0,1
cea-14,joint,shuffle,0,12,12,1,1,1.0,0.0,0.0,1
cea-14,joint,shuffle,0,8,8,1,1,1.0,0.0,0.0,1
cea-14,joint,shuffle,0,14,14,1,1,1.0,0.0,0.0,1
cea-14,joint,shuffle,0,14,14,1,1,1.0,0.0,0.0,1
cea-14,joint,shuffle,0,16,14,1,1,0.8744870102960873,0.12551298970391267,0.12551298970391267,1
cea-14,joint,shuffle,0,8,8,1,1,1.0,0.0,0.0,1
cea-14,joint,shuffle,0,10,10,1,1,1.0,0.0,0.0,1
cea-14,joint,shuffle,0,16,16,1,1,1.0,0.0,0.0,1
cea-14,joint,shuffle,0,14,14,1,1,1.0,0.0,0.0,1
cea-14,joint,shuffle,0,8,8,1,1,1.0,0.0,0.0,1
cea-14,joint,shuffle,1,16,16,2,2,0.9435610477826578,0.056438952217342186,0.0,1
cea-14,joint,shuffle,1,12,12,1,1,1.0,0.0,0.0,1
cea-14,joint,shuffle,1,10,10,1,1,1.0,0.0,0.0,1
cea-14,joint,shuffle,1,10,10,1,1,1.0,0.0,0.0,1
cea-14,joint,shuffle,1,14,14,1,1,1.0,0.0,0.0,1
cea-14,joint,shuffle,1,16,14,1,1,0.8744870102960873,0.12551298970391267,0.12551298970391267,1
cea-14,joint,shuffle,1,6,6,1,1,1.0,0.0,0.0,1
cea-14,joint,shuffle,1,14,14,1,1,1.0,0.0,0.0,1
cea-14,joint,shuffle,1,16,16,1,1,1.0,0.0,0.0,1
cea-14,joint,shuffle,1,14,14,1,1,1.0,0.0,0.0,1
cea-14,joint,shuffle,1,8,8,1,1,1.0,0.0,0.0,1
cea-14,joint,ambiguous,0,14,14,1,1,1.0,0.0,0.0,1
cea-14,joint,ambiguous,0,16,14,1,1,0.8749471026436948,0.1250528973563052,0.1250528973563052,1
cea-14,joint,ambiguous,0,8,8,1,1,1.0,0.0,0.0,1
cea-14,joint,ambiguous,0,10,10,1,1,1.0,0.0,0.0,1
cea-14,joint,ambiguous,0,14,14,1,1,1.0,0.0,0.0,1
cea-14,joint,ambiguous,0,16,14,1,1,0.8744870102960873,0.12551298970391267,0.12551298970391267,1
cea-14,joint,ambiguous,0,6,6,1,1,1.0,0.0,0.0,1
cea-14,joint,ambiguous,0,14,14,1,1,1.0,0.0,0.0,1
cea-14,joint,ambiguous,0,16,16,1,1,1.0,0.0,0.0,1
cea-14,joint,ambiguous,0,14,14,1,1,1.0,0.0,0.0,1
cea-14,joint,ambiguous,0,8,8,1,1,1.0,0.0,0.0,1
cea-14,joint,ambiguous,1,14,14,1,1,1.0,0.0,0.0,1
cea-14,joint,ambiguous,1,16,14,1,1,0.8749471026436948,0.1250528973563052,0.1250528973563052,1
cea-14,joint,ambiguous,1,8,8,1,1,1.0,0.0,0.0,1
cea-14,joint,ambiguous,1,10,10,1,1,1.0,0.0,0.0,1
cea-14,joint,ambiguous,1,14,14,1,1,1.0,0.0,0.0,1
cea-14,joint,ambiguous,1,16,14,1,1,0.8744870102960873,0.12551298970391267,0.12551298970391267,1
cea-14,joint,ambiguous,1,6,6,1,1,1.0,0.0,0.0,1
cea-14,joint,ambiguous,1,14,14,1,1,1.0,0.0,0.0,1
cea-14,joint,ambiguous,1,16,16,1,1,1.0,0.0,0.0,1
cea-14,joint,ambiguous,1,14,14,1,1,1.0,0.0,0.0,1
cea-14,joint,ambiguous,1,8,8,1,1,1.0,0.0,0.0,1
cea-15,detached,intact,0,14,14,1,1,1.0,0.0,0.0,1
cea-15,detached,intact,0,36,36,2,3,0.5023248615544361,0.4976751384455639,0.08012969040297535,1
cea-15,detached,intact,0,12,12,1,1,1.0,0.0,0.0,1
cea-15,detached,intact,0,12,12,1,1,1.0,0.0,0.0,1
cea-15,detached,intact,0,14,14,1,1,1.0,0.0,0.0,1
cea-15,detached,intact,0,10,10,1,1,1.0,0.0,0.0,1
cea-15,detached,intact,0,10,10,1,1,1.0,0.0,0.0,1
cea-15,detached,intact,0,12,12,1,1,1.0,0.0,0.0,1
cea-15,detached,intact,0,14,14,1,1,1.0,0.0,0.0,1
cea-15,detached,intact,0,10,10,1,1,1.0,0.0,0.0,1
cea-15,detached,intact,1,14,14,1,1,1.0,0.0,0.0,1
cea-15,detached,intact,1,36,36,2,3,0.5023248615544361,0.4976751384455639,0.08012969040297535,1
cea-15,detached,intact,1,10,10,1,1,1.0,0.0,0.0,1
cea-15,detached,intact,1,12,12,1,1,1.0,0.0,0.0,1
cea-15,detached,intact,1,14,14,1,1,1.0,0.0,0.0,1
cea-15,detached,intact,1,10,10,1,1,1.0,0.0,0.0,1
cea-15,detached,intact,1,12,12,1,1,1.0,0.0,0.0,1
cea-15,detached,intact,1,12,12,1,1,1.0,0.0,0.0,1
cea-15,detached,intact,1,14,14,1,1,1.0,0.0,0.0,1
cea-15,detached,intact,1,10,10,1,1,1.0,0.0,0.0,1
cea-15,legato,intact,0,16,15,2,2,0.8814318188400986,0.11856818115990142,0.0631182354962927,1
cea-15,legato,intact,0,34,34,2,3,0.561218424808887,0.43878157519111305,0.08435724321432958,1
cea-15,legato,intact,0,14,14,1,1,1.0,0.0,0.0,1
cea-15,legato,intact,0,12,12,1,1,1.0,0.0,0.0,1
cea-15,legato,intact,0,14,14,1,1,1.0,0.0,0.0,1
cea-15,legato,intact,0,10,10,1,1,1.0,0.0,0.0,1
cea-15,legato,intact,0,12,12,1,1,1.0,0.0,0.0,1
cea-15,legato,intact,0,12,12,1,1,1.0,0.0,0.0,1
cea-15,legato,intact,0,14,14,1,1,1.0,0.0,0.0,1
cea-15,legato,intact,0,12,12,1,1,1.0,0.0,0.0,1
cea-15,legato,intact,1,16,15,2,2,0.8814318188400986,0.11856818115990142,0.0631182354962927,1
cea-15,legato,intact,1,34,34,2,3,0.561218424808887,0.43878157519111305,0.08435724321432958,1
cea-15,legato,intact,1,12,12,1,1,1.0,0.0,0.0,1
cea-15,legato,intact,1,12,12,1,1,1.0,0.0,0.0,1
cea-15,legato,intact,1,14,14,1,1,1.0,0.0,0.0,1
cea-15,legato,intact,1,10,10,1,1,1.0,0.0,0.0,1
cea-15,legato,intact,1,14,14,1,1,1.0,0.0,0.0,1
cea-15,legato,intact,1,12,12,1,1,1.0,0.0,0.0,1
cea-15,legato,intact,1,14,14,1,1,1.0,0.0,0.0,1
cea-15,legato,intact,1,12,12,1,1,1.0,0.0,0.0,1
cea-15,duration,intact,0,16,15,2,2,0.8800825394711604,0.11991746052883956,0.06302157214144155,1
cea-15,duration,intact,0,34,34,2,3,0.50165411988231,0.49834588011769,0.08374141985650518,1
cea-15,duration,intact,0,14,14,1,1,1.0,0.0,0.0,1
cea-15,duration,intact,0,12,12,1,1,1.0,0.0,0.0,1
cea-15,duration,intact,0,16,16,1,1,1.0,0.0,0.0,1
cea-15,duration,intact,0,8,8,1,1,1.0,0.0,0.0,1
cea-15,duration,intact,0,12,12,1,1,1.0,0.0,0.0,1
cea-15,duration,intact,0,14,14,1,1,1.0,0.0,0.0,1
cea-15,duration,intact,0,18,18,1,1,1.0,0.0,0.0,1
cea-15,duration,intact,0,10,10,1,1,1.0,0.0,0.0,1
cea-15,duration,intact,1,16,15,2,2,0.8800825394711604,0.11991746052883956,0.06302157214144155,1
cea-15,duration,intact,1,34,34,2,3,0.50165411988231,0.49834588011769,0.08374141985650518,1
cea-15,duration,intact,1,12,12,1,1,1.0,0.0,0.0,1
cea-15,duration,intact,1,12,12,1,1,1.0,0.0,0.0,1
cea-15,duration,intact,1,16,16,1,1,1.0,0.0,0.0,1
cea-15,duration,intact,1,8,8,1,1,1.0,0.0,0.0,1
cea-15,duration,intact,1,14,14,1,1,1.0,0.0,0.0,1
cea-15,duration,intact,1,14,14,1,1,1.0,0.0,0.0,1
cea-15,duration,intact,1,18,18,1,1,1.0,0.0,0.0,1
cea-15,duration,intact,1,10,10,1,1,1.0,0.0,0.0,1
cea-15,joint,intact,0,16,16,1,1,1.0,0.0,0.0,1
cea-15,joint,intact,0,36,35,2,4,0.4237363760231804,0.5762636239768195,0.15333976547342487,0
cea-15,joint,intact,0,12,12,1,1,1.0,0.0,0.0,1
cea-15,joint,intact,0,16,16,2,2,0.9437822604756735,0.056217739524326515,1.1102230246251565e-16,1
cea-15,joint,intact,0,12,12,1,1,1.0,0.0,0.0,1
cea-15,joint,intact,0,8,8,1,1,1.0,0.0,0.0,1
cea-15,joint,intact,0,12,12,1,1,1.0,0.0,0.0,1
cea-15,joint,intact,0,14,14,1,1,1.0,0.0,0.0,1
cea-15,joint,intact,0,18,18,1,1,1.0,0.0,0.0,1
cea-15,joint,intact,0,10,10,1,1,1.0,0.0,0.0,1
cea-15,joint,intact,1,16,16,1,1,1.0,0.0,0.0,1
cea-15,joint,intact,1,34,34,2,3,0.44807545605651294,0.551924543943487,0.10470827576611896,0
cea-15,joint,intact,1,12,12,1,1,1.0,0.0,0.0,1
cea-15,joint,intact,1,16,16,2,2,0.9437822604756735,0.056217739524326515,1.1102230246251565e-16,1
cea-15,joint,intact,1,12,12,1,1,1.0,0.0,0.0,1
cea-15,joint,intact,1,10,9,2,2,0.808517960762133,0.191482039237867,0.10178363693427117,1
cea-15,joint,intact,1,12,12,1,1,1.0,0.0,0.0,1
cea-15,joint,intact,1,14,14,1,1,1.0,0.0,0.0,1
cea-15,joint,intact,1,18,18,1,1,1.0,0.0,0.0,1
cea-15,joint,intact,1,10,10,1,1,1.0,0.0,0.0,1
cea-15,joint,reset,0,14,14,1,1,1.0,0.0,0.0,1
cea-15,joint,reset,0,18,18,1,1,1.0,0.0,0.0,1
cea-15,joint,reset,0,10,10,1,1,1.0,0.0,0.0,1
cea-15,joint,reset,1,14,14,1,1,1.0,0.0,0.0,1
cea-15,joint,reset,1,18,18,1,1,1.0,0.0,0.0,1
cea-15,joint,reset,1,10,10,1,1,1.0,0.0,0.0,1
cea-15,joint,removal,0,16,16,1,1,1.0,0.0,0.0,1
cea-15,joint,removal,0,36,36,2,3,0.47914220327742946,0.5208577967225705,0.09881445283169787,0
cea-15,joint,removal,0,16,16,2,2,0.9437822604756735,0.056217739524326515,1.1102230246251565e-16,1
cea-15,joint,removal,0,12,12,1,1,1.0,0.0,0.0,1
cea-15,joint,removal,0,10,10,1,1,1.0,0.0,0.0,1
cea-15,joint,removal,0,14,14,1,1,1.0,0.0,0.0,1
cea-15,joint,removal,0,18,18,1,1,1.0,0.0,0.0,1
cea-15,joint,removal,0,10,10,1,1,1.0,0.0,0.0,1
cea-15,joint,removal,1,16,16,1,1,1.0,0.0,0.0,1
cea-15,joint,removal,1,36,36,2,3,0.47914220327742946,0.5208577967225705,0.09881445283169787,0
cea-15,joint,removal,1,16,16,2,2,0.9437822604756735,0.056217739524326515,1.1102230246251565e-16,1
cea-15,joint,removal,1,12,12,1,1,1.0,0.0,0.0,1
cea-15,joint,removal,1,10,10,1,1,1.0,0.0,0.0,1
cea-15,joint,removal,1,14,14,1,1,1.0,0.0,0.0,1
cea-15,joint,removal,1,18,18,1,1,1.0,0.0,0.0,1
cea-15,joint,removal,1,10,10,1,1,1.0,0.0,0.0,1
cea-15,joint,swap,0,16,16,1,1,1.0,0.0,0.0,1
cea-15,joint,swap,0,34,34,2,3,0.44807545605651294,0.551924543943487,0.10470827576611896,0
cea-15,joint,swap,0,12,12,1,1,1.0,0.0,0.0,1
cea-15,joint,swap,0,16,16,2,2,0.9437822604756735,0.056217739524326515,1.1102230246251565e-16,1
cea-15,joint,swap,0,12,12,1,1,1.0,0.0,0.0,1
cea-15,joint,swap,0,10,9,2,2,0.808517960762133,0.191482039237867,0.10178363693427117,1
cea-15,joint,swap,0,12,12,1,1,1.0,0.0,0.0,1
cea-15,joint,swap,0,14,14,1,1,1.0,0.0,0.0,1
cea-15,joint,swap,0,18,18,1,1,1.0,0.0,0.0,1
cea-15,joint,swap,0,10,10,1,1,1.0,0.0,0.0,1
cea-15,joint,swap,1,16,16,1,1,1.0,0.0,0.0,1
cea-15,joint,swap,1,36,35,2,4,0.4237363760231804,0.5762636239768195,0.15333976547342487,0
cea-15,joint,swap,1,12,12,1,1,1.0,0.0,0.0,1
cea-15,joint,swap,1,16,16,2,2,0.9437822604756735,0.056217739524326515,1.1102230246251565e-16,1
cea-15,joint,swap,1,12,12,1,1,1.0,0.0,0.0,1
cea-15,joint,swap,1,8,8,1,1,1.0,0.0,0.0,1
cea-15,joint,swap,1,12,12,1,1,1.0,0.0,0.0,1
cea-15,joint,swap,1,14,14,1,1,1.0,0.0,0.0,1
cea-15,joint,swap,1,18,18,1,1,1.0,0.0,0.0,1
cea-15,joint,swap,1,10,10,1,1,1.0,0.0,0.0,1
cea-15,joint,shuffle,0,16,16,2,2,0.9452002401963223,0.05479975980367768,0.0,1
cea-15,joint,shuffle,0,12,12,1,1,1.0,0.0,0.0,1
cea-15,joint,shuffle,0,8,8,1,1,1.0,0.0,0.0,1
cea-15,joint,shuffle,0,12,12,1,1,1.0,0.0,0.0,1
cea-15,joint,shuffle,0,16,16,1,1,1.0,0.0,0.0,1
cea-15,joint,shuffle,0,36,35,2,4,0.4238474052030606,0.5761525947969395,0.1533651093702071,0
cea-15,joint,shuffle,0,12,12,1,1,1.0,0.0,0.0,1
cea-15,joint,shuffle,0,14,14,1,1,1.0,0.0,0.0,1
cea-15,joint,shuffle,0,18,18,1,1,1.0,0.0,0.0,1
cea-15,joint,shuffle,0,10,10,1,1,1.0,0.0,0.0,1
cea-15,joint,shuffle,1,16,16,2,2,0.9452002401963223,0.05479975980367768,0.0,1
cea-15,joint,shuffle,1,12,12,1,1,1.0,0.0,0.0,1
cea-15,joint,shuffle,1,10,9,2,2,0.8085305051516143,0.1914694948483857,0.10178424337333358,1
cea-15,joint,shuffle,1,12,12,1,1,1.0,0.0,0.0,1
cea-15,joint,shuffle,1,16,16,1,1,1.0,0.0,0.0,1
cea-15,joint,shuffle,1,34,34,2,3,0.4481979620775417,0.5518020379224583,0.1047248893213808,0
cea-15,joint,shuffle,1,12,12,1,1,1.0,0.0,0.0,1
cea-15,joint,shuffle,1,14,14,1,1,1.0,0.0,0.0,1
cea-15,joint,shuffle,1,18,18,1,1,1.0,0.0,0.0,1
cea-15,joint,shuffle,1,10,10,1,1,1.0,0.0,0.0,1
cea-15,joint,ambiguous,0,16,16,2,2,0.9452002401963223,0.05479975980367768,0.0,1
cea-15,joint,ambiguous,0,12,12,1,1,1.0,0.0,0.0,1
cea-15,joint,ambiguous,0,10,9,2,2,0.8085305051516143,0.1914694948483857,0.10178424337333358,1
cea-15,joint,ambiguous,0,12,12,1,1,1.0,0.0,0.0,1
cea-15,joint,ambiguous,0,16,16,2,2,0.9437822604756735,0.056217739524326515,1.1102230246251565e-16,1
cea-15,joint,ambiguous,0,12,12,1,1,1.0,0.0,0.0,1
cea-15,joint,ambiguous,0,8,8,1,1,1.0,0.0,0.0,1
cea-15,joint,ambiguous,0,12,12,1,1,1.0,0.0,0.0,1
cea-15,joint,ambiguous,0,14,14,1,1,1.0,0.0,0.0,1
cea-15,joint,ambiguous,0,18,18,1,1,1.0,0.0,0.0,1
cea-15,joint,ambiguous,0,10,10,1,1,1.0,0.0,0.0,1
cea-15,joint,ambiguous,1,16,16,2,2,0.9452002401963223,0.05479975980367768,0.0,1
cea-15,joint,ambiguous,1,12,12,1,1,1.0,0.0,0.0,1
cea-15,joint,ambiguous,1,10,9,2,2,0.8085305051516143,0.1914694948483857,0.10178424337333358,1
cea-15,joint,ambiguous,1,12,12,1,1,1.0,0.0,0.0,1
cea-15,joint,ambiguous,1,16,16,2,2,0.9437822604756735,0.056217739524326515,1.1102230246251565e-16,1
cea-15,joint,ambiguous,1,12,12,1,1,1.0,0.0,0.0,1
cea-15,joint,ambiguous,1,8,8,1,1,1.0,0.0,0.0,1
cea-15,joint,ambiguous,1,12,12,1,1,1.0,0.0,0.0,1
cea-15,joint,ambiguous,1,14,14,1,1,1.0,0.0,0.0,1
cea-15,joint,ambiguous,1,18,18,1,1,1.0,0.0,0.0,1
cea-15,joint,ambiguous,1,10,10,1,1,1.0,0.0,0.0,1
