kind,model,cell,condition,accuracy,accuracy_lower95,accuracy_upper95,paired_success,paired_success_lower95,paired_success_upper95,log_loss,log_loss_lower95,log_loss_upper95,brier,brier_lower95,brier_upper95
acoustic,candidate,duration,intact,1.0,1.0,1.0,1.0,1.0,1.0,0.0009804805139615315,0.0009804805139615315,0.0009804805139615315,9.800000000392828e-07,9.800000000392828e-07,9.800000000392828e-07
acoustic,candidate,joint,ambiguous,0.25,0.0625,0.4375,0.0,0.0,0.0,5.756942963032676,1.9598164719994715,9.554069454065882,0.9995004800000004,0.62487548,1.3741254800000007
acoustic,candidate,joint,intact,0.5,0.125,0.875,0.5,0.125,0.875,5.410379382462122,1.3533302060010017,9.467428558923242,0.9990009800000005,0.24975098000000018,1.7482509800000008
acoustic,candidate,joint,removal,0.0625,0.0,0.1875,0.0,0.0,0.0,6.34867715741578,3.0206895452019347,9.676664769629626,1.015437651875001,0.8905626518750009,1.124703276875001
acoustic,candidate,joint,reset,0.0625,0.0,0.1875,0.0,0.0,0.0,6.34867715741578,3.0206895452019347,9.676664769629626,1.015437651875001,0.8905626518750009,1.124703276875001
acoustic,candidate,joint,shuffle,0.5,0.125,0.875,0.5,0.125,0.875,5.410379382462122,1.3533302060010017,9.467428558923242,0.9990009800000005,0.24975098000000018,1.7482509800000008
acoustic,candidate,joint,swap,0.5,0.125,0.875,0.5,0.125,0.875,5.410379382462122,1.3533302060010017,9.467428558923242,0.9990009800000005,0.24975098000000018,1.7482509800000008
acoustic,candidate,matched,intact,1.0,1.0,1.0,1.0,1.0,1.0,0.0009804805139615315,0.0009804805139615315,0.0009804805139615315,9.800000000392828e-07,9.800000000392828e-07,9.800000000392828e-07
acoustic,candidate,timbre,intact,0.5,0.125,0.875,0.5,0.125,0.875,5.410379382462122,1.3533302060010017,9.467428558923242,0.9990009800000005,0.24975098000000018,1.7482509800000008
acoustic,present,duration,intact,0.125,0.0,0.3125,0.0,0.0,0.0,1.8268995643572148,1.7255466322290893,1.978928962549403,0.843734526875001,0.8125157768750009,0.8905626518750008
acoustic,present,joint,ambiguous,0.0625,0.0,0.1875,0.0,0.0,0.0,6.34867715741578,3.0206895452019347,9.676664769629626,1.0154376518750001,0.8905626518749998,1.1247032768750005
acoustic,present,joint,intact,0.0625,0.0,0.1875,0.0,0.0,0.0,6.34867715741578,3.0206895452019347,9.676664769629626,1.015437651875001,0.8905626518750009,1.124703276875001
acoustic,present,joint,removal,0.0625,0.0,0.1875,0.0,0.0,0.0,6.34867715741578,3.0206895452019347,9.676664769629626,1.015437651875001,0.8905626518750009,1.124703276875001
acoustic,present,joint,reset,0.0625,0.0,0.1875,0.0,0.0,0.0,6.34867715741578,3.0206895452019347,9.676664769629626,1.015437651875001,0.8905626518750009,1.124703276875001
acoustic,present,joint,shuffle,0.0625,0.0,0.1875,0.0,0.0,0.0,6.34867715741578,3.0206895452019347,9.676664769629626,1.015437651875001,0.8905626518750009,1.124703276875001
acoustic,present,joint,swap,0.0625,0.0,0.1875,0.0,0.0,0.0,6.34867715741578,3.0206895452019347,9.676664769629626,1.015437651875001,0.8905626518750009,1.124703276875001
acoustic,present,matched,intact,0.125,0.0,0.3125,0.0,0.0,0.0,1.8268995643572148,1.7255466322290893,1.978928962549403,0.843734526875001,0.8125157768750009,0.8905626518750008
acoustic,present,timbre,intact,0.0625,0.0,0.1875,0.0,0.0,0.0,6.34867715741578,3.0206895452019347,9.676664769629626,1.015437651875001,0.8905626518750009,1.124703276875001
acoustic,recency,duration,intact,0.5,0.125,0.875,0.5,0.125,0.875,3.4789982477094417,0.9074304742549205,6.050566021163963,0.9524499999999992,0.23994999999999989,1.6649499999999986
acoustic,recency,joint,ambiguous,0.25,0.0625,0.4375,0.0,0.0,0.0,5.193376763345789,3.907592876618528,6.47916065007305,1.05375859375,0.9777771484374995,1.1297400390625005
acoustic,recency,joint,intact,0.25,0.0,0.625,0.25,0.0,0.625,5.193376763345789,2.621808989891268,6.907755278982137,1.0537585937499987,0.5787585937499992,1.5287585937499983
acoustic,recency,joint,removal,0.0625,0.0,0.1875,0.0,0.0,0.0,4.414382748372297,2.5695207035309986,6.259244793213595,1.0066296874999994,0.8878796875000005,1.1105359374999986
acoustic,recency,joint,reset,0.0625,0.0,0.1875,0.0,0.0,0.0,4.414382748372297,2.5695207035309986,6.259244793213595,1.0066296874999994,0.8878796875000005,1.1105359374999986
acoustic,recency,joint,shuffle,0.25,0.0,0.5,0.25,0.0,0.5,5.193376763345789,3.4789982477094417,6.907755278982137,1.0537585937499987,0.5787585937499992,1.5287585937499983
acoustic,recency,joint,swap,0.25,0.0,0.625,0.25,0.0,0.625,5.193376763345789,2.621808989891268,6.907755278982137,1.0537585937499987,0.5787585937499992,1.5287585937499983
acoustic,recency,matched,intact,0.5,0.125,0.875,0.5,0.125,0.875,3.4789982477094417,0.9074304742549205,6.050566021163963,0.9524499999999992,0.23994999999999989,1.6649499999999986
acoustic,recency,timbre,intact,0.25,0.0,0.625,0.25,0.0,0.625,5.193376763345789,2.621808989891268,6.907755278982137,1.0537585937499987,0.5787585937499992,1.5287585937499983
acoustic,reference,duration,intact,1.0,1.0,1.0,1.0,1.0,1.0,0.0009804805139615315,0.0009804805139615315,0.0009804805139615315,9.800000000392828e-07,9.800000000392828e-07,9.800000000392828e-07
acoustic,reference,joint,ambiguous,0.25,0.0625,0.4375,0.0,0.0,0.0,5.756942963032676,1.9598164719994715,9.554069454065882,0.9995004800000004,0.62487548,1.3741254800000007
acoustic,reference,joint,intact,0.5,0.125,0.875,0.5,0.125,0.875,5.410379382462122,1.3533302060010017,9.467428558923242,0.9990009800000005,0.24975098000000018,1.7482509800000008
acoustic,reference,joint,removal,0.125,0.0,0.25156249999997726,0.0,0.0,0.0,7.267840756603688,3.8532164196254977,10.819778284410283,1.0933440425000007,0.8435940425000008,1.3118752925000008
acoustic,reference,joint,reset,0.125,0.0,0.25156249999997726,0.0,0.0,0.0,7.267840756603688,3.8532164196254977,10.819778284410283,1.0933440425000007,0.8435940425000008,1.3118752925000008
acoustic,reference,joint,shuffle,0.5,0.125,0.875,0.5,0.125,0.875,5.410379382462122,1.3533302060010017,9.467428558923242,0.9990009800000005,0.24975098000000018,1.7482509800000008
acoustic,reference,joint,swap,0.5,0.125,0.875,0.5,0.125,0.875,5.410379382462122,1.3533302060010017,9.467428558923242,0.9990009800000005,0.24975098000000018,1.7482509800000008
acoustic,reference,matched,intact,1.0,1.0,1.0,1.0,1.0,1.0,0.0009804805139615315,0.0009804805139615315,0.0009804805139615315,9.800000000392828e-07,9.800000000392828e-07,9.800000000392828e-07
acoustic,reference,timbre,intact,0.5,0.125,0.875,0.5,0.125,0.875,5.410379382462122,1.3533302060010017,9.467428558923242,0.9990009800000005,0.24975098000000018,1.7482509800000008
acoustic,retrieval_absolute,duration,intact,1.0,1.0,1.0,1.0,1.0,1.0,0.0009804805139615315,0.0009804805139615315,0.0009804805139615315,9.800000000392828e-07,9.800000000392828e-07,9.800000000392828e-07
acoustic,retrieval_absolute,joint,ambiguous,0.25,0.0625,0.4375,0.0,0.0,0.0,5.756942963032676,1.9598164719994715,9.554069454065882,0.8357659409375003,0.5839418452343751,1.0875900366406257
acoustic,retrieval_absolute,joint,intact,0.5,0.125,0.875,0.5,0.125,0.875,5.410379382462122,1.3533302060010017,9.467428558923242,0.5857661909375005,0.14644228273437515,1.0250900991406258
acoustic,retrieval_absolute,joint,removal,0.0625,0.0,0.1875,0.0,0.0,0.0,6.34867715741578,3.0206895452019347,9.676664769629626,1.015437651875001,0.8905626518750009,1.124703276875001
acoustic,retrieval_absolute,joint,reset,0.0625,0.0,0.1875,0.0,0.0,0.0,6.34867715741578,3.0206895452019347,9.676664769629626,1.015437651875001,0.8905626518750009,1.124703276875001
acoustic,retrieval_absolute,joint,shuffle,0.5,0.125,0.875,0.5,0.125,0.875,5.410379382462122,1.3533302060010017,9.467428558923242,0.5857661909375005,0.14644228273437515,1.0250900991406258
acoustic,retrieval_absolute,joint,swap,0.5,0.125,0.875,0.5,0.125,0.875,5.410379382462122,1.3533302060010017,9.467428558923242,0.5857661909375005,0.14644228273437515,1.0250900991406258
acoustic,retrieval_absolute,matched,intact,1.0,1.0,1.0,1.0,1.0,1.0,0.0009804805139615315,0.0009804805139615315,0.0009804805139615315,9.800000000392828e-07,9.800000000392828e-07,9.800000000392828e-07
acoustic,retrieval_absolute,timbre,intact,0.5,0.125,0.875,0.5,0.125,0.875,5.410379382462122,1.3533302060010017,9.467428558923242,0.5857661909375005,0.14644228273437515,1.0250900991406258
acoustic,transition,duration,intact,1.0,1.0,1.0,1.0,1.0,1.0,0.0009804805139615315,0.0009804805139615315,0.0009804805139615315,9.800000000392828e-07,9.800000000392828e-07,9.800000000392828e-07
acoustic,transition,joint,ambiguous,0.25,0.0625,0.4375,0.0,0.0,0.0,5.756942963032676,1.9598164719994715,9.554069454065882,0.8357659409375003,0.5839418452343751,1.0875900366406257
acoustic,transition,joint,intact,0.5,0.125,0.875,0.5,0.125,0.875,5.410379382462122,1.3533302060010017,9.467428558923242,0.5857661909375005,0.14644228273437515,1.0250900991406258
acoustic,transition,joint,removal,0.0625,0.0,0.1875,0.0,0.0,0.0,6.34867715741578,3.0206895452019347,9.676664769629626,1.015437651875001,0.8905626518750009,1.124703276875001
acoustic,transition,joint,reset,0.0625,0.0,0.1875,0.0,0.0,0.0,6.34867715741578,3.0206895452019347,9.676664769629626,1.015437651875001,0.8905626518750009,1.124703276875001
acoustic,transition,joint,shuffle,0.5,0.125,0.875,0.5,0.125,0.875,5.410379382462122,1.3533302060010017,9.467428558923242,0.5857661909375005,0.14644228273437515,1.0250900991406258
acoustic,transition,joint,swap,0.5,0.125,0.875,0.5,0.125,0.875,5.410379382462122,1.3533302060010017,9.467428558923242,0.5857661909375005,0.14644228273437515,1.0250900991406258
acoustic,transition,matched,intact,1.0,1.0,1.0,1.0,1.0,1.0,0.0009804805139615315,0.0009804805139615315,0.0009804805139615315,9.800000000392828e-07,9.800000000392828e-07,9.800000000392828e-07
acoustic,transition,timbre,intact,0.5,0.125,0.875,0.5,0.125,0.875,5.410379382462122,1.3533302060010017,9.467428558923242,0.5857661909375005,0.14644228273437515,1.0250900991406258
oracle,candidate,duration,intact,1.0,1.0,1.0,1.0,1.0,1.0,0.0009804805139615315,0.0009804805139615315,0.0009804805139615315,9.800000000392828e-07,9.800000000392828e-07,9.800000000392828e-07
oracle,candidate,joint,ambiguous,0.5,0.5,0.5,0.0,0.0,0.0,0.69410764165507,0.6941076416550699,0.69410764165507,0.50000048,0.50000048,0.50000048
oracle,candidate,joint,intact,1.0,1.0,1.0,1.0,1.0,1.0,0.0009804805139615315,0.0009804805139615315,0.0009804805139615315,9.800000000392828e-07,9.800000000392828e-07,9.800000000392828e-07
oracle,candidate,joint,removal,0.125,0.0,0.3125,0.0,0.0,0.0,1.8268995643572148,1.7255466322290893,1.978928962549403,0.843734526875001,0.8125157768750009,0.8905626518750008
oracle,candidate,joint,reset,0.125,0.0,0.3125,0.0,0.0,0.0,1.8268995643572148,1.7255466322290893,1.978928962549403,0.843734526875001,0.8125157768750009,0.8905626518750008
oracle,candidate,joint,shuffle,1.0,1.0,1.0,1.0,1.0,1.0,0.0009804805139615315,0.0009804805139615315,0.0009804805139615315,9.800000000392828e-07,9.800000000392828e-07,9.800000000392828e-07
oracle,candidate,joint,swap,1.0,1.0,1.0,1.0,1.0,1.0,0.0009804805139615315,0.0009804805139615315,0.0009804805139615315,9.800000000392828e-07,9.800000000392828e-07,9.800000000392828e-07
oracle,candidate,matched,intact,1.0,1.0,1.0,1.0,1.0,1.0,0.0009804805139615315,0.0009804805139615315,0.0009804805139615315,9.800000000392828e-07,9.800000000392828e-07,9.800000000392828e-07
oracle,candidate,timbre,intact,1.0,1.0,1.0,1.0,1.0,1.0,0.0009804805139615315,0.0009804805139615315,0.0009804805139615315,9.800000000392828e-07,9.800000000392828e-07,9.800000000392828e-07
oracle,present,duration,intact,0.125,0.0,0.3125,0.0,0.0,0.0,1.8268995643572148,1.7255466322290893,1.978928962549403,0.843734526875001,0.8125157768750009,0.8905626518750008
oracle,present,joint,ambiguous,0.125,0.0,0.3125,0.0,0.0,0.0,1.8268995643572148,1.7255466322290893,1.978928962549403,0.8437345268749996,0.8125157768749997,0.8905626518749996
oracle,present,joint,intact,0.125,0.0,0.3125,0.0,0.0,0.0,1.8268995643572148,1.7255466322290893,1.978928962549403,0.843734526875001,0.8125157768750009,0.8905626518750008
oracle,present,joint,removal,0.125,0.0,0.3125,0.0,0.0,0.0,1.8268995643572148,1.7255466322290893,1.978928962549403,0.843734526875001,0.8125157768750009,0.8905626518750008
oracle,present,joint,reset,0.125,0.0,0.3125,0.0,0.0,0.0,1.8268995643572148,1.7255466322290893,1.978928962549403,0.843734526875001,0.8125157768750009,0.8905626518750008
oracle,present,joint,shuffle,0.125,0.0,0.3125,0.0,0.0,0.0,1.8268995643572148,1.7255466322290893,1.978928962549403,0.843734526875001,0.8125157768750009,0.8905626518750008
oracle,present,joint,swap,0.125,0.0,0.3125,0.0,0.0,0.0,1.8268995643572148,1.7255466322290893,1.978928962549403,0.843734526875001,0.8125157768750009,0.8905626518750008
oracle,present,matched,intact,0.125,0.0,0.3125,0.0,0.0,0.0,1.8268995643572148,1.7255466322290893,1.978928962549403,0.843734526875001,0.8125157768750009,0.8905626518750008
oracle,present,timbre,intact,0.125,0.0,0.3125,0.0,0.0,0.0,1.8268995643572148,1.7255466322290893,1.978928962549403,0.843734526875001,0.8125157768750009,0.8905626518750008
oracle,recency,duration,intact,0.5,0.125,0.875,0.5,0.125,0.875,3.4789982477094417,0.9074304742549205,6.050566021163963,0.9524499999999992,0.23994999999999989,1.6649499999999986
oracle,recency,joint,ambiguous,0.5,0.5,0.5,0.0,0.0,0.0,3.4789982477094417,3.4789982477094417,3.4789982477094417,0.9524499999999994,0.9524499999999994,0.9524499999999994
oracle,recency,joint,intact,0.5,0.125,0.875,0.5,0.125,0.875,3.4789982477094417,0.9074304742549205,6.050566021163963,0.9524499999999992,0.23994999999999989,1.6649499999999986
oracle,recency,joint,removal,0.125,0.0,0.3125,0.0,0.0,0.0,1.8706755115302929,1.7700060990659652,2.0216796302267848,0.8433484375000004,0.8136609375000006,0.8878796875000005
oracle,recency,joint,reset,0.125,0.0,0.3125,0.0,0.0,0.0,1.8706755115302929,1.7700060990659652,2.0216796302267848,0.8433484375000004,0.8136609375000006,0.8878796875000005
oracle,recency,joint,shuffle,0.5,0.125,0.875,0.5,0.125,0.875,3.4789982477094417,0.9074304742549205,6.050566021163963,0.9524499999999991,0.23994999999999983,1.6649499999999984
oracle,recency,joint,swap,0.5,0.125,0.875,0.5,0.125,0.875,3.4789982477094417,0.9074304742549205,6.050566021163963,0.9524499999999992,0.23994999999999989,1.6649499999999986
oracle,recency,matched,intact,0.5,0.125,0.875,0.5,0.125,0.875,3.4789982477094417,0.9074304742549205,6.050566021163963,0.9524499999999992,0.23994999999999989,1.6649499999999986
oracle,recency,timbre,intact,0.5,0.125,0.875,0.5,0.125,0.875,3.4789982477094417,0.9074304742549205,6.050566021163963,0.9524499999999992,0.23994999999999989,1.6649499999999986
oracle,reference,duration,intact,1.0,1.0,1.0,1.0,1.0,1.0,0.0009804805139615315,0.0009804805139615315,0.0009804805139615315,9.800000000392828e-07,9.800000000392828e-07,9.800000000392828e-07
oracle,reference,joint,ambiguous,0.5,0.5,0.5,0.0,0.0,0.0,0.69410764165507,0.6941076416550699,0.69410764165507,0.50000048,0.50000048,0.50000048
oracle,reference,joint,intact,1.0,1.0,1.0,1.0,1.0,1.0,0.0009804805139615315,0.0009804805139615315,0.0009804805139615315,9.800000000392828e-07,9.800000000392828e-07,9.800000000392828e-07
oracle,reference,joint,removal,0.1875,0.0625,0.375,0.0,0.0,0.0,4.945653468342092,2.2115266075952773,8.360277805320282,0.9684690425000007,0.7187190425000007,1.1870002925000005
oracle,reference,joint,reset,0.1875,0.0625,0.375,0.0,0.0,0.0,4.945653468342092,2.2115266075952773,8.360277805320282,0.9684690425000007,0.7187190425000007,1.1870002925000005
oracle,reference,joint,shuffle,1.0,1.0,1.0,1.0,1.0,1.0,0.0009804805139615315,0.0009804805139615315,0.0009804805139615315,9.800000000392828e-07,9.800000000392828e-07,9.800000000392828e-07
oracle,reference,joint,swap,1.0,1.0,1.0,1.0,1.0,1.0,0.0009804805139615315,0.0009804805139615315,0.0009804805139615315,9.800000000392828e-07,9.800000000392828e-07,9.800000000392828e-07
oracle,reference,matched,intact,1.0,1.0,1.0,1.0,1.0,1.0,0.0009804805139615315,0.0009804805139615315,0.0009804805139615315,9.800000000392828e-07,9.800000000392828e-07,9.800000000392828e-07
oracle,reference,timbre,intact,1.0,1.0,1.0,1.0,1.0,1.0,0.0009804805139615315,0.0009804805139615315,0.0009804805139615315,9.800000000392828e-07,9.800000000392828e-07,9.800000000392828e-07
oracle,retrieval_absolute,duration,intact,1.0,1.0,1.0,1.0,1.0,1.0,0.0009804805139615315,0.0009804805139615315,0.0009804805139615315,9.800000000392828e-07,9.800000000392828e-07,9.800000000392828e-07
oracle,retrieval_absolute,joint,ambiguous,0.5,0.5,0.5,0.0,0.0,0.0,0.69410764165507,0.6941076416550699,0.69410764165507,0.50000048,0.50000048,0.50000048
oracle,retrieval_absolute,joint,intact,1.0,1.0,1.0,1.0,1.0,1.0,0.0009804805139615315,0.0009804805139615315,0.0009804805139615315,9.800000000392828e-07,9.800000000392828e-07,9.800000000392828e-07
oracle,retrieval_absolute,joint,removal,0.125,0.0,0.3125,0.0,0.0,0.0,1.8268995643572148,1.7255466322290893,1.978928962549403,0.843734526875001,0.8125157768750009,0.8905626518750008
oracle,retrieval_absolute,joint,reset,0.125,0.0,0.3125,0.0,0.0,0.0,1.8268995643572148,1.7255466322290893,1.978928962549403,0.843734526875001,0.8125157768750009,0.8905626518750008
oracle,retrieval_absolute,joint,shuffle,1.0,1.0,1.0,1.0,1.0,1.0,0.0009804805139615315,0.0009804805139615315,0.0009804805139615315,9.800000000392828e-07,9.800000000392828e-07,9.800000000392828e-07
oracle,retrieval_absolute,joint,swap,1.0,1.0,1.0,1.0,1.0,1.0,0.0009804805139615315,0.0009804805139615315,0.0009804805139615315,9.800000000392828e-07,9.800000000392828e-07,9.800000000392828e-07
oracle,retrieval_absolute,matched,intact,1.0,1.0,1.0,1.0,1.0,1.0,0.0009804805139615315,0.0009804805139615315,0.0009804805139615315,9.800000000392828e-07,9.800000000392828e-07,9.800000000392828e-07
oracle,retrieval_absolute,timbre,intact,1.0,1.0,1.0,1.0,1.0,1.0,0.0009804805139615315,0.0009804805139615315,0.0009804805139615315,9.800000000392828e-07,9.800000000392828e-07,9.800000000392828e-07
oracle,transition,duration,intact,1.0,1.0,1.0,1.0,1.0,1.0,0.0009804805139615315,0.0009804805139615315,0.0009804805139615315,9.800000000392828e-07,9.800000000392828e-07,9.800000000392828e-07
oracle,transition,joint,ambiguous,0.5,0.5,0.5,0.0,0.0,0.0,0.69410764165507,0.6941076416550699,0.69410764165507,0.50000048,0.50000048,0.50000048
oracle,transition,joint,intact,1.0,1.0,1.0,1.0,1.0,1.0,0.0009804805139615315,0.0009804805139615315,0.0009804805139615315,9.800000000392828e-07,9.800000000392828e-07,9.800000000392828e-07
oracle,transition,joint,removal,0.125,0.0,0.3125,0.0,0.0,0.0,1.8268995643572148,1.7255466322290893,1.978928962549403,0.843734526875001,0.8125157768750009,0.8905626518750008
oracle,transition,joint,reset,0.125,0.0,0.3125,0.0,0.0,0.0,1.8268995643572148,1.7255466322290893,1.978928962549403,0.843734526875001,0.8125157768750009,0.8905626518750008
oracle,transition,joint,shuffle,1.0,1.0,1.0,1.0,1.0,1.0,0.0009804805139615315,0.0009804805139615315,0.0009804805139615315,9.800000000392828e-07,9.800000000392828e-07,9.800000000392828e-07
oracle,transition,joint,swap,1.0,1.0,1.0,1.0,1.0,1.0,0.0009804805139615315,0.0009804805139615315,0.0009804805139615315,9.800000000392828e-07,9.800000000392828e-07,9.800000000392828e-07
oracle,transition,matched,intact,1.0,1.0,1.0,1.0,1.0,1.0,0.0009804805139615315,0.0009804805139615315,0.0009804805139615315,9.800000000392828e-07,9.800000000392828e-07,9.800000000392828e-07
oracle,transition,timbre,intact,1.0,1.0,1.0,1.0,1.0,1.0,0.0009804805139615315,0.0009804805139615315,0.0009804805139615315,9.800000000392828e-07,9.800000000392828e-07,9.800000000392828e-07
